record_id,load_nm,fault_turns,fault_phase,is_healthy,block_id,subsystem_count,score,supported,role,p_value,alarm,actionable_alarm,method,fold_index,test_load_nm,threshold
external_dual_three_phase_flt0z_load_0nm,0.0,0,,True,0,2,75141.0240272796,False,health_test,0.04,True,False,unconditioned_residual,0,0.0,62.19419200860341
external_dual_three_phase_flt0z_load_0nm,0.0,0,,True,1,2,344721.4081517349,False,health_test,0.04,True,False,unconditioned_residual,0,0.0,62.19419200860341
external_dual_three_phase_flt0z_load_0nm,0.0,0,,True,2,2,214714.73208934977,False,health_test,0.04,True,False,unconditioned_residual,0,0.0,62.19419200860341
external_dual_three_phase_flt0z_load_0nm,0.0,0,,True,3,2,365793.11183330865,False,health_test,0.04,True,False,unconditioned_residual,0,0.0,62.19419200860341
external_dual_three_phase_flt0z_load_0nm,0.0,0,,True,4,2,79110.42485568802,False,health_test,0.04,True,False,unconditioned_residual,0,0.0,62.19419200860341
external_dual_three_phase_flt0z_load_0nm,0.0,0,,True,5,2,385956.9598761144,False,health_test,0.04,True,False,unconditioned_residual,0,0.0,62.19419200860341
external_dual_three_phase_flt0z_load_0nm,0.0,0,,True,6,2,323379.60454833944,False,health_test,0.04,True,False,unconditioned_residual,0,0.0,62.19419200860341
external_dual_three_phase_flt0z_load_0nm,0.0,0,,True,7,2,49500.6338061284,False,health_test,0.04,True,False,unconditioned_residual,0,0.0,62.19419200860341
external_dual_three_phase_flt0z_load_10nm,10.0,0,,True,0,2,62.19419200860341,True,calibration,,False,False,unconditioned_residual,0,0.0,62.19419200860341
external_dual_three_phase_flt0z_load_10nm,10.0,0,,True,1,2,11.865595686065607,True,calibration,,False,False,unconditioned_residual,0,0.0,62.19419200860341
external_dual_three_phase_flt0z_load_10nm,10.0,0,,True,2,2,8.123227651967296,True,calibration,,False,False,unconditioned_residual,0,0.0,62.19419200860341
external_dual_three_phase_flt0z_load_10nm,10.0,0,,True,3,2,7.185126056495318,True,calibration,,False,False,unconditioned_residual,0,0.0,62.19419200860341
external_dual_three_phase_flt0z_load_10nm,10.0,0,,True,4,2,7.973132372532753,True,calibration,,False,False,unconditioned_residual,0,0.0,62.19419200860341
external_dual_three_phase_flt0z_load_10nm,10.0,0,,True,5,2,6.258726155608333,True,calibration,,False,False,unconditioned_residual,0,0.0,62.19419200860341
external_dual_three_phase_flt0z_load_10nm,10.0,0,,True,6,2,8.099057407760682,True,calibration,,False,False,unconditioned_residual,0,0.0,62.19419200860341
external_dual_three_phase_flt0z_load_10nm,10.0,0,,True,7,2,17.41526480467271,True,calibration,,False,False,unconditioned_residual,0,0.0,62.19419200860341
external_dual_three_phase_flt0z_load_20nm,20.0,0,,True,0,2,50.524803649339276,True,calibration,,False,False,unconditioned_residual,0,0.0,62.19419200860341
external_dual_three_phase_flt0z_load_20nm,20.0,0,,True,1,2,10.706811843956741,True,calibration,,False,False,unconditioned_residual,0,0.0,62.19419200860341
external_dual_three_phase_flt0z_load_20nm,20.0,0,,True,2,2,4.386536180372125,True,calibration,,False,False,unconditioned_residual,0,0.0,62.19419200860341
external_dual_three_phase_flt0z_load_20nm,20.0,0,,True,3,2,2.9171414385407424,True,calibration,,False,False,unconditioned_residual,0,0.0,62.19419200860341
external_dual_three_phase_flt0z_load_20nm,20.0,0,,True,4,2,2.509359297302111,True,calibration,,False,False,unconditioned_residual,0,0.0,62.19419200860341
external_dual_three_phase_flt0z_load_20nm,20.0,0,,True,5,2,3.172520909732978,True,calibration,,False,False,unconditioned_residual,0,0.0,62.19419200860341
external_dual_three_phase_flt0z_load_20nm,20.0,0,,True,6,2,7.514231110321027,True,calibration,,False,False,unconditioned_residual,0,0.0,62.19419200860341
external_dual_three_phase_flt0z_load_20nm,20.0,0,,True,7,2,17.509620356668098,True,calibration,,False,False,unconditioned_residual,0,0.0,62.19419200860341
external_dual_three_phase_flt0z_load_30nm,30.0,0,,True,0,2,60.71212080404037,True,calibration,,False,False,unconditioned_residual,0,0.0,62.19419200860341
external_dual_three_phase_flt0z_load_30nm,30.0,0,,True,1,2,10.490304794700748,True,calibration,,False,False,unconditioned_residual,0,0.0,62.19419200860341
external_dual_three_phase_flt0z_load_30nm,30.0,0,,True,2,2,2.9043537775483905,True,calibration,,False,False,unconditioned_residual,0,0.0,62.19419200860341
external_dual_three_phase_flt0z_load_30nm,30.0,0,,True,3,2,2.1378282910658895,True,calibration,,False,False,unconditioned_residual,0,0.0,62.19419200860341
external_dual_three_phase_flt0z_load_30nm,30.0,0,,True,4,2,2.2792348526388007,True,calibration,,False,False,unconditioned_residual,0,0.0,62.19419200860341
external_dual_three_phase_flt0z_load_30nm,30.0,0,,True,5,2,3.6168922405654995,True,calibration,,False,False,unconditioned_residual,0,0.0,62.19419200860341
external_dual_three_phase_flt0z_load_30nm,30.0,0,,True,6,2,7.599515299533816,True,calibration,,False,False,unconditioned_residual,0,0.0,62.19419200860341
external_dual_three_phase_flt0z_load_30nm,30.0,0,,True,7,2,16.285951971134594,True,calibration,,False,False,unconditioned_residual,0,0.0,62.19419200860341
external_dual_three_phase_flt1zu_load_0nm,0.0,1,u,False,0,2,1404.6688011893566,False,fault_test,0.04,True,False,unconditioned_residual,0,0.0,62.19419200860341
external_dual_three_phase_flt1zu_load_0nm,0.0,1,u,False,1,2,870.2238309657054,False,fault_test,0.04,True,False,unconditioned_residual,0,0.0,62.19419200860341
external_dual_three_phase_flt1zu_load_0nm,0.0,1,u,False,2,2,1990.8436992599234,False,fault_test,0.04,True,False,unconditioned_residual,0,0.0,62.19419200860341
external_dual_three_phase_flt1zu_load_0nm,0.0,1,u,False,3,2,987.4776997542551,False,fault_test,0.04,True,False,unconditioned_residual,0,0.0,62.19419200860341
external_dual_three_phase_flt1zu_load_0nm,0.0,1,u,False,4,2,1927.3432356294068,False,fault_test,0.04,True,False,unconditioned_residual,0,0.0,62.19419200860341
external_dual_three_phase_flt1zu_load_0nm,0.0,1,u,False,5,2,2205.5135665424577,False,fault_test,0.04,True,False,unconditioned_residual,0,0.0,62.19419200860341
external_dual_three_phase_flt1zu_load_0nm,0.0,1,u,False,6,2,2738.1466144081714,False,fault_test,0.04,True,False,unconditioned_residual,0,0.0,62.19419200860341
external_dual_three_phase_flt1zu_load_0nm,0.0,1,u,False,7,2,3862.4336950560337,False,fault_test,0.04,True,False,unconditioned_residual,0,0.0,62.19419200860341
external_dual_three_phase_flt2zv_load_0nm,0.0,2,v,False,0,2,2512.1135355673678,False,fault_test,0.04,True,False,unconditioned_residual,0,0.0,62.19419200860341
external_dual_three_phase_flt2zv_load_0nm,0.0,2,v,False,1,2,1118.0777957262212,False,fault_test,0.04,True,False,unconditioned_residual,0,0.0,62.19419200860341
external_dual_three_phase_flt2zv_load_0nm,0.0,2,v,False,2,2,2582.618531263437,False,fault_test,0.04,True,False,unconditioned_residual,0,0.0,62.19419200860341
external_dual_three_phase_flt2zv_load_0nm,0.0,2,v,False,3,2,6666.334418057499,False,fault_test,0.04,True,False,unconditioned_residual,0,0.0,62.19419200860341
external_dual_three_phase_flt2zv_load_0nm,0.0,2,v,False,4,2,13672.713834155857,False,fault_test,0.04,True,False,unconditioned_residual,0,0.0,62.19419200860341
external_dual_three_phase_flt2zv_load_0nm,0.0,2,v,False,5,2,21568.56450922791,False,fault_test,0.04,True,False,unconditioned_residual,0,0.0,62.19419200860341
external_dual_three_phase_flt2zv_load_0nm,0.0,2,v,False,6,2,30836.711677346982,False,fault_test,0.04,True,False,unconditioned_residual,0,0.0,62.19419200860341
external_dual_three_phase_flt2zv_load_0nm,0.0,2,v,False,7,2,28436.689471627855,False,fault_test,0.04,True,False,unconditioned_residual,0,0.0,62.19419200860341
external_dual_three_phase_flt3zu_load_0nm,0.0,3,u,False,0,2,464.74055087309443,False,fault_test,0.04,True,False,unconditioned_residual,0,0.0,62.19419200860341
external_dual_three_phase_flt3zu_load_0nm,0.0,3,u,False,1,2,1057.2686450351862,False,fault_test,0.04,True,False,unconditioned_residual,0,0.0,62.19419200860341
external_dual_three_phase_flt3zu_load_0nm,0.0,3,u,False,2,2,2852.1839768809477,False,fault_test,0.04,True,False,unconditioned_residual,0,0.0,62.19419200860341
external_dual_three_phase_flt3zu_load_0nm,0.0,3,u,False,3,2,5963.90358977729,False,fault_test,0.04,True,False,unconditioned_residual,0,0.0,62.19419200860341
external_dual_three_phase_flt3zu_load_0nm,0.0,3,u,False,4,2,10185.480157349673,False,fault_test,0.04,True,False,unconditioned_residual,0,0.0,62.19419200860341
external_dual_three_phase_flt3zu_load_0nm,0.0,3,u,False,5,2,14079.505321869998,False,fault_test,0.04,True,False,unconditioned_residual,0,0.0,62.19419200860341
external_dual_three_phase_flt3zu_load_0nm,0.0,3,u,False,6,2,19923.65257321649,False,fault_test,0.04,True,False,unconditioned_residual,0,0.0,62.19419200860341
external_dual_three_phase_flt3zu_load_0nm,0.0,3,u,False,7,2,17579.23922501155,False,fault_test,0.04,True,False,unconditioned_residual,0,0.0,62.19419200860341
external_dual_three_phase_flt4zv_load_0nm,0.0,4,v,False,0,2,576.7784417430126,False,fault_test,0.04,True,False,unconditioned_residual,0,0.0,62.19419200860341
external_dual_three_phase_flt4zv_load_0nm,0.0,4,v,False,1,2,1637.81041556736,False,fault_test,0.04,True,False,unconditioned_residual,0,0.0,62.19419200860341
external_dual_three_phase_flt4zv_load_0nm,0.0,4,v,False,2,2,5577.558464796824,False,fault_test,0.04,True,False,unconditioned_residual,0,0.0,62.19419200860341
external_dual_three_phase_flt4zv_load_0nm,0.0,4,v,False,3,2,13523.752947543953,False,fault_test,0.04,True,False,unconditioned_residual,0,0.0,62.19419200860341
external_dual_three_phase_flt4zv_load_0nm,0.0,4,v,False,4,2,20588.136399112187,False,fault_test,0.04,True,False,unconditioned_residual,0,0.0,62.19419200860341
external_dual_three_phase_flt4zv_load_0nm,0.0,4,v,False,5,2,26263.33673085358,False,fault_test,0.04,True,False,unconditioned_residual,0,0.0,62.19419200860341
external_dual_three_phase_flt4zv_load_0nm,0.0,4,v,False,6,2,25431.269531167716,False,fault_test,0.04,True,False,unconditioned_residual,0,0.0,62.19419200860341
external_dual_three_phase_flt4zv_load_0nm,0.0,4,v,False,7,2,21402.12264532201,False,fault_test,0.04,True,False,unconditioned_residual,0,0.0,62.19419200860341
external_dual_three_phase_flt5zu_load_0nm,0.0,5,u,False,0,2,331.48707420284506,False,fault_test,0.04,True,False,unconditioned_residual,0,0.0,62.19419200860341
external_dual_three_phase_flt5zu_load_0nm,0.0,5,u,False,1,2,783.966429155626,False,fault_test,0.04,True,False,unconditioned_residual,0,0.0,62.19419200860341
external_dual_three_phase_flt5zu_load_0nm,0.0,5,u,False,2,2,2217.0767779801376,False,fault_test,0.04,True,False,unconditioned_residual,0,0.0,62.19419200860341
external_dual_three_phase_flt5zu_load_0nm,0.0,5,u,False,3,2,5692.2254516081675,False,fault_test,0.04,True,False,unconditioned_residual,0,0.0,62.19419200860341
external_dual_three_phase_flt5zu_load_0nm,0.0,5,u,False,4,2,11195.426714168316,False,fault_test,0.04,True,False,unconditioned_residual,0,0.0,62.19419200860341
external_dual_three_phase_flt5zu_load_0nm,0.0,5,u,False,5,2,19432.10812542302,False,fault_test,0.04,True,False,unconditioned_residual,0,0.0,62.19419200860341
external_dual_three_phase_flt5zu_load_0nm,0.0,5,u,False,6,2,27274.983847679276,False,fault_test,0.04,True,False,unconditioned_residual,0,0.0,62.19419200860341
external_dual_three_phase_flt5zu_load_0nm,0.0,5,u,False,7,2,153999.37332724404,False,fault_test,0.04,True,False,unconditioned_residual,0,0.0,62.19419200860341
external_dual_three_phase_flt6zu_load_0nm,0.0,6,u,False,0,2,282.8300061164414,False,fault_test,0.04,True,False,unconditioned_residual,0,0.0,62.19419200860341
external_dual_three_phase_flt6zu_load_0nm,0.0,6,u,False,1,2,811.7528050166563,False,fault_test,0.04,True,False,unconditioned_residual,0,0.0,62.19419200860341
external_dual_three_phase_flt6zu_load_0nm,0.0,6,u,False,2,2,2441.44688210575,False,fault_test,0.04,True,False,unconditioned_residual,0,0.0,62.19419200860341
external_dual_three_phase_flt6zu_load_0nm,0.0,6,u,False,3,2,7028.307058715325,False,fault_test,0.04,True,False,unconditioned_residual,0,0.0,62.19419200860341
external_dual_three_phase_flt6zu_load_0nm,0.0,6,u,False,4,2,13233.540792078093,False,fault_test,0.04,True,False,unconditioned_residual,0,0.0,62.19419200860341
external_dual_three_phase_flt6zu_load_0nm,0.0,6,u,False,5,2,21432.843644707693,False,fault_test,0.04,True,False,unconditioned_residual,0,0.0,62.19419200860341
external_dual_three_phase_flt6zu_load_0nm,0.0,6,u,False,6,2,21145.434390470964,False,fault_test,0.04,True,False,unconditioned_residual,0,0.0,62.19419200860341
external_dual_three_phase_flt6zu_load_0nm,0.0,6,u,False,7,2,85664.64226524819,False,fault_test,0.04,True,False,unconditioned_residual,0,0.0,62.19419200860341
external_dual_three_phase_flt0z_load_0nm,0.0,0,,True,0,2,103772.92023364826,False,health_test,0.04,True,False,linear_residual,0,0.0,87.79842608132846
external_dual_three_phase_flt0z_load_0nm,0.0,0,,True,1,2,465907.5588509867,False,health_test,0.04,True,False,linear_residual,0,0.0,87.79842608132846
external_dual_three_phase_flt0z_load_0nm,0.0,0,,True,2,2,291732.64072255197,False,health_test,0.04,True,False,linear_residual,0,0.0,87.79842608132846
external_dual_three_phase_flt0z_load_0nm,0.0,0,,True,3,2,345641.5062780373,False,health_test,0.04,True,False,linear_residual,0,0.0,87.79842608132846
external_dual_three_phase_flt0z_load_0nm,0.0,0,,True,4,2,130818.76584942765,False,health_test,0.04,True,False,linear_residual,0,0.0,87.79842608132846
external_dual_three_phase_flt0z_load_0nm,0.0,0,,True,5,2,839433.8085317796,False,health_test,0.04,True,False,linear_residual,0,0.0,87.79842608132846
external_dual_three_phase_flt0z_load_0nm,0.0,0,,True,6,2,580112.084271211,False,health_test,0.04,True,False,linear_residual,0,0.0,87.79842608132846
external_dual_three_phase_flt0z_load_0nm,0.0,0,,True,7,2,145071.6345189287,False,health_test,0.04,True,False,linear_residual,0,0.0,87.79842608132846
external_dual_three_phase_flt0z_load_10nm,10.0,0,,True,0,2,85.82594629093848,True,calibration,,False,False,linear_residual,0,0.0,87.79842608132846
external_dual_three_phase_flt0z_load_10nm,10.0,0,,True,1,2,29.129819495823096,True,calibration,,False,False,linear_residual,0,0.0,87.79842608132846
external_dual_three_phase_flt0z_load_10nm,10.0,0,,True,2,2,22.753210052538705,True,calibration,,False,False,linear_residual,0,0.0,87.79842608132846
external_dual_three_phase_flt0z_load_10nm,10.0,0,,True,3,2,15.758471827501289,True,calibration,,False,False,linear_residual,0,0.0,87.79842608132846
external_dual_three_phase_flt0z_load_10nm,10.0,0,,True,4,2,20.656678190488904,True,calibration,,False,False,linear_residual,0,0.0,87.79842608132846
external_dual_three_phase_flt0z_load_10nm,10.0,0,,True,5,2,15.365717243058295,True,calibration,,False,False,linear_residual,0,0.0,87.79842608132846
external_dual_three_phase_flt0z_load_10nm,10.0,0,,True,6,2,16.43191773630755,True,calibration,,False,False,linear_residual,0,0.0,87.79842608132846
external_dual_three_phase_flt0z_load_10nm,10.0,0,,True,7,2,23.556835160098835,True,calibration,,False,False,linear_residual,0,0.0,87.79842608132846
external_dual_three_phase_flt0z_load_20nm,20.0,0,,True,0,2,64.43179333177487,True,calibration,,False,False,linear_residual,0,0.0,87.79842608132846
external_dual_three_phase_flt0z_load_20nm,20.0,0,,True,1,2,17.15000116817233,True,calibration,,False,False,linear_residual,0,0.0,87.79842608132846
external_dual_three_phase_flt0z_load_20nm,20.0,0,,True,2,2,11.441317172059946,True,calibration,,False,False,linear_residual,0,0.0,87.79842608132846
external_dual_three_phase_flt0z_load_20nm,20.0,0,,True,3,2,9.09059993289542,True,calibration,,False,False,linear_residual,0,0.0,87.79842608132846
external_dual_three_phase_flt0z_load_20nm,20.0,0,,True,4,2,8.343959014552645,True,calibration,,False,False,linear_residual,0,0.0,87.79842608132846
external_dual_three_phase_flt0z_load_20nm,20.0,0,,True,5,2,8.28887865516757,True,calibration,,False,False,linear_residual,0,0.0,87.79842608132846
external_dual_three_phase_flt0z_load_20nm,20.0,0,,True,6,2,14.146014653648356,True,calibration,,False,False,linear_residual,0,0.0,87.79842608132846
external_dual_three_phase_flt0z_load_20nm,20.0,0,,True,7,2,24.965053611659734,True,calibration,,False,False,linear_residual,0,0.0,87.79842608132846
external_dual_three_phase_flt0z_load_30nm,30.0,0,,True,0,2,87.79842608132846,True,calibration,,False,False,linear_residual,0,0.0,87.79842608132846
external_dual_three_phase_flt0z_load_30nm,30.0,0,,True,1,2,19.474606143675,True,calibration,,False,False,linear_residual,0,0.0,87.79842608132846
external_dual_three_phase_flt0z_load_30nm,30.0,0,,True,2,2,6.644619802362808,True,calibration,,False,False,linear_residual,0,0.0,87.79842608132846
external_dual_three_phase_flt0z_load_30nm,30.0,0,,True,3,2,5.383451536502168,True,calibration,,False,False,linear_residual,0,0.0,87.79842608132846
external_dual_three_phase_flt0z_load_30nm,30.0,0,,True,4,2,5.4799414945435245,True,calibration,,False,False,linear_residual,0,0.0,87.79842608132846
external_dual_three_phase_flt0z_load_30nm,30.0,0,,True,5,2,5.928604783755339,True,calibration,,False,False,linear_residual,0,0.0,87.79842608132846
external_dual_three_phase_flt0z_load_30nm,30.0,0,,True,6,2,11.553603472747303,True,calibration,,False,False,linear_residual,0,0.0,87.79842608132846
external_dual_three_phase_flt0z_load_30nm,30.0,0,,True,7,2,23.53977247859082,True,calibration,,False,False,linear_residual,0,0.0,87.79842608132846
external_dual_three_phase_flt1zu_load_0nm,0.0,1,u,False,0,2,2400.0112212417007,False,fault_test,0.04,True,False,linear_residual,0,0.0,87.79842608132846
external_dual_three_phase_flt1zu_load_0nm,0.0,1,u,False,1,2,3196.347390214468,False,fault_test,0.04,True,False,linear_residual,0,0.0,87.79842608132846
external_dual_three_phase_flt1zu_load_0nm,0.0,1,u,False,2,2,3602.067540588453,False,fault_test,0.04,True,False,linear_residual,0,0.0,87.79842608132846
external_dual_three_phase_flt1zu_load_0nm,0.0,1,u,False,3,2,5483.810222107925,False,fault_test,0.04,True,False,linear_residual,0,0.0,87.79842608132846
external_dual_three_phase_flt1zu_load_0nm,0.0,1,u,False,4,2,10021.13128842325,False,fault_test,0.04,True,False,linear_residual,0,0.0,87.79842608132846
external_dual_three_phase_flt1zu_load_0nm,0.0,1,u,False,5,2,19460.26788835994,False,fault_test,0.04,True,False,linear_residual,0,0.0,87.79842608132846
external_dual_three_phase_flt1zu_load_0nm,0.0,1,u,False,6,2,31831.88982835894,False,fault_test,0.04,True,False,linear_residual,0,0.0,87.79842608132846
external_dual_three_phase_flt1zu_load_0nm,0.0,1,u,False,7,2,51275.64573276103,False,fault_test,0.04,True,False,linear_residual,0,0.0,87.79842608132846
external_dual_three_phase_flt2zv_load_0nm,0.0,2,v,False,0,2,7925.204558041867,False,fault_test,0.04,True,False,linear_residual,0,0.0,87.79842608132846
external_dual_three_phase_flt2zv_load_0nm,0.0,2,v,False,1,2,12473.163244499889,False,fault_test,0.04,True,False,linear_residual,0,0.0,87.79842608132846
external_dual_three_phase_flt2zv_load_0nm,0.0,2,v,False,2,2,31428.70768093115,False,fault_test,0.04,True,False,linear_residual,0,0.0,87.79842608132846
external_dual_three_phase_flt2zv_load_0nm,0.0,2,v,False,3,2,74879.3552208466,False,fault_test,0.04,True,False,linear_residual,0,0.0,87.79842608132846
external_dual_three_phase_flt2zv_load_0nm,0.0,2,v,False,4,2,165631.50593860203,False,fault_test,0.04,True,False,linear_residual,0,0.0,87.79842608132846
external_dual_three_phase_flt2zv_load_0nm,0.0,2,v,False,5,2,273757.52967898105,False,fault_test,0.04,True,False,linear_residual,0,0.0,87.79842608132846
external_dual_three_phase_flt2zv_load_0nm,0.0,2,v,False,6,2,472748.05630475754,False,fault_test,0.04,True,False,linear_residual,0,0.0,87.79842608132846
external_dual_three_phase_flt2zv_load_0nm,0.0,2,v,False,7,2,510596.48109030956,False,fault_test,0.04,True,False,linear_residual,0,0.0,87.79842608132846
external_dual_three_phase_flt3zu_load_0nm,0.0,3,u,False,0,2,3399.6662678403695,False,fault_test,0.04,True,False,linear_residual,0,0.0,87.79842608132846
external_dual_three_phase_flt3zu_load_0nm,0.0,3,u,False,1,2,7460.373698497255,False,fault_test,0.04,True,False,linear_residual,0,0.0,87.79842608132846
external_dual_three_phase_flt3zu_load_0nm,0.0,3,u,False,2,2,21540.035773730917,False,fault_test,0.04,True,False,linear_residual,0,0.0,87.79842608132846
external_dual_three_phase_flt3zu_load_0nm,0.0,3,u,False,3,2,46195.14965715818,False,fault_test,0.04,True,False,linear_residual,0,0.0,87.79842608132846
external_dual_three_phase_flt3zu_load_0nm,0.0,3,u,False,4,2,95783.9237782325,False,fault_test,0.04,True,False,linear_residual,0,0.0,87.79842608132846
external_dual_three_phase_flt3zu_load_0nm,0.0,3,u,False,5,2,168591.67682424374,False,fault_test,0.04,True,False,linear_residual,0,0.0,87.79842608132846
external_dual_three_phase_flt3zu_load_0nm,0.0,3,u,False,6,2,364516.320487744,False,fault_test,0.04,True,False,linear_residual,0,0.0,87.79842608132846
external_dual_three_phase_flt3zu_load_0nm,0.0,3,u,False,7,2,378675.9722842001,False,fault_test,0.04,True,False,linear_residual,0,0.0,87.79842608132846
external_dual_three_phase_flt4zv_load_0nm,0.0,4,v,False,0,2,7629.102603796652,False,fault_test,0.04,True,False,linear_residual,0,0.0,87.79842608132846
external_dual_three_phase_flt4zv_load_0nm,0.0,4,v,False,1,2,21095.45020692768,False,fault_test,0.04,True,False,linear_residual,0,0.0,87.79842608132846
external_dual_three_phase_flt4zv_load_0nm,0.0,4,v,False,2,2,65605.30442087693,False,fault_test,0.04,True,False,linear_residual,0,0.0,87.79842608132846
external_dual_three_phase_flt4zv_load_0nm,0.0,4,v,False,3,2,153230.47598585841,False,fault_test,0.04,True,False,linear_residual,0,0.0,87.79842608132846
external_dual_three_phase_flt4zv_load_0nm,0.0,4,v,False,4,2,280385.4698192516,False,fault_test,0.04,True,False,linear_residual,0,0.0,87.79842608132846
external_dual_three_phase_flt4zv_load_0nm,0.0,4,v,False,5,2,444371.2273517629,False,fault_test,0.04,True,False,linear_residual,0,0.0,87.79842608132846
external_dual_three_phase_flt4zv_load_0nm,0.0,4,v,False,6,2,524012.31772744376,False,fault_test,0.04,True,False,linear_residual,0,0.0,87.79842608132846
external_dual_three_phase_flt4zv_load_0nm,0.0,4,v,False,7,2,309866.8822160012,False,fault_test,0.04,True,False,linear_residual,0,0.0,87.79842608132846
external_dual_three_phase_flt5zu_load_0nm,0.0,5,u,False,0,2,2732.0537671174097,False,fault_test,0.04,True,False,linear_residual,0,0.0,87.79842608132846
external_dual_three_phase_flt5zu_load_0nm,0.0,5,u,False,1,2,8382.970147568847,False,fault_test,0.04,True,False,linear_residual,0,0.0,87.79842608132846
external_dual_three_phase_flt5zu_load_0nm,0.0,5,u,False,2,2,26437.06858039484,False,fault_test,0.04,True,False,linear_residual,0,0.0,87.79842608132846
external_dual_three_phase_flt5zu_load_0nm,0.0,5,u,False,3,2,67066.62583980204,False,fault_test,0.04,True,False,linear_residual,0,0.0,87.79842608132846
external_dual_three_phase_flt5zu_load_0nm,0.0,5,u,False,4,2,190994.06576954198,False,fault_test,0.04,True,False,linear_residual,0,0.0,87.79842608132846
external_dual_three_phase_flt5zu_load_0nm,0.0,5,u,False,5,2,430778.9183939316,False,fault_test,0.04,True,False,linear_residual,0,0.0,87.79842608132846
external_dual_three_phase_flt5zu_load_0nm,0.0,5,u,False,6,2,423631.73679827066,False,fault_test,0.04,True,False,linear_residual,0,0.0,87.79842608132846
external_dual_three_phase_flt5zu_load_0nm,0.0,5,u,False,7,2,690474.633982917,False,fault_test,0.04,True,False,linear_residual,0,0.0,87.79842608132846
external_dual_three_phase_flt6zu_load_0nm,0.0,6,u,False,0,2,2562.4273187732624,False,fault_test,0.04,True,False,linear_residual,0,0.0,87.79842608132846
external_dual_three_phase_flt6zu_load_0nm,0.0,6,u,False,1,2,8642.819450684592,False,fault_test,0.04,True,False,linear_residual,0,0.0,87.79842608132846
external_dual_three_phase_flt6zu_load_0nm,0.0,6,u,False,2,2,29004.41600090644,False,fault_test,0.04,True,False,linear_residual,0,0.0,87.79842608132846
external_dual_three_phase_flt6zu_load_0nm,0.0,6,u,False,3,2,88890.87545583477,False,fault_test,0.04,True,False,linear_residual,0,0.0,87.79842608132846
external_dual_three_phase_flt6zu_load_0nm,0.0,6,u,False,4,2,223219.4913939116,False,fault_test,0.04,True,False,linear_residual,0,0.0,87.79842608132846
external_dual_three_phase_flt6zu_load_0nm,0.0,6,u,False,5,2,439402.89704096166,False,fault_test,0.04,True,False,linear_residual,0,0.0,87.79842608132846
external_dual_three_phase_flt6zu_load_0nm,0.0,6,u,False,6,2,429137.18203196215,False,fault_test,0.04,True,False,linear_residual,0,0.0,87.79842608132846
external_dual_three_phase_flt6zu_load_0nm,0.0,6,u,False,7,2,386787.04498289817,False,fault_test,0.04,True,False,linear_residual,0,0.0,87.79842608132846
external_dual_three_phase_flt0z_load_0nm,0.0,0,,True,0,2,403142.97348818055,False,health_test,0.04,True,False,quadratic_residual,0,0.0,97.24115655784871
external_dual_three_phase_flt0z_load_0nm,0.0,0,,True,1,2,1958859.6635618669,False,health_test,0.04,True,False,quadratic_residual,0,0.0,97.24115655784871
external_dual_three_phase_flt0z_load_0nm,0.0,0,,True,2,2,1170066.1998658925,False,health_test,0.04,True,False,quadratic_residual,0,0.0,97.24115655784871
external_dual_three_phase_flt0z_load_0nm,0.0,0,,True,3,2,1316667.3564814704,False,health_test,0.04,True,False,quadratic_residual,0,0.0,97.24115655784871
external_dual_three_phase_flt0z_load_0nm,0.0,0,,True,4,2,386589.60331273975,False,health_test,0.04,True,False,quadratic_residual,0,0.0,97.24115655784871
external_dual_three_phase_flt0z_load_0nm,0.0,0,,True,5,2,2887006.17218114,False,health_test,0.04,True,False,quadratic_residual,0,0.0,97.24115655784871
external_dual_three_phase_flt0z_load_0nm,0.0,0,,True,6,2,1714157.200487862,False,health_test,0.04,True,False,quadratic_residual,0,0.0,97.24115655784871
external_dual_three_phase_flt0z_load_0nm,0.0,0,,True,7,2,272751.59872469516,False,health_test,0.04,True,False,quadratic_residual,0,0.0,97.24115655784871
external_dual_three_phase_flt0z_load_10nm,10.0,0,,True,0,2,97.24115655784871,True,calibration,,False,False,quadratic_residual,0,0.0,97.24115655784871
external_dual_three_phase_flt0z_load_10nm,10.0,0,,True,1,2,37.79947303854167,True,calibration,,False,False,quadratic_residual,0,0.0,97.24115655784871
external_dual_three_phase_flt0z_load_10nm,10.0,0,,True,2,2,25.90434637392565,True,calibration,,False,False,quadratic_residual,0,0.0,97.24115655784871
external_dual_three_phase_flt0z_load_10nm,10.0,0,,True,3,2,25.969993115002794,True,calibration,,False,False,quadratic_residual,0,0.0,97.24115655784871
external_dual_three_phase_flt0z_load_10nm,10.0,0,,True,4,2,29.8977932120712,True,calibration,,False,False,quadratic_residual,0,0.0,97.24115655784871
external_dual_three_phase_flt0z_load_10nm,10.0,0,,True,5,2,20.46020538525041,True,calibration,,False,False,quadratic_residual,0,0.0,97.24115655784871
external_dual_three_phase_flt0z_load_10nm,10.0,0,,True,6,2,26.179970558049817,True,calibration,,False,False,quadratic_residual,0,0.0,97.24115655784871
external_dual_three_phase_flt0z_load_10nm,10.0,0,,True,7,2,24.7155650605539,True,calibration,,False,False,quadratic_residual,0,0.0,97.24115655784871
external_dual_three_phase_flt0z_load_20nm,20.0,0,,True,0,2,62.63512389634247,True,calibration,,False,False,quadratic_residual,0,0.0,97.24115655784871
external_dual_three_phase_flt0z_load_20nm,20.0,0,,True,1,2,21.806679916280075,True,calibration,,False,False,quadratic_residual,0,0.0,97.24115655784871
external_dual_three_phase_flt0z_load_20nm,20.0,0,,True,2,2,14.690742719830512,True,calibration,,False,False,quadratic_residual,0,0.0,97.24115655784871
external_dual_three_phase_flt0z_load_20nm,20.0,0,,True,3,2,12.497841144579557,True,calibration,,False,False,quadratic_residual,0,0.0,97.24115655784871
external_dual_three_phase_flt0z_load_20nm,20.0,0,,True,4,2,10.559654649314016,True,calibration,,False,False,quadratic_residual,0,0.0,97.24115655784871
external_dual_three_phase_flt0z_load_20nm,20.0,0,,True,5,2,12.648479847195741,True,calibration,,False,False,quadratic_residual,0,0.0,97.24115655784871
external_dual_three_phase_flt0z_load_20nm,20.0,0,,True,6,2,16.058127920027033,True,calibration,,False,False,quadratic_residual,0,0.0,97.24115655784871
external_dual_three_phase_flt0z_load_20nm,20.0,0,,True,7,2,22.95567518086679,True,calibration,,False,False,quadratic_residual,0,0.0,97.24115655784871
external_dual_three_phase_flt0z_load_30nm,30.0,0,,True,0,2,93.48228649145447,True,calibration,,False,False,quadratic_residual,0,0.0,97.24115655784871
external_dual_three_phase_flt0z_load_30nm,30.0,0,,True,1,2,20.126561831667097,True,calibration,,False,False,quadratic_residual,0,0.0,97.24115655784871
external_dual_three_phase_flt0z_load_30nm,30.0,0,,True,2,2,8.254923361595258,True,calibration,,False,False,quadratic_residual,0,0.0,97.24115655784871
external_dual_three_phase_flt0z_load_30nm,30.0,0,,True,3,2,5.620991994508482,True,calibration,,False,False,quadratic_residual,0,0.0,97.24115655784871
external_dual_three_phase_flt0z_load_30nm,30.0,0,,True,4,2,6.077892419843111,True,calibration,,False,False,quadratic_residual,0,0.0,97.24115655784871
external_dual_three_phase_flt0z_load_30nm,30.0,0,,True,5,2,8.764594572598385,True,calibration,,False,False,quadratic_residual,0,0.0,97.24115655784871
external_dual_three_phase_flt0z_load_30nm,30.0,0,,True,6,2,14.182586831689633,True,calibration,,False,False,quadratic_residual,0,0.0,97.24115655784871
external_dual_three_phase_flt0z_load_30nm,30.0,0,,True,7,2,21.608487200077263,True,calibration,,False,False,quadratic_residual,0,0.0,97.24115655784871
external_dual_three_phase_flt1zu_load_0nm,0.0,1,u,False,0,2,5657.445419697875,False,fault_test,0.04,True,False,quadratic_residual,0,0.0,97.24115655784871
external_dual_three_phase_flt1zu_load_0nm,0.0,1,u,False,1,2,4546.306275059809,False,fault_test,0.04,True,False,quadratic_residual,0,0.0,97.24115655784871
external_dual_three_phase_flt1zu_load_0nm,0.0,1,u,False,2,2,8147.2254264219355,False,fault_test,0.04,True,False,quadratic_residual,0,0.0,97.24115655784871
external_dual_three_phase_flt1zu_load_0nm,0.0,1,u,False,3,2,6893.8209863934,False,fault_test,0.04,True,False,quadratic_residual,0,0.0,97.24115655784871
external_dual_three_phase_flt1zu_load_0nm,0.0,1,u,False,4,2,12047.458951738989,False,fault_test,0.04,True,False,quadratic_residual,0,0.0,97.24115655784871
external_dual_three_phase_flt1zu_load_0nm,0.0,1,u,False,5,2,22748.01056334253,False,fault_test,0.04,True,False,quadratic_residual,0,0.0,97.24115655784871
external_dual_three_phase_flt1zu_load_0nm,0.0,1,u,False,6,2,36176.18593619081,False,fault_test,0.04,True,False,quadratic_residual,0,0.0,97.24115655784871
external_dual_three_phase_flt1zu_load_0nm,0.0,1,u,False,7,2,58893.25574685342,False,fault_test,0.04,True,False,quadratic_residual,0,0.0,97.24115655784871
external_dual_three_phase_flt2zv_load_0nm,0.0,2,v,False,0,2,11767.283826806952,False,fault_test,0.04,True,False,quadratic_residual,0,0.0,97.24115655784871
external_dual_three_phase_flt2zv_load_0nm,0.0,2,v,False,1,2,16163.066688246992,False,fault_test,0.04,True,False,quadratic_residual,0,0.0,97.24115655784871
external_dual_three_phase_flt2zv_load_0nm,0.0,2,v,False,2,2,39386.97332499001,False,fault_test,0.04,True,False,quadratic_residual,0,0.0,97.24115655784871
external_dual_three_phase_flt2zv_load_0nm,0.0,2,v,False,3,2,92596.8355211757,False,fault_test,0.04,True,False,quadratic_residual,0,0.0,97.24115655784871
external_dual_three_phase_flt2zv_load_0nm,0.0,2,v,False,4,2,200848.13135730888,False,fault_test,0.04,True,False,quadratic_residual,0,0.0,97.24115655784871
external_dual_three_phase_flt2zv_load_0nm,0.0,2,v,False,5,2,331163.1161121354,False,fault_test,0.04,True,False,quadratic_residual,0,0.0,97.24115655784871
external_dual_three_phase_flt2zv_load_0nm,0.0,2,v,False,6,2,569008.9173980709,False,fault_test,0.04,True,False,quadratic_residual,0,0.0,97.24115655784871
external_dual_three_phase_flt2zv_load_0nm,0.0,2,v,False,7,2,599279.2011630984,False,fault_test,0.04,True,False,quadratic_residual,0,0.0,97.24115655784871
external_dual_three_phase_flt3zu_load_0nm,0.0,3,u,False,0,2,4396.894360843506,False,fault_test,0.04,True,False,quadratic_residual,0,0.0,97.24115655784871
external_dual_three_phase_flt3zu_load_0nm,0.0,3,u,False,1,2,8485.032846898783,False,fault_test,0.04,True,False,quadratic_residual,0,0.0,97.24115655784871
external_dual_three_phase_flt3zu_load_0nm,0.0,3,u,False,2,2,24928.5899168048,False,fault_test,0.04,True,False,quadratic_residual,0,0.0,97.24115655784871
external_dual_three_phase_flt3zu_load_0nm,0.0,3,u,False,3,2,53908.96151790102,False,fault_test,0.04,True,False,quadratic_residual,0,0.0,97.24115655784871
external_dual_three_phase_flt3zu_load_0nm,0.0,3,u,False,4,2,110079.88800917682,False,fault_test,0.04,True,False,quadratic_residual,0,0.0,97.24115655784871
external_dual_three_phase_flt3zu_load_0nm,0.0,3,u,False,5,2,192261.01783396682,False,fault_test,0.04,True,False,quadratic_residual,0,0.0,97.24115655784871
external_dual_three_phase_flt3zu_load_0nm,0.0,3,u,False,6,2,417490.2705200021,False,fault_test,0.04,True,False,quadratic_residual,0,0.0,97.24115655784871
external_dual_three_phase_flt3zu_load_0nm,0.0,3,u,False,7,2,429545.9356412172,False,fault_test,0.04,True,False,quadratic_residual,0,0.0,97.24115655784871
external_dual_three_phase_flt4zv_load_0nm,0.0,4,v,False,0,2,9630.958693815983,False,fault_test,0.04,True,False,quadratic_residual,0,0.0,97.24115655784871
external_dual_three_phase_flt4zv_load_0nm,0.0,4,v,False,1,2,25993.013514340448,False,fault_test,0.04,True,False,quadratic_residual,0,0.0,97.24115655784871
external_dual_three_phase_flt4zv_load_0nm,0.0,4,v,False,2,2,80615.10249769126,False,fault_test,0.04,True,False,quadratic_residual,0,0.0,97.24115655784871
external_dual_three_phase_flt4zv_load_0nm,0.0,4,v,False,3,2,186307.63131196777,False,fault_test,0.04,True,False,quadratic_residual,0,0.0,97.24115655784871
external_dual_three_phase_flt4zv_load_0nm,0.0,4,v,False,4,2,335636.5587029518,False,fault_test,0.04,True,False,quadratic_residual,0,0.0,97.24115655784871
external_dual_three_phase_flt4zv_load_0nm,0.0,4,v,False,5,2,537715.0932501031,False,fault_test,0.04,True,False,quadratic_residual,0,0.0,97.24115655784871
external_dual_three_phase_flt4zv_load_0nm,0.0,4,v,False,6,2,621290.2170104177,False,fault_test,0.04,True,False,quadratic_residual,0,0.0,97.24115655784871
external_dual_three_phase_flt4zv_load_0nm,0.0,4,v,False,7,2,372647.6027313505,False,fault_test,0.04,True,False,quadratic_residual,0,0.0,97.24115655784871
external_dual_three_phase_flt5zu_load_0nm,0.0,5,u,False,0,2,3531.033779952641,False,fault_test,0.04,True,False,quadratic_residual,0,0.0,97.24115655784871
external_dual_three_phase_flt5zu_load_0nm,0.0,5,u,False,1,2,10796.966757143215,False,fault_test,0.04,True,False,quadratic_residual,0,0.0,97.24115655784871
external_dual_three_phase_flt5zu_load_0nm,0.0,5,u,False,2,2,32477.6073752517,False,fault_test,0.04,True,False,quadratic_residual,0,0.0,97.24115655784871
external_dual_three_phase_flt5zu_load_0nm,0.0,5,u,False,3,2,83049.15278738938,False,fault_test,0.04,True,False,quadratic_residual,0,0.0,97.24115655784871
external_dual_three_phase_flt5zu_load_0nm,0.0,5,u,False,4,2,225217.5913302864,False,fault_test,0.04,True,False,quadratic_residual,0,0.0,97.24115655784871
external_dual_three_phase_flt5zu_load_0nm,0.0,5,u,False,5,2,499444.1851734526,False,fault_test,0.04,True,False,quadratic_residual,0,0.0,97.24115655784871
external_dual_three_phase_flt5zu_load_0nm,0.0,5,u,False,6,2,488393.2179475157,False,fault_test,0.04,True,False,quadratic_residual,0,0.0,97.24115655784871
external_dual_three_phase_flt5zu_load_0nm,0.0,5,u,False,7,2,1792594.7208113326,False,fault_test,0.04,True,False,quadratic_residual,0,0.0,97.24115655784871
external_dual_three_phase_flt6zu_load_0nm,0.0,6,u,False,0,2,4159.5951183919315,False,fault_test,0.04,True,False,quadratic_residual,0,0.0,97.24115655784871
external_dual_three_phase_flt6zu_load_0nm,0.0,6,u,False,1,2,10620.040135277668,False,fault_test,0.04,True,False,quadratic_residual,0,0.0,97.24115655784871
external_dual_three_phase_flt6zu_load_0nm,0.0,6,u,False,2,2,35786.425526060884,False,fault_test,0.04,True,False,quadratic_residual,0,0.0,97.24115655784871
external_dual_three_phase_flt6zu_load_0nm,0.0,6,u,False,3,2,109540.98221539601,False,fault_test,0.04,True,False,quadratic_residual,0,0.0,97.24115655784871
external_dual_three_phase_flt6zu_load_0nm,0.0,6,u,False,4,2,262682.8391033935,False,fault_test,0.04,True,False,quadratic_residual,0,0.0,97.24115655784871
external_dual_three_phase_flt6zu_load_0nm,0.0,6,u,False,5,2,508951.96311839705,False,fault_test,0.04,True,False,quadratic_residual,0,0.0,97.24115655784871
external_dual_three_phase_flt6zu_load_0nm,0.0,6,u,False,6,2,498194.2423394649,False,fault_test,0.04,True,False,quadratic_residual,0,0.0,97.24115655784871
external_dual_three_phase_flt6zu_load_0nm,0.0,6,u,False,7,2,909010.4859968468,False,fault_test,0.04,True,False,quadratic_residual,0,0.0,97.24115655784871
external_dual_three_phase_flt0z_load_0nm,0.0,0,,True,0,2,116361.0965422232,False,health_test,0.04,True,False,spline_residual,0,0.0,81.93384996565277
external_dual_three_phase_flt0z_load_0nm,0.0,0,,True,1,2,519731.2496017918,False,health_test,0.04,True,False,spline_residual,0,0.0,81.93384996565277
external_dual_three_phase_flt0z_load_0nm,0.0,0,,True,2,2,324306.69681614183,False,health_test,0.04,True,False,spline_residual,0,0.0,81.93384996565277
external_dual_three_phase_flt0z_load_0nm,0.0,0,,True,3,2,364321.56407287525,False,health_test,0.04,True,False,spline_residual,0,0.0,81.93384996565277
external_dual_three_phase_flt0z_load_0nm,0.0,0,,True,4,2,131881.9086081818,False,health_test,0.04,True,False,spline_residual,0,0.0,81.93384996565277
external_dual_three_phase_flt0z_load_0nm,0.0,0,,True,5,2,703402.176738749,False,health_test,0.04,True,False,spline_residual,0,0.0,81.93384996565277
external_dual_three_phase_flt0z_load_0nm,0.0,0,,True,6,2,603604.222773402,False,health_test,0.04,True,False,spline_residual,0,0.0,81.93384996565277
external_dual_three_phase_flt0z_load_0nm,0.0,0,,True,7,2,136727.08762279426,False,health_test,0.04,True,False,spline_residual,0,0.0,81.93384996565277
external_dual_three_phase_flt0z_load_10nm,10.0,0,,True,0,2,78.4419309793274,True,calibration,,False,False,spline_residual,0,0.0,81.93384996565277
external_dual_three_phase_flt0z_load_10nm,10.0,0,,True,1,2,25.466060292340735,True,calibration,,False,False,spline_residual,0,0.0,81.93384996565277
external_dual_three_phase_flt0z_load_10nm,10.0,0,,True,2,2,17.2900151298306,True,calibration,,False,False,spline_residual,0,0.0,81.93384996565277
external_dual_three_phase_flt0z_load_10nm,10.0,0,,True,3,2,11.682178823911778,True,calibration,,False,False,spline_residual,0,0.0,81.93384996565277
external_dual_three_phase_flt0z_load_10nm,10.0,0,,True,4,2,18.12064152987862,True,calibration,,False,False,spline_residual,0,0.0,81.93384996565277
external_dual_three_phase_flt0z_load_10nm,10.0,0,,True,5,2,11.810792072792122,True,calibration,,False,False,spline_residual,0,0.0,81.93384996565277
external_dual_three_phase_flt0z_load_10nm,10.0,0,,True,6,2,15.440396243160652,True,calibration,,False,False,spline_residual,0,0.0,81.93384996565277
external_dual_three_phase_flt0z_load_10nm,10.0,0,,True,7,2,24.278529157417964,True,calibration,,False,False,spline_residual,0,0.0,81.93384996565277
external_dual_three_phase_flt0z_load_20nm,20.0,0,,True,0,2,57.890746129807674,True,calibration,,False,False,spline_residual,0,0.0,81.93384996565277
external_dual_three_phase_flt0z_load_20nm,20.0,0,,True,1,2,17.263432486038553,True,calibration,,False,False,spline_residual,0,0.0,81.93384996565277
external_dual_three_phase_flt0z_load_20nm,20.0,0,,True,2,2,8.776117131486574,True,calibration,,False,False,spline_residual,0,0.0,81.93384996565277
external_dual_three_phase_flt0z_load_20nm,20.0,0,,True,3,2,6.929703546458608,True,calibration,,False,False,spline_residual,0,0.0,81.93384996565277
external_dual_three_phase_flt0z_load_20nm,20.0,0,,True,4,2,5.470561417918165,True,calibration,,False,False,spline_residual,0,0.0,81.93384996565277
external_dual_three_phase_flt0z_load_20nm,20.0,0,,True,5,2,5.5395721243978695,True,calibration,,False,False,spline_residual,0,0.0,81.93384996565277
external_dual_three_phase_flt0z_load_20nm,20.0,0,,True,6,2,13.683779920949569,True,calibration,,False,False,spline_residual,0,0.0,81.93384996565277
external_dual_three_phase_flt0z_load_20nm,20.0,0,,True,7,2,23.44197196824024,True,calibration,,False,False,spline_residual,0,0.0,81.93384996565277
external_dual_three_phase_flt0z_load_30nm,30.0,0,,True,0,2,81.93384996565277,True,calibration,,False,False,spline_residual,0,0.0,81.93384996565277
external_dual_three_phase_flt0z_load_30nm,30.0,0,,True,1,2,19.0610102413476,True,calibration,,False,False,spline_residual,0,0.0,81.93384996565277
external_dual_three_phase_flt0z_load_30nm,30.0,0,,True,2,2,6.517429072297731,True,calibration,,False,False,spline_residual,0,0.0,81.93384996565277
external_dual_three_phase_flt0z_load_30nm,30.0,0,,True,3,2,4.318093804268096,True,calibration,,False,False,spline_residual,0,0.0,81.93384996565277
external_dual_three_phase_flt0z_load_30nm,30.0,0,,True,4,2,4.477354733032461,True,calibration,,False,False,spline_residual,0,0.0,81.93384996565277
external_dual_three_phase_flt0z_load_30nm,30.0,0,,True,5,2,6.346328883495887,True,calibration,,False,False,spline_residual,0,0.0,81.93384996565277
external_dual_three_phase_flt0z_load_30nm,30.0,0,,True,6,2,11.27793980297624,True,calibration,,False,False,spline_residual,0,0.0,81.93384996565277
external_dual_three_phase_flt0z_load_30nm,30.0,0,,True,7,2,22.5195518181502,True,calibration,,False,False,spline_residual,0,0.0,81.93384996565277
external_dual_three_phase_flt1zu_load_0nm,0.0,1,u,False,0,2,2106.7823035843967,False,fault_test,0.04,True,False,spline_residual,0,0.0,81.93384996565277
external_dual_three_phase_flt1zu_load_0nm,0.0,1,u,False,1,2,2448.279988324238,False,fault_test,0.04,True,False,spline_residual,0,0.0,81.93384996565277
external_dual_three_phase_flt1zu_load_0nm,0.0,1,u,False,2,2,2708.5588365253334,False,fault_test,0.04,True,False,spline_residual,0,0.0,81.93384996565277
external_dual_three_phase_flt1zu_load_0nm,0.0,1,u,False,3,2,3863.639784402072,False,fault_test,0.04,True,False,spline_residual,0,0.0,81.93384996565277
external_dual_three_phase_flt1zu_load_0nm,0.0,1,u,False,4,2,6636.0434456454295,False,fault_test,0.04,True,False,spline_residual,0,0.0,81.93384996565277
external_dual_three_phase_flt1zu_load_0nm,0.0,1,u,False,5,2,12425.400624643316,False,fault_test,0.04,True,False,spline_residual,0,0.0,81.93384996565277
external_dual_three_phase_flt1zu_load_0nm,0.0,1,u,False,6,2,19751.88781174781,False,fault_test,0.04,True,False,spline_residual,0,0.0,81.93384996565277
external_dual_three_phase_flt1zu_load_0nm,0.0,1,u,False,7,2,31933.031244941652,False,fault_test,0.04,True,False,spline_residual,0,0.0,81.93384996565277
external_dual_three_phase_flt2zv_load_0nm,0.0,2,v,False,0,2,4948.916730241623,False,fault_test,0.04,True,False,spline_residual,0,0.0,81.93384996565277
external_dual_three_phase_flt2zv_load_0nm,0.0,2,v,False,1,2,8590.20147767159,False,fault_test,0.04,True,False,spline_residual,0,0.0,81.93384996565277
external_dual_three_phase_flt2zv_load_0nm,0.0,2,v,False,2,2,23087.056957355468,False,fault_test,0.04,True,False,spline_residual,0,0.0,81.93384996565277
external_dual_three_phase_flt2zv_load_0nm,0.0,2,v,False,3,2,57874.130855928786,False,fault_test,0.04,True,False,spline_residual,0,0.0,81.93384996565277
external_dual_three_phase_flt2zv_load_0nm,0.0,2,v,False,4,2,128773.04462949616,False,fault_test,0.04,True,False,spline_residual,0,0.0,81.93384996565277
external_dual_three_phase_flt2zv_load_0nm,0.0,2,v,False,5,2,210704.08388840937,False,fault_test,0.04,True,False,spline_residual,0,0.0,81.93384996565277
external_dual_three_phase_flt2zv_load_0nm,0.0,2,v,False,6,2,344958.3628539931,False,fault_test,0.04,True,False,spline_residual,0,0.0,81.93384996565277
external_dual_three_phase_flt2zv_load_0nm,0.0,2,v,False,7,2,360199.450745097,False,fault_test,0.04,True,False,spline_residual,0,0.0,81.93384996565277
external_dual_three_phase_flt3zu_load_0nm,0.0,3,u,False,0,2,2474.9518063929463,False,fault_test,0.04,True,False,spline_residual,0,0.0,81.93384996565277
external_dual_three_phase_flt3zu_load_0nm,0.0,3,u,False,1,2,5271.086265001021,False,fault_test,0.04,True,False,spline_residual,0,0.0,81.93384996565277
external_dual_three_phase_flt3zu_load_0nm,0.0,3,u,False,2,2,14413.766838578906,False,fault_test,0.04,True,False,spline_residual,0,0.0,81.93384996565277
external_dual_three_phase_flt3zu_load_0nm,0.0,3,u,False,3,2,30283.53938995154,False,fault_test,0.04,True,False,spline_residual,0,0.0,81.93384996565277
external_dual_three_phase_flt3zu_load_0nm,0.0,3,u,False,4,2,60771.032500513815,False,fault_test,0.04,True,False,spline_residual,0,0.0,81.93384996565277
external_dual_three_phase_flt3zu_load_0nm,0.0,3,u,False,5,2,103845.825785431,False,fault_test,0.04,True,False,spline_residual,0,0.0,81.93384996565277
external_dual_three_phase_flt3zu_load_0nm,0.0,3,u,False,6,2,214213.97435526265,False,fault_test,0.04,True,False,spline_residual,0,0.0,81.93384996565277
external_dual_three_phase_flt3zu_load_0nm,0.0,3,u,False,7,2,220432.4738831258,False,fault_test,0.04,True,False,spline_residual,0,0.0,81.93384996565277
external_dual_three_phase_flt4zv_load_0nm,0.0,4,v,False,0,2,5467.8483552470925,False,fault_test,0.04,True,False,spline_residual,0,0.0,81.93384996565277
external_dual_three_phase_flt4zv_load_0nm,0.0,4,v,False,1,2,15634.602740076774,False,fault_test,0.04,True,False,spline_residual,0,0.0,81.93384996565277
external_dual_three_phase_flt4zv_load_0nm,0.0,4,v,False,2,2,50993.13072323108,False,fault_test,0.04,True,False,spline_residual,0,0.0,81.93384996565277
external_dual_three_phase_flt4zv_load_0nm,0.0,4,v,False,3,2,120263.80161679833,False,fault_test,0.04,True,False,spline_residual,0,0.0,81.93384996565277
external_dual_three_phase_flt4zv_load_0nm,0.0,4,v,False,4,2,212449.26643468573,False,fault_test,0.04,True,False,spline_residual,0,0.0,81.93384996565277
external_dual_three_phase_flt4zv_load_0nm,0.0,4,v,False,5,2,314734.8394106797,False,fault_test,0.04,True,False,spline_residual,0,0.0,81.93384996565277
external_dual_three_phase_flt4zv_load_0nm,0.0,4,v,False,6,2,362553.9661087465,False,fault_test,0.04,True,False,spline_residual,0,0.0,81.93384996565277
external_dual_three_phase_flt4zv_load_0nm,0.0,4,v,False,7,2,233777.98297268315,False,fault_test,0.04,True,False,spline_residual,0,0.0,81.93384996565277
external_dual_three_phase_flt5zu_load_0nm,0.0,5,u,False,0,2,1733.0422595992882,False,fault_test,0.04,True,False,spline_residual,0,0.0,81.93384996565277
external_dual_three_phase_flt5zu_load_0nm,0.0,5,u,False,1,2,5097.49331648882,False,fault_test,0.04,True,False,spline_residual,0,0.0,81.93384996565277
external_dual_three_phase_flt5zu_load_0nm,0.0,5,u,False,2,2,16759.550695194066,False,fault_test,0.04,True,False,spline_residual,0,0.0,81.93384996565277
external_dual_three_phase_flt5zu_load_0nm,0.0,5,u,False,3,2,44628.26763926063,False,fault_test,0.04,True,False,spline_residual,0,0.0,81.93384996565277
external_dual_three_phase_flt5zu_load_0nm,0.0,5,u,False,4,2,124009.99441211447,False,fault_test,0.04,True,False,spline_residual,0,0.0,81.93384996565277
external_dual_three_phase_flt5zu_load_0nm,0.0,5,u,False,5,2,265397.138418526,False,fault_test,0.04,True,False,spline_residual,0,0.0,81.93384996565277
external_dual_three_phase_flt5zu_load_0nm,0.0,5,u,False,6,2,263615.2666871017,False,fault_test,0.04,True,False,spline_residual,0,0.0,81.93384996565277
external_dual_three_phase_flt5zu_load_0nm,0.0,5,u,False,7,2,600689.1141805921,False,fault_test,0.04,True,False,spline_residual,0,0.0,81.93384996565277
external_dual_three_phase_flt6zu_load_0nm,0.0,6,u,False,0,2,1711.6599107000275,False,fault_test,0.04,True,False,spline_residual,0,0.0,81.93384996565277
external_dual_three_phase_flt6zu_load_0nm,0.0,6,u,False,1,2,5339.2013377084095,False,fault_test,0.04,True,False,spline_residual,0,0.0,81.93384996565277
external_dual_three_phase_flt6zu_load_0nm,0.0,6,u,False,2,2,18723.637198845274,False,fault_test,0.04,True,False,spline_residual,0,0.0,81.93384996565277
external_dual_three_phase_flt6zu_load_0nm,0.0,6,u,False,3,2,59136.74294535932,False,fault_test,0.04,True,False,spline_residual,0,0.0,81.93384996565277
external_dual_three_phase_flt6zu_load_0nm,0.0,6,u,False,4,2,146025.0251393737,False,fault_test,0.04,True,False,spline_residual,0,0.0,81.93384996565277
external_dual_three_phase_flt6zu_load_0nm,0.0,6,u,False,5,2,272969.45009498735,False,fault_test,0.04,True,False,spline_residual,0,0.0,81.93384996565277
external_dual_three_phase_flt6zu_load_0nm,0.0,6,u,False,6,2,270076.5036829067,False,fault_test,0.04,True,False,spline_residual,0,0.0,81.93384996565277
external_dual_three_phase_flt6zu_load_0nm,0.0,6,u,False,7,2,312102.38892330544,False,fault_test,0.04,True,False,spline_residual,0,0.0,81.93384996565277
external_dual_three_phase_flt0z_load_0nm,0.0,0,,True,0,2,348017.0666201356,False,health_test,0.04,True,False,spline_local_scale,0,0.0,173.90924284118276
external_dual_three_phase_flt0z_load_0nm,0.0,0,,True,1,2,1300931.7721441707,False,health_test,0.04,True,False,spline_local_scale,0,0.0,173.90924284118276
external_dual_three_phase_flt0z_load_0nm,0.0,0,,True,2,2,1091484.6382810655,False,health_test,0.04,True,False,spline_local_scale,0,0.0,173.90924284118276
external_dual_three_phase_flt0z_load_0nm,0.0,0,,True,3,2,1356429.661689122,False,health_test,0.04,True,False,spline_local_scale,0,0.0,173.90924284118276
external_dual_three_phase_flt0z_load_0nm,0.0,0,,True,4,2,344323.46078215004,False,health_test,0.04,True,False,spline_local_scale,0,0.0,173.90924284118276
external_dual_three_phase_flt0z_load_0nm,0.0,0,,True,5,2,2527072.594945729,False,health_test,0.04,True,False,spline_local_scale,0,0.0,173.90924284118276
external_dual_three_phase_flt0z_load_0nm,0.0,0,,True,6,2,2002924.396975036,False,health_test,0.04,True,False,spline_local_scale,0,0.0,173.90924284118276
external_dual_three_phase_flt0z_load_0nm,0.0,0,,True,7,2,560912.409169755,False,health_test,0.04,True,False,spline_local_scale,0,0.0,173.90924284118276
external_dual_three_phase_flt0z_load_10nm,10.0,0,,True,0,2,90.41568633821488,True,calibration,,False,False,spline_local_scale,0,0.0,173.90924284118276
external_dual_three_phase_flt0z_load_10nm,10.0,0,,True,1,2,61.414541022276424,True,calibration,,False,False,spline_local_scale,0,0.0,173.90924284118276
external_dual_three_phase_flt0z_load_10nm,10.0,0,,True,2,2,25.083907663674687,True,calibration,,False,False,spline_local_scale,0,0.0,173.90924284118276
external_dual_three_phase_flt0z_load_10nm,10.0,0,,True,3,2,32.75156303963825,True,calibration,,False,False,spline_local_scale,0,0.0,173.90924284118276
external_dual_three_phase_flt0z_load_10nm,10.0,0,,True,4,2,30.696746806467424,True,calibration,,False,False,spline_local_scale,0,0.0,173.90924284118276
external_dual_three_phase_flt0z_load_10nm,10.0,0,,True,5,2,26.87027089773784,True,calibration,,False,False,spline_local_scale,0,0.0,173.90924284118276
external_dual_three_phase_flt0z_load_10nm,10.0,0,,True,6,2,34.66769130234164,True,calibration,,False,False,spline_local_scale,0,0.0,173.90924284118276
external_dual_three_phase_flt0z_load_10nm,10.0,0,,True,7,2,61.82794144683173,True,calibration,,False,False,spline_local_scale,0,0.0,173.90924284118276
external_dual_three_phase_flt0z_load_20nm,20.0,0,,True,0,2,173.90924284118276,True,calibration,,False,False,spline_local_scale,0,0.0,173.90924284118276
external_dual_three_phase_flt0z_load_20nm,20.0,0,,True,1,2,133.88487291914066,True,calibration,,False,False,spline_local_scale,0,0.0,173.90924284118276
external_dual_three_phase_flt0z_load_20nm,20.0,0,,True,2,2,67.93026712941872,True,calibration,,False,False,spline_local_scale,0,0.0,173.90924284118276
external_dual_three_phase_flt0z_load_20nm,20.0,0,,True,3,2,74.28416472188295,True,calibration,,False,False,spline_local_scale,0,0.0,173.90924284118276
external_dual_three_phase_flt0z_load_20nm,20.0,0,,True,4,2,63.043873775320044,True,calibration,,False,False,spline_local_scale,0,0.0,173.90924284118276
external_dual_three_phase_flt0z_load_20nm,20.0,0,,True,5,2,74.92665867506831,True,calibration,,False,False,spline_local_scale,0,0.0,173.90924284118276
external_dual_three_phase_flt0z_load_20nm,20.0,0,,True,6,2,93.08070124195385,True,calibration,,False,False,spline_local_scale,0,0.0,173.90924284118276
external_dual_three_phase_flt0z_load_20nm,20.0,0,,True,7,2,77.77968995005864,True,calibration,,False,False,spline_local_scale,0,0.0,173.90924284118276
external_dual_three_phase_flt0z_load_30nm,30.0,0,,True,0,2,52.637766763188964,True,calibration,,False,False,spline_local_scale,0,0.0,173.90924284118276
external_dual_three_phase_flt0z_load_30nm,30.0,0,,True,1,2,26.859554821627718,True,calibration,,False,False,spline_local_scale,0,0.0,173.90924284118276
external_dual_three_phase_flt0z_load_30nm,30.0,0,,True,2,2,9.033186267995646,True,calibration,,False,False,spline_local_scale,0,0.0,173.90924284118276
external_dual_three_phase_flt0z_load_30nm,30.0,0,,True,3,2,11.624952734555677,True,calibration,,False,False,spline_local_scale,0,0.0,173.90924284118276
external_dual_three_phase_flt0z_load_30nm,30.0,0,,True,4,2,17.326973233775043,True,calibration,,False,False,spline_local_scale,0,0.0,173.90924284118276
external_dual_three_phase_flt0z_load_30nm,30.0,0,,True,5,2,15.1128609809138,True,calibration,,False,False,spline_local_scale,0,0.0,173.90924284118276
external_dual_three_phase_flt0z_load_30nm,30.0,0,,True,6,2,29.10165078743554,True,calibration,,False,False,spline_local_scale,0,0.0,173.90924284118276
external_dual_three_phase_flt0z_load_30nm,30.0,0,,True,7,2,38.93183266721444,True,calibration,,False,False,spline_local_scale,0,0.0,173.90924284118276
external_dual_three_phase_flt1zu_load_0nm,0.0,1,u,False,0,2,17933.310656993326,False,fault_test,0.04,True,False,spline_local_scale,0,0.0,173.90924284118276
external_dual_three_phase_flt1zu_load_0nm,0.0,1,u,False,1,2,5730.124122358351,False,fault_test,0.04,True,False,spline_local_scale,0,0.0,173.90924284118276
external_dual_three_phase_flt1zu_load_0nm,0.0,1,u,False,2,2,22056.761522075096,False,fault_test,0.04,True,False,spline_local_scale,0,0.0,173.90924284118276
external_dual_three_phase_flt1zu_load_0nm,0.0,1,u,False,3,2,13851.738986961851,False,fault_test,0.04,True,False,spline_local_scale,0,0.0,173.90924284118276
external_dual_three_phase_flt1zu_load_0nm,0.0,1,u,False,4,2,18697.868625606283,False,fault_test,0.04,True,False,spline_local_scale,0,0.0,173.90924284118276
external_dual_three_phase_flt1zu_load_0nm,0.0,1,u,False,5,2,22811.83086594303,False,fault_test,0.04,True,False,spline_local_scale,0,0.0,173.90924284118276
external_dual_three_phase_flt1zu_load_0nm,0.0,1,u,False,6,2,24622.307209451505,False,fault_test,0.04,True,False,spline_local_scale,0,0.0,173.90924284118276
external_dual_three_phase_flt1zu_load_0nm,0.0,1,u,False,7,2,33179.152893302344,False,fault_test,0.04,True,False,spline_local_scale,0,0.0,173.90924284118276
external_dual_three_phase_flt2zv_load_0nm,0.0,2,v,False,0,2,25812.201931342526,False,fault_test,0.04,True,False,spline_local_scale,0,0.0,173.90924284118276
external_dual_three_phase_flt2zv_load_0nm,0.0,2,v,False,1,2,18129.87060091994,False,fault_test,0.04,True,False,spline_local_scale,0,0.0,173.90924284118276
external_dual_three_phase_flt2zv_load_0nm,0.0,2,v,False,2,2,56158.063132027266,False,fault_test,0.04,True,False,spline_local_scale,0,0.0,173.90924284118276
external_dual_three_phase_flt2zv_load_0nm,0.0,2,v,False,3,2,165582.9527668709,False,fault_test,0.04,True,False,spline_local_scale,0,0.0,173.90924284118276
external_dual_three_phase_flt2zv_load_0nm,0.0,2,v,False,4,2,300015.0310678445,False,fault_test,0.04,True,False,spline_local_scale,0,0.0,173.90924284118276
external_dual_three_phase_flt2zv_load_0nm,0.0,2,v,False,5,2,413269.75438398717,False,fault_test,0.04,True,False,spline_local_scale,0,0.0,173.90924284118276
external_dual_three_phase_flt2zv_load_0nm,0.0,2,v,False,6,2,621287.0656042387,False,fault_test,0.04,True,False,spline_local_scale,0,0.0,173.90924284118276
external_dual_three_phase_flt2zv_load_0nm,0.0,2,v,False,7,2,578287.4287596674,False,fault_test,0.04,True,False,spline_local_scale,0,0.0,173.90924284118276
external_dual_three_phase_flt3zu_load_0nm,0.0,3,u,False,0,2,6899.515741303391,False,fault_test,0.04,True,False,spline_local_scale,0,0.0,173.90924284118276
external_dual_three_phase_flt3zu_load_0nm,0.0,3,u,False,1,2,9808.318197425311,False,fault_test,0.04,True,False,spline_local_scale,0,0.0,173.90924284118276
external_dual_three_phase_flt3zu_load_0nm,0.0,3,u,False,2,2,34783.44102584174,False,fault_test,0.04,True,False,spline_local_scale,0,0.0,173.90924284118276
external_dual_three_phase_flt3zu_load_0nm,0.0,3,u,False,3,2,81181.90949573962,False,fault_test,0.04,True,False,spline_local_scale,0,0.0,173.90924284118276
external_dual_three_phase_flt3zu_load_0nm,0.0,3,u,False,4,2,135512.9250510501,False,fault_test,0.04,True,False,spline_local_scale,0,0.0,173.90924284118276
external_dual_three_phase_flt3zu_load_0nm,0.0,3,u,False,5,2,179894.5824995138,False,fault_test,0.04,True,False,spline_local_scale,0,0.0,173.90924284118276
external_dual_three_phase_flt3zu_load_0nm,0.0,3,u,False,6,2,328554.22249189345,False,fault_test,0.04,True,False,spline_local_scale,0,0.0,173.90924284118276
external_dual_three_phase_flt3zu_load_0nm,0.0,3,u,False,7,2,305034.5827843726,False,fault_test,0.04,True,False,spline_local_scale,0,0.0,173.90924284118276
external_dual_three_phase_flt4zv_load_0nm,0.0,4,v,False,0,2,7662.808252845197,False,fault_test,0.04,True,False,spline_local_scale,0,0.0,173.90924284118276
external_dual_three_phase_flt4zv_load_0nm,0.0,4,v,False,1,2,30919.235841917176,False,fault_test,0.04,True,False,spline_local_scale,0,0.0,173.90924284118276
external_dual_three_phase_flt4zv_load_0nm,0.0,4,v,False,2,2,139809.14496669808,False,fault_test,0.04,True,False,spline_local_scale,0,0.0,173.90924284118276
external_dual_three_phase_flt4zv_load_0nm,0.0,4,v,False,3,2,395361.785638223,False,fault_test,0.04,True,False,spline_local_scale,0,0.0,173.90924284118276
external_dual_three_phase_flt4zv_load_0nm,0.0,4,v,False,4,2,626372.4335074024,False,fault_test,0.04,True,False,spline_local_scale,0,0.0,173.90924284118276
external_dual_three_phase_flt4zv_load_0nm,0.0,4,v,False,5,2,866427.7245130412,False,fault_test,0.04,True,False,spline_local_scale,0,0.0,173.90924284118276
external_dual_three_phase_flt4zv_load_0nm,0.0,4,v,False,6,2,796879.2694093834,False,fault_test,0.04,True,False,spline_local_scale,0,0.0,173.90924284118276
external_dual_three_phase_flt4zv_load_0nm,0.0,4,v,False,7,2,510178.02377489477,False,fault_test,0.04,True,False,spline_local_scale,0,0.0,173.90924284118276
external_dual_three_phase_flt5zu_load_0nm,0.0,5,u,False,0,2,7381.610387107494,False,fault_test,0.04,True,False,spline_local_scale,0,0.0,173.90924284118276
external_dual_three_phase_flt5zu_load_0nm,0.0,5,u,False,1,2,12419.46388092803,False,fault_test,0.04,True,False,spline_local_scale,0,0.0,173.90924284118276
external_dual_three_phase_flt5zu_load_0nm,0.0,5,u,False,2,2,45453.66456672022,False,fault_test,0.04,True,False,spline_local_scale,0,0.0,173.90924284118276
external_dual_three_phase_flt5zu_load_0nm,0.0,5,u,False,3,2,131033.69633468025,False,fault_test,0.04,True,False,spline_local_scale,0,0.0,173.90924284118276
external_dual_three_phase_flt5zu_load_0nm,0.0,5,u,False,4,2,296698.85483526764,False,fault_test,0.04,True,False,spline_local_scale,0,0.0,173.90924284118276
external_dual_three_phase_flt5zu_load_0nm,0.0,5,u,False,5,2,526708.7052194977,False,fault_test,0.04,True,False,spline_local_scale,0,0.0,173.90924284118276
external_dual_three_phase_flt5zu_load_0nm,0.0,5,u,False,6,2,454119.1348027768,False,fault_test,0.04,True,False,spline_local_scale,0,0.0,173.90924284118276
external_dual_three_phase_flt5zu_load_0nm,0.0,5,u,False,7,2,5542262.507847711,False,fault_test,0.04,True,False,spline_local_scale,0,0.0,173.90924284118276
external_dual_three_phase_flt6zu_load_0nm,0.0,6,u,False,0,2,3096.395193764224,False,fault_test,0.04,True,False,spline_local_scale,0,0.0,173.90924284118276
external_dual_three_phase_flt6zu_load_0nm,0.0,6,u,False,1,2,10265.708060675983,False,fault_test,0.04,True,False,spline_local_scale,0,0.0,173.90924284118276
external_dual_three_phase_flt6zu_load_0nm,0.0,6,u,False,2,2,49431.640474998145,False,fault_test,0.04,True,False,spline_local_scale,0,0.0,173.90924284118276
external_dual_three_phase_flt6zu_load_0nm,0.0,6,u,False,3,2,173043.5147343909,False,fault_test,0.04,True,False,spline_local_scale,0,0.0,173.90924284118276
external_dual_three_phase_flt6zu_load_0nm,0.0,6,u,False,4,2,350178.4761622838,False,fault_test,0.04,True,False,spline_local_scale,0,0.0,173.90924284118276
external_dual_three_phase_flt6zu_load_0nm,0.0,6,u,False,5,2,621646.054757441,False,fault_test,0.04,True,False,spline_local_scale,0,0.0,173.90924284118276
external_dual_three_phase_flt6zu_load_0nm,0.0,6,u,False,6,2,473020.31395105436,False,fault_test,0.04,True,False,spline_local_scale,0,0.0,173.90924284118276
external_dual_three_phase_flt6zu_load_0nm,0.0,6,u,False,7,2,1877554.954147142,False,fault_test,0.04,True,False,spline_local_scale,0,0.0,173.90924284118276
external_dual_three_phase_flt0z_load_0nm,0.0,0,,True,0,2,0.7910681432220874,False,health_test,0.04,True,False,isolation_forest,0,0.0,0.5815392078625062
external_dual_three_phase_flt0z_load_0nm,0.0,0,,True,1,2,0.7839638906021483,False,health_test,0.04,True,False,isolation_forest,0,0.0,0.5815392078625062
external_dual_three_phase_flt0z_load_0nm,0.0,0,,True,2,2,0.7760115419461426,False,health_test,0.04,True,False,isolation_forest,0,0.0,0.5815392078625062
external_dual_three_phase_flt0z_load_0nm,0.0,0,,True,3,2,0.7747665148693192,False,health_test,0.04,True,False,isolation_forest,0,0.0,0.5815392078625062
external_dual_three_phase_flt0z_load_0nm,0.0,0,,True,4,2,0.7756406683458166,False,health_test,0.04,True,False,isolation_forest,0,0.0,0.5815392078625062
external_dual_three_phase_flt0z_load_0nm,0.0,0,,True,5,2,0.7802597344814888,False,health_test,0.04,True,False,isolation_forest,0,0.0,0.5815392078625062
external_dual_three_phase_flt0z_load_0nm,0.0,0,,True,6,2,0.786797903351083,False,health_test,0.04,True,False,isolation_forest,0,0.0,0.5815392078625062
external_dual_three_phase_flt0z_load_0nm,0.0,0,,True,7,2,0.7766909545180368,False,health_test,0.04,True,False,isolation_forest,0,0.0,0.5815392078625062
external_dual_three_phase_flt0z_load_10nm,10.0,0,,True,0,2,0.5815392078625062,True,calibration,,False,False,isolation_forest,0,0.0,0.5815392078625062
external_dual_three_phase_flt0z_load_10nm,10.0,0,,True,1,2,0.5137866475308355,True,calibration,,False,False,isolation_forest,0,0.0,0.5815392078625062
external_dual_three_phase_flt0z_load_10nm,10.0,0,,True,2,2,0.5075085345707082,True,calibration,,False,False,isolation_forest,0,0.0,0.5815392078625062
external_dual_three_phase_flt0z_load_10nm,10.0,0,,True,3,2,0.47346507462083975,True,calibration,,False,False,isolation_forest,0,0.0,0.5815392078625062
external_dual_three_phase_flt0z_load_10nm,10.0,0,,True,4,2,0.5042640807158906,True,calibration,,False,False,isolation_forest,0,0.0,0.5815392078625062
external_dual_three_phase_flt0z_load_10nm,10.0,0,,True,5,2,0.4847303647569143,True,calibration,,False,False,isolation_forest,0,0.0,0.5815392078625062
external_dual_three_phase_flt0z_load_10nm,10.0,0,,True,6,2,0.48986104480868514,True,calibration,,False,False,isolation_forest,0,0.0,0.5815392078625062
external_dual_three_phase_flt0z_load_10nm,10.0,0,,True,7,2,0.5245297759781156,True,calibration,,False,False,isolation_forest,0,0.0,0.5815392078625062
external_dual_three_phase_flt0z_load_20nm,20.0,0,,True,0,2,0.5400164249359607,True,calibration,,False,False,isolation_forest,0,0.0,0.5815392078625062
external_dual_three_phase_flt0z_load_20nm,20.0,0,,True,1,2,0.46103134267700324,True,calibration,,False,False,isolation_forest,0,0.0,0.5815392078625062
external_dual_three_phase_flt0z_load_20nm,20.0,0,,True,2,2,0.43568602910052606,True,calibration,,False,False,isolation_forest,0,0.0,0.5815392078625062
external_dual_three_phase_flt0z_load_20nm,20.0,0,,True,3,2,0.40970533503793827,True,calibration,,False,False,isolation_forest,0,0.0,0.5815392078625062
external_dual_three_phase_flt0z_load_20nm,20.0,0,,True,4,2,0.40988625094159337,True,calibration,,False,False,isolation_forest,0,0.0,0.5815392078625062
external_dual_three_phase_flt0z_load_20nm,20.0,0,,True,5,2,0.4031598532965399,True,calibration,,False,False,isolation_forest,0,0.0,0.5815392078625062
external_dual_three_phase_flt0z_load_20nm,20.0,0,,True,6,2,0.4254887247035441,True,calibration,,False,False,isolation_forest,0,0.0,0.5815392078625062
external_dual_three_phase_flt0z_load_20nm,20.0,0,,True,7,2,0.44670128866919295,True,calibration,,False,False,isolation_forest,0,0.0,0.5815392078625062
external_dual_three_phase_flt0z_load_30nm,30.0,0,,True,0,2,0.5336115676116892,True,calibration,,False,False,isolation_forest,0,0.0,0.5815392078625062
external_dual_three_phase_flt0z_load_30nm,30.0,0,,True,1,2,0.4355050546231122,True,calibration,,False,False,isolation_forest,0,0.0,0.5815392078625062
external_dual_three_phase_flt0z_load_30nm,30.0,0,,True,2,2,0.4116657942926116,True,calibration,,False,False,isolation_forest,0,0.0,0.5815392078625062
external_dual_three_phase_flt0z_load_30nm,30.0,0,,True,3,2,0.39116803351620844,True,calibration,,False,False,isolation_forest,0,0.0,0.5815392078625062
external_dual_three_phase_flt0z_load_30nm,30.0,0,,True,4,2,0.40583071729742537,True,calibration,,False,False,isolation_forest,0,0.0,0.5815392078625062
external_dual_three_phase_flt0z_load_30nm,30.0,0,,True,5,2,0.4002846961248011,True,calibration,,False,False,isolation_forest,0,0.0,0.5815392078625062
external_dual_three_phase_flt0z_load_30nm,30.0,0,,True,6,2,0.42003608217706273,True,calibration,,False,False,isolation_forest,0,0.0,0.5815392078625062
external_dual_three_phase_flt0z_load_30nm,30.0,0,,True,7,2,0.4282073667776671,True,calibration,,False,False,isolation_forest,0,0.0,0.5815392078625062
external_dual_three_phase_flt1zu_load_0nm,0.0,1,u,False,0,2,0.7865624647614942,False,fault_test,0.04,True,False,isolation_forest,0,0.0,0.5815392078625062
external_dual_three_phase_flt1zu_load_0nm,0.0,1,u,False,1,2,0.7729038449203761,False,fault_test,0.04,True,False,isolation_forest,0,0.0,0.5815392078625062
external_dual_three_phase_flt1zu_load_0nm,0.0,1,u,False,2,2,0.7479367998011471,False,fault_test,0.04,True,False,isolation_forest,0,0.0,0.5815392078625062
external_dual_three_phase_flt1zu_load_0nm,0.0,1,u,False,3,2,0.7467833856262089,False,fault_test,0.04,True,False,isolation_forest,0,0.0,0.5815392078625062
external_dual_three_phase_flt1zu_load_0nm,0.0,1,u,False,4,2,0.7433159766793952,False,fault_test,0.04,True,False,isolation_forest,0,0.0,0.5815392078625062
external_dual_three_phase_flt1zu_load_0nm,0.0,1,u,False,5,2,0.7310419701322031,False,fault_test,0.04,True,False,isolation_forest,0,0.0,0.5815392078625062
external_dual_three_phase_flt1zu_load_0nm,0.0,1,u,False,6,2,0.7218318482294622,False,fault_test,0.04,True,False,isolation_forest,0,0.0,0.5815392078625062
external_dual_three_phase_flt1zu_load_0nm,0.0,1,u,False,7,2,0.7299889983007454,False,fault_test,0.04,True,False,isolation_forest,0,0.0,0.5815392078625062
external_dual_three_phase_flt2zv_load_0nm,0.0,2,v,False,0,2,0.7823742467251794,False,fault_test,0.04,True,False,isolation_forest,0,0.0,0.5815392078625062
external_dual_three_phase_flt2zv_load_0nm,0.0,2,v,False,1,2,0.7586147627823805,False,fault_test,0.04,True,False,isolation_forest,0,0.0,0.5815392078625062
external_dual_three_phase_flt2zv_load_0nm,0.0,2,v,False,2,2,0.7638867622412707,False,fault_test,0.04,True,False,isolation_forest,0,0.0,0.5815392078625062
external_dual_three_phase_flt2zv_load_0nm,0.0,2,v,False,3,2,0.7574888635237605,False,fault_test,0.04,True,False,isolation_forest,0,0.0,0.5815392078625062
external_dual_three_phase_flt2zv_load_0nm,0.0,2,v,False,4,2,0.770527441934253,False,fault_test,0.04,True,False,isolation_forest,0,0.0,0.5815392078625062
external_dual_three_phase_flt2zv_load_0nm,0.0,2,v,False,5,2,0.7700630818634376,False,fault_test,0.04,True,False,isolation_forest,0,0.0,0.5815392078625062
external_dual_three_phase_flt2zv_load_0nm,0.0,2,v,False,6,2,0.7724983236936904,False,fault_test,0.04,True,False,isolation_forest,0,0.0,0.5815392078625062
external_dual_three_phase_flt2zv_load_0nm,0.0,2,v,False,7,2,0.7700630818634376,False,fault_test,0.04,True,False,isolation_forest,0,0.0,0.5815392078625062
external_dual_three_phase_flt3zu_load_0nm,0.0,3,u,False,0,2,0.770088845417873,False,fault_test,0.04,True,False,isolation_forest,0,0.0,0.5815392078625062
external_dual_three_phase_flt3zu_load_0nm,0.0,3,u,False,1,2,0.7538352170054641,False,fault_test,0.04,True,False,isolation_forest,0,0.0,0.5815392078625062
external_dual_three_phase_flt3zu_load_0nm,0.0,3,u,False,2,2,0.7424643817761089,False,fault_test,0.04,True,False,isolation_forest,0,0.0,0.5815392078625062
external_dual_three_phase_flt3zu_load_0nm,0.0,3,u,False,3,2,0.755285897451042,False,fault_test,0.04,True,False,isolation_forest,0,0.0,0.5815392078625062
external_dual_three_phase_flt3zu_load_0nm,0.0,3,u,False,4,2,0.7651143058745649,False,fault_test,0.04,True,False,isolation_forest,0,0.0,0.5815392078625062
external_dual_three_phase_flt3zu_load_0nm,0.0,3,u,False,5,2,0.75895644911875,False,fault_test,0.04,True,False,isolation_forest,0,0.0,0.5815392078625062
external_dual_three_phase_flt3zu_load_0nm,0.0,3,u,False,6,2,0.7651143058745649,False,fault_test,0.04,True,False,isolation_forest,0,0.0,0.5815392078625062
external_dual_three_phase_flt3zu_load_0nm,0.0,3,u,False,7,2,0.7649627181646446,False,fault_test,0.04,True,False,isolation_forest,0,0.0,0.5815392078625062
external_dual_three_phase_flt4zv_load_0nm,0.0,4,v,False,0,2,0.7658550577614623,False,fault_test,0.04,True,False,isolation_forest,0,0.0,0.5815392078625062
external_dual_three_phase_flt4zv_load_0nm,0.0,4,v,False,1,2,0.7659062287483975,False,fault_test,0.04,True,False,isolation_forest,0,0.0,0.5815392078625062
external_dual_three_phase_flt4zv_load_0nm,0.0,4,v,False,2,2,0.7615438647380736,False,fault_test,0.04,True,False,isolation_forest,0,0.0,0.5815392078625062
external_dual_three_phase_flt4zv_load_0nm,0.0,4,v,False,3,2,0.7700630818634376,False,fault_test,0.04,True,False,isolation_forest,0,0.0,0.5815392078625062
external_dual_three_phase_flt4zv_load_0nm,0.0,4,v,False,4,2,0.7711058154894906,False,fault_test,0.04,True,False,isolation_forest,0,0.0,0.5815392078625062
external_dual_three_phase_flt4zv_load_0nm,0.0,4,v,False,5,2,0.7756978758399923,False,fault_test,0.04,True,False,isolation_forest,0,0.0,0.5815392078625062
external_dual_three_phase_flt4zv_load_0nm,0.0,4,v,False,6,2,0.7786776015232842,False,fault_test,0.04,True,False,isolation_forest,0,0.0,0.5815392078625062
external_dual_three_phase_flt4zv_load_0nm,0.0,4,v,False,7,2,0.7779754614644135,False,fault_test,0.04,True,False,isolation_forest,0,0.0,0.5815392078625062
external_dual_three_phase_flt5zu_load_0nm,0.0,5,u,False,0,2,0.749960166022656,False,fault_test,0.04,True,False,isolation_forest,0,0.0,0.5815392078625062
external_dual_three_phase_flt5zu_load_0nm,0.0,5,u,False,1,2,0.7509254311251006,False,fault_test,0.04,True,False,isolation_forest,0,0.0,0.5815392078625062
external_dual_three_phase_flt5zu_load_0nm,0.0,5,u,False,2,2,0.7524447185407998,False,fault_test,0.04,True,False,isolation_forest,0,0.0,0.5815392078625062
external_dual_three_phase_flt5zu_load_0nm,0.0,5,u,False,3,2,0.7591892560996737,False,fault_test,0.04,True,False,isolation_forest,0,0.0,0.5815392078625062
external_dual_three_phase_flt5zu_load_0nm,0.0,5,u,False,4,2,0.7687465615374729,False,fault_test,0.04,True,False,isolation_forest,0,0.0,0.5815392078625062
external_dual_three_phase_flt5zu_load_0nm,0.0,5,u,False,5,2,0.767023869510931,False,fault_test,0.04,True,False,isolation_forest,0,0.0,0.5815392078625062
external_dual_three_phase_flt5zu_load_0nm,0.0,5,u,False,6,2,0.7726725639391219,False,fault_test,0.04,True,False,isolation_forest,0,0.0,0.5815392078625062
external_dual_three_phase_flt5zu_load_0nm,0.0,5,u,False,7,2,0.7730211623407094,False,fault_test,0.04,True,False,isolation_forest,0,0.0,0.5815392078625062
external_dual_three_phase_flt6zu_load_0nm,0.0,6,u,False,0,2,0.746058645071782,False,fault_test,0.04,True,False,isolation_forest,0,0.0,0.5815392078625062
external_dual_three_phase_flt6zu_load_0nm,0.0,6,u,False,1,2,0.7468369517763268,False,fault_test,0.04,True,False,isolation_forest,0,0.0,0.5815392078625062
external_dual_three_phase_flt6zu_load_0nm,0.0,6,u,False,2,2,0.7582933016201485,False,fault_test,0.04,True,False,isolation_forest,0,0.0,0.5815392078625062
external_dual_three_phase_flt6zu_load_0nm,0.0,6,u,False,3,2,0.7652304409374387,False,fault_test,0.04,True,False,isolation_forest,0,0.0,0.5815392078625062
external_dual_three_phase_flt6zu_load_0nm,0.0,6,u,False,4,2,0.7675338977320031,False,fault_test,0.04,True,False,isolation_forest,0,0.0,0.5815392078625062
external_dual_three_phase_flt6zu_load_0nm,0.0,6,u,False,5,2,0.7735443548528985,False,fault_test,0.04,True,False,isolation_forest,0,0.0,0.5815392078625062
external_dual_three_phase_flt6zu_load_0nm,0.0,6,u,False,6,2,0.7737188310350568,False,fault_test,0.04,True,False,isolation_forest,0,0.0,0.5815392078625062
external_dual_three_phase_flt6zu_load_0nm,0.0,6,u,False,7,2,0.7714537070379677,False,fault_test,0.04,True,False,isolation_forest,0,0.0,0.5815392078625062
external_dual_three_phase_flt0z_load_0nm,0.0,0,,True,0,2,14206400.256908752,False,health_test,0.04,True,False,min_cov_det,0,0.0,478266.4502415819
external_dual_three_phase_flt0z_load_0nm,0.0,0,,True,1,2,66335270.555923626,False,health_test,0.04,True,False,min_cov_det,0,0.0,478266.4502415819
external_dual_three_phase_flt0z_load_0nm,0.0,0,,True,2,2,56316044.706382014,False,health_test,0.04,True,False,min_cov_det,0,0.0,478266.4502415819
external_dual_three_phase_flt0z_load_0nm,0.0,0,,True,3,2,52607786.84024574,False,health_test,0.04,True,False,min_cov_det,0,0.0,478266.4502415819
external_dual_three_phase_flt0z_load_0nm,0.0,0,,True,4,2,24262515.4168344,False,health_test,0.04,True,False,min_cov_det,0,0.0,478266.4502415819
external_dual_three_phase_flt0z_load_0nm,0.0,0,,True,5,2,190045383.3246006,False,health_test,0.04,True,False,min_cov_det,0,0.0,478266.4502415819
external_dual_three_phase_flt0z_load_0nm,0.0,0,,True,6,2,118069553.20585741,False,health_test,0.04,True,False,min_cov_det,0,0.0,478266.4502415819
external_dual_three_phase_flt0z_load_0nm,0.0,0,,True,7,2,12362916.441313984,False,health_test,0.04,True,False,min_cov_det,0,0.0,478266.4502415819
external_dual_three_phase_flt0z_load_10nm,10.0,0,,True,0,2,461459.78986316,True,calibration,,False,False,min_cov_det,0,0.0,478266.4502415819
external_dual_three_phase_flt0z_load_10nm,10.0,0,,True,1,2,23155.523555514214,True,calibration,,False,False,min_cov_det,0,0.0,478266.4502415819
external_dual_three_phase_flt0z_load_10nm,10.0,0,,True,2,2,514.7608191319874,True,calibration,,False,False,min_cov_det,0,0.0,478266.4502415819
external_dual_three_phase_flt0z_load_10nm,10.0,0,,True,3,2,467.8294058660253,True,calibration,,False,False,min_cov_det,0,0.0,478266.4502415819
external_dual_three_phase_flt0z_load_10nm,10.0,0,,True,4,2,1281.679744103336,True,calibration,,False,False,min_cov_det,0,0.0,478266.4502415819
external_dual_three_phase_flt0z_load_10nm,10.0,0,,True,5,2,1539.4797461383382,True,calibration,,False,False,min_cov_det,0,0.0,478266.4502415819
external_dual_three_phase_flt0z_load_10nm,10.0,0,,True,6,2,925.6126994189483,True,calibration,,False,False,min_cov_det,0,0.0,478266.4502415819
external_dual_three_phase_flt0z_load_10nm,10.0,0,,True,7,2,1243.699867904939,True,calibration,,False,False,min_cov_det,0,0.0,478266.4502415819
external_dual_three_phase_flt0z_load_20nm,20.0,0,,True,0,2,427561.0868661707,True,calibration,,False,False,min_cov_det,0,0.0,478266.4502415819
external_dual_three_phase_flt0z_load_20nm,20.0,0,,True,1,2,20438.554084898005,True,calibration,,False,False,min_cov_det,0,0.0,478266.4502415819
external_dual_three_phase_flt0z_load_20nm,20.0,0,,True,2,2,507.34024653377116,True,calibration,,False,False,min_cov_det,0,0.0,478266.4502415819
external_dual_three_phase_flt0z_load_20nm,20.0,0,,True,3,2,90.23462431897119,True,calibration,,False,False,min_cov_det,0,0.0,478266.4502415819
external_dual_three_phase_flt0z_load_20nm,20.0,0,,True,4,2,82.02367608320013,True,calibration,,False,False,min_cov_det,0,0.0,478266.4502415819
external_dual_three_phase_flt0z_load_20nm,20.0,0,,True,5,2,63.38384740039203,True,calibration,,False,False,min_cov_det,0,0.0,478266.4502415819
external_dual_three_phase_flt0z_load_20nm,20.0,0,,True,6,2,49.943019965257385,True,calibration,,False,False,min_cov_det,0,0.0,478266.4502415819
external_dual_three_phase_flt0z_load_20nm,20.0,0,,True,7,2,66.26508181520313,True,calibration,,False,False,min_cov_det,0,0.0,478266.4502415819
external_dual_three_phase_flt0z_load_30nm,30.0,0,,True,0,2,478266.4502415819,True,calibration,,False,False,min_cov_det,0,0.0,478266.4502415819
external_dual_three_phase_flt0z_load_30nm,30.0,0,,True,1,2,20271.608977609794,True,calibration,,False,False,min_cov_det,0,0.0,478266.4502415819
external_dual_three_phase_flt0z_load_30nm,30.0,0,,True,2,2,383.3134131478216,True,calibration,,False,False,min_cov_det,0,0.0,478266.4502415819
external_dual_three_phase_flt0z_load_30nm,30.0,0,,True,3,2,38.69000195750164,True,calibration,,False,False,min_cov_det,0,0.0,478266.4502415819
external_dual_three_phase_flt0z_load_30nm,30.0,0,,True,4,2,48.45483748271019,True,calibration,,False,False,min_cov_det,0,0.0,478266.4502415819
external_dual_three_phase_flt0z_load_30nm,30.0,0,,True,5,2,44.44152832580835,True,calibration,,False,False,min_cov_det,0,0.0,478266.4502415819
external_dual_three_phase_flt0z_load_30nm,30.0,0,,True,6,2,27.429147767165965,True,calibration,,False,False,min_cov_det,0,0.0,478266.4502415819
external_dual_three_phase_flt0z_load_30nm,30.0,0,,True,7,2,38.342652546682444,True,calibration,,False,False,min_cov_det,0,0.0,478266.4502415819
external_dual_three_phase_flt1zu_load_0nm,0.0,1,u,False,0,2,942066.501336058,False,fault_test,0.04,True,False,min_cov_det,0,0.0,478266.4502415819
external_dual_three_phase_flt1zu_load_0nm,0.0,1,u,False,1,2,490287.41499278334,False,fault_test,0.04,True,False,min_cov_det,0,0.0,478266.4502415819
external_dual_three_phase_flt1zu_load_0nm,0.0,1,u,False,2,2,468836.40241561417,False,fault_test,0.08,False,False,min_cov_det,0,0.0,478266.4502415819
external_dual_three_phase_flt1zu_load_0nm,0.0,1,u,False,3,2,472135.9313438068,False,fault_test,0.08,False,False,min_cov_det,0,0.0,478266.4502415819
external_dual_three_phase_flt1zu_load_0nm,0.0,1,u,False,4,2,1003765.7593270984,False,fault_test,0.04,True,False,min_cov_det,0,0.0,478266.4502415819
external_dual_three_phase_flt1zu_load_0nm,0.0,1,u,False,5,2,826914.6145001973,False,fault_test,0.04,True,False,min_cov_det,0,0.0,478266.4502415819
external_dual_three_phase_flt1zu_load_0nm,0.0,1,u,False,6,2,865084.7453463505,False,fault_test,0.04,True,False,min_cov_det,0,0.0,478266.4502415819
external_dual_three_phase_flt1zu_load_0nm,0.0,1,u,False,7,2,1187737.4345269979,False,fault_test,0.04,True,False,min_cov_det,0,0.0,478266.4502415819
external_dual_three_phase_flt2zv_load_0nm,0.0,2,v,False,0,2,741724.0037097592,False,fault_test,0.04,True,False,min_cov_det,0,0.0,478266.4502415819
external_dual_three_phase_flt2zv_load_0nm,0.0,2,v,False,1,2,178086.76856991719,False,fault_test,0.16,False,False,min_cov_det,0,0.0,478266.4502415819
external_dual_three_phase_flt2zv_load_0nm,0.0,2,v,False,2,2,299394.63989027083,False,fault_test,0.16,False,False,min_cov_det,0,0.0,478266.4502415819
external_dual_three_phase_flt2zv_load_0nm,0.0,2,v,False,3,2,965668.2497631558,False,fault_test,0.04,True,False,min_cov_det,0,0.0,478266.4502415819
external_dual_three_phase_flt2zv_load_0nm,0.0,2,v,False,4,2,2528816.5212952257,False,fault_test,0.04,True,False,min_cov_det,0,0.0,478266.4502415819
external_dual_three_phase_flt2zv_load_0nm,0.0,2,v,False,5,2,4128408.121492585,False,fault_test,0.04,True,False,min_cov_det,0,0.0,478266.4502415819
external_dual_three_phase_flt2zv_load_0nm,0.0,2,v,False,6,2,5356442.150818466,False,fault_test,0.04,True,False,min_cov_det,0,0.0,478266.4502415819
external_dual_three_phase_flt2zv_load_0nm,0.0,2,v,False,7,2,5203567.971409608,False,fault_test,0.04,True,False,min_cov_det,0,0.0,478266.4502415819
external_dual_three_phase_flt3zu_load_0nm,0.0,3,u,False,0,2,481676.9751480689,False,fault_test,0.04,True,False,min_cov_det,0,0.0,478266.4502415819
external_dual_three_phase_flt3zu_load_0nm,0.0,3,u,False,1,2,84835.85632251884,False,fault_test,0.16,False,False,min_cov_det,0,0.0,478266.4502415819
external_dual_three_phase_flt3zu_load_0nm,0.0,3,u,False,2,2,76575.21522781951,False,fault_test,0.16,False,False,min_cov_det,0,0.0,478266.4502415819
external_dual_three_phase_flt3zu_load_0nm,0.0,3,u,False,3,2,206110.9290305443,False,fault_test,0.16,False,False,min_cov_det,0,0.0,478266.4502415819
external_dual_three_phase_flt3zu_load_0nm,0.0,3,u,False,4,2,535527.1205570551,False,fault_test,0.04,True,False,min_cov_det,0,0.0,478266.4502415819
external_dual_three_phase_flt3zu_load_0nm,0.0,3,u,False,5,2,1154082.2376896571,False,fault_test,0.04,True,False,min_cov_det,0,0.0,478266.4502415819
external_dual_three_phase_flt3zu_load_0nm,0.0,3,u,False,6,2,1385155.4336542792,False,fault_test,0.04,True,False,min_cov_det,0,0.0,478266.4502415819
external_dual_three_phase_flt3zu_load_0nm,0.0,3,u,False,7,2,1560402.4158250187,False,fault_test,0.04,True,False,min_cov_det,0,0.0,478266.4502415819
external_dual_three_phase_flt4zv_load_0nm,0.0,4,v,False,0,2,456356.3566087171,False,fault_test,0.12,False,False,min_cov_det,0,0.0,478266.4502415819
external_dual_three_phase_flt4zv_load_0nm,0.0,4,v,False,1,2,225783.56780879194,False,fault_test,0.16,False,False,min_cov_det,0,0.0,478266.4502415819
external_dual_three_phase_flt4zv_load_0nm,0.0,4,v,False,2,2,1047685.0255779355,False,fault_test,0.04,True,False,min_cov_det,0,0.0,478266.4502415819
external_dual_three_phase_flt4zv_load_0nm,0.0,4,v,False,3,2,2563955.4385925047,False,fault_test,0.04,True,False,min_cov_det,0,0.0,478266.4502415819
external_dual_three_phase_flt4zv_load_0nm,0.0,4,v,False,4,2,3974827.041020485,False,fault_test,0.04,True,False,min_cov_det,0,0.0,478266.4502415819
external_dual_three_phase_flt4zv_load_0nm,0.0,4,v,False,5,2,4753845.705183053,False,fault_test,0.04,True,False,min_cov_det,0,0.0,478266.4502415819
external_dual_three_phase_flt4zv_load_0nm,0.0,4,v,False,6,2,5254259.4412788665,False,fault_test,0.04,True,False,min_cov_det,0,0.0,478266.4502415819
external_dual_three_phase_flt4zv_load_0nm,0.0,4,v,False,7,2,4818113.016018865,False,fault_test,0.04,True,False,min_cov_det,0,0.0,478266.4502415819
external_dual_three_phase_flt5zu_load_0nm,0.0,5,u,False,0,2,487634.6289038195,False,fault_test,0.04,True,False,min_cov_det,0,0.0,478266.4502415819
external_dual_three_phase_flt5zu_load_0nm,0.0,5,u,False,1,2,402975.0217435329,False,fault_test,0.16,False,False,min_cov_det,0,0.0,478266.4502415819
external_dual_three_phase_flt5zu_load_0nm,0.0,5,u,False,2,2,646142.6912467243,False,fault_test,0.04,True,False,min_cov_det,0,0.0,478266.4502415819
external_dual_three_phase_flt5zu_load_0nm,0.0,5,u,False,3,2,1271087.8386221102,False,fault_test,0.04,True,False,min_cov_det,0,0.0,478266.4502415819
external_dual_three_phase_flt5zu_load_0nm,0.0,5,u,False,4,2,2830795.622097992,False,fault_test,0.04,True,False,min_cov_det,0,0.0,478266.4502415819
external_dual_three_phase_flt5zu_load_0nm,0.0,5,u,False,5,2,4193840.450373475,False,fault_test,0.04,True,False,min_cov_det,0,0.0,478266.4502415819
external_dual_three_phase_flt5zu_load_0nm,0.0,5,u,False,6,2,8006860.2734905835,False,fault_test,0.04,True,False,min_cov_det,0,0.0,478266.4502415819
external_dual_three_phase_flt5zu_load_0nm,0.0,5,u,False,7,2,45745846.89392658,False,fault_test,0.04,True,False,min_cov_det,0,0.0,478266.4502415819
external_dual_three_phase_flt6zu_load_0nm,0.0,6,u,False,0,2,498228.7312198356,False,fault_test,0.04,True,False,min_cov_det,0,0.0,478266.4502415819
external_dual_three_phase_flt6zu_load_0nm,0.0,6,u,False,1,2,434455.42305082455,False,fault_test,0.12,False,False,min_cov_det,0,0.0,478266.4502415819
external_dual_three_phase_flt6zu_load_0nm,0.0,6,u,False,2,2,597076.1960058222,False,fault_test,0.04,True,False,min_cov_det,0,0.0,478266.4502415819
external_dual_three_phase_flt6zu_load_0nm,0.0,6,u,False,3,2,1373960.3579453283,False,fault_test,0.04,True,False,min_cov_det,0,0.0,478266.4502415819
external_dual_three_phase_flt6zu_load_0nm,0.0,6,u,False,4,2,2846155.717499863,False,fault_test,0.04,True,False,min_cov_det,0,0.0,478266.4502415819
external_dual_three_phase_flt6zu_load_0nm,0.0,6,u,False,5,2,4226908.111196419,False,fault_test,0.04,True,False,min_cov_det,0,0.0,478266.4502415819
external_dual_three_phase_flt6zu_load_0nm,0.0,6,u,False,6,2,7252558.408520335,False,fault_test,0.04,True,False,min_cov_det,0,0.0,478266.4502415819
external_dual_three_phase_flt6zu_load_0nm,0.0,6,u,False,7,2,19334175.509701762,False,fault_test,0.04,True,False,min_cov_det,0,0.0,478266.4502415819
external_dual_three_phase_flt0z_load_15nm,15.0,0,,True,0,2,39.214862001579114,True,calibration,,False,False,unconditioned_residual,1,5.0,40.32099453704743
external_dual_three_phase_flt0z_load_15nm,15.0,0,,True,1,2,2.102641527419213,True,calibration,,False,False,unconditioned_residual,1,5.0,40.32099453704743
external_dual_three_phase_flt0z_load_15nm,15.0,0,,True,2,2,0.4689402149082933,True,calibration,,False,False,unconditioned_residual,1,5.0,40.32099453704743
external_dual_three_phase_flt0z_load_15nm,15.0,0,,True,3,2,0.42730996583682923,True,calibration,,False,False,unconditioned_residual,1,5.0,40.32099453704743
external_dual_three_phase_flt0z_load_15nm,15.0,0,,True,4,2,0.3904199075996209,True,calibration,,False,False,unconditioned_residual,1,5.0,40.32099453704743
external_dual_three_phase_flt0z_load_15nm,15.0,0,,True,5,2,0.3625712735852314,True,calibration,,False,False,unconditioned_residual,1,5.0,40.32099453704743
external_dual_three_phase_flt0z_load_15nm,15.0,0,,True,6,2,0.4685723557799032,True,calibration,,False,False,unconditioned_residual,1,5.0,40.32099453704743
external_dual_three_phase_flt0z_load_15nm,15.0,0,,True,7,2,0.805396929130979,True,calibration,,False,False,unconditioned_residual,1,5.0,40.32099453704743
external_dual_three_phase_flt0z_load_25nm,25.0,0,,True,0,2,36.790523346735625,True,calibration,,False,False,unconditioned_residual,1,5.0,40.32099453704743
external_dual_three_phase_flt0z_load_25nm,25.0,0,,True,1,2,2.1872006585410397,True,calibration,,False,False,unconditioned_residual,1,5.0,40.32099453704743
external_dual_three_phase_flt0z_load_25nm,25.0,0,,True,2,2,0.45363954678786655,True,calibration,,False,False,unconditioned_residual,1,5.0,40.32099453704743
external_dual_three_phase_flt0z_load_25nm,25.0,0,,True,3,2,0.39292494673098716,True,calibration,,False,False,unconditioned_residual,1,5.0,40.32099453704743
external_dual_three_phase_flt0z_load_25nm,25.0,0,,True,4,2,0.35423839804861834,True,calibration,,False,False,unconditioned_residual,1,5.0,40.32099453704743
external_dual_three_phase_flt0z_load_25nm,25.0,0,,True,5,2,0.35153770284998653,True,calibration,,False,False,unconditioned_residual,1,5.0,40.32099453704743
external_dual_three_phase_flt0z_load_25nm,25.0,0,,True,6,2,0.4963391690221798,True,calibration,,False,False,unconditioned_residual,1,5.0,40.32099453704743
external_dual_three_phase_flt0z_load_25nm,25.0,0,,True,7,2,0.770938308422413,True,calibration,,False,False,unconditioned_residual,1,5.0,40.32099453704743
external_dual_three_phase_flt0z_load_30nm,30.0,0,,True,0,2,40.32099453704743,True,calibration,,False,False,unconditioned_residual,1,5.0,40.32099453704743
external_dual_three_phase_flt0z_load_30nm,30.0,0,,True,1,2,2.0026658461694877,True,calibration,,False,False,unconditioned_residual,1,5.0,40.32099453704743
external_dual_three_phase_flt0z_load_30nm,30.0,0,,True,2,2,0.4112845365002814,True,calibration,,False,False,unconditioned_residual,1,5.0,40.32099453704743
external_dual_three_phase_flt0z_load_30nm,30.0,0,,True,3,2,0.40467383859643447,True,calibration,,False,False,unconditioned_residual,1,5.0,40.32099453704743
external_dual_three_phase_flt0z_load_30nm,30.0,0,,True,4,2,0.37097824162639065,True,calibration,,False,False,unconditioned_residual,1,5.0,40.32099453704743
external_dual_three_phase_flt0z_load_30nm,30.0,0,,True,5,2,0.38052525005573645,True,calibration,,False,False,unconditioned_residual,1,5.0,40.32099453704743
external_dual_three_phase_flt0z_load_30nm,30.0,0,,True,6,2,0.49318385464024017,True,calibration,,False,False,unconditioned_residual,1,5.0,40.32099453704743
external_dual_three_phase_flt0z_load_30nm,30.0,0,,True,7,2,0.7740241984944856,True,calibration,,False,False,unconditioned_residual,1,5.0,40.32099453704743
external_dual_three_phase_flt0z_load_5nm,5.0,0,,True,0,2,38.08006878857261,True,health_test,0.12,False,False,unconditioned_residual,1,5.0,40.32099453704743
external_dual_three_phase_flt0z_load_5nm,5.0,0,,True,1,2,2.186496451489763,True,health_test,0.2,False,False,unconditioned_residual,1,5.0,40.32099453704743
external_dual_three_phase_flt0z_load_5nm,5.0,0,,True,2,2,0.511634502994001,True,health_test,0.4,False,False,unconditioned_residual,1,5.0,40.32099453704743
external_dual_three_phase_flt0z_load_5nm,5.0,0,,True,3,2,0.5934883366097738,True,health_test,0.4,False,False,unconditioned_residual,1,5.0,40.32099453704743
external_dual_three_phase_flt0z_load_5nm,5.0,0,,True,4,2,0.6221032089246806,True,health_test,0.4,False,False,unconditioned_residual,1,5.0,40.32099453704743
external_dual_three_phase_flt0z_load_5nm,5.0,0,,True,5,2,0.7228478773980194,True,health_test,0.4,False,False,unconditioned_residual,1,5.0,40.32099453704743
external_dual_three_phase_flt0z_load_5nm,5.0,0,,True,6,2,1.0553822494151575,True,health_test,0.28,False,False,unconditioned_residual,1,5.0,40.32099453704743
external_dual_three_phase_flt0z_load_5nm,5.0,0,,True,7,2,1.7668485261472935,True,health_test,0.28,False,False,unconditioned_residual,1,5.0,40.32099453704743
external_dual_three_phase_flt1zu_load_5nm,5.0,1,u,False,0,2,37.42502850322682,True,fault_test,0.12,False,False,unconditioned_residual,1,5.0,40.32099453704743
external_dual_three_phase_flt1zu_load_5nm,5.0,1,u,False,1,2,2.9233963168874793,True,fault_test,0.16,False,False,unconditioned_residual,1,5.0,40.32099453704743
external_dual_three_phase_flt1zu_load_5nm,5.0,1,u,False,2,2,2.484654341721002,True,fault_test,0.16,False,False,unconditioned_residual,1,5.0,40.32099453704743
external_dual_three_phase_flt1zu_load_5nm,5.0,1,u,False,3,2,5.375847276793606,True,fault_test,0.16,False,False,unconditioned_residual,1,5.0,40.32099453704743
external_dual_three_phase_flt1zu_load_5nm,5.0,1,u,False,4,2,11.465133277008954,True,fault_test,0.16,False,False,unconditioned_residual,1,5.0,40.32099453704743
external_dual_three_phase_flt1zu_load_5nm,5.0,1,u,False,5,2,18.200184334902954,True,fault_test,0.16,False,False,unconditioned_residual,1,5.0,40.32099453704743
external_dual_three_phase_flt1zu_load_5nm,5.0,1,u,False,6,2,32.993208309191814,True,fault_test,0.16,False,False,unconditioned_residual,1,5.0,40.32099453704743
external_dual_three_phase_flt1zu_load_5nm,5.0,1,u,False,7,2,58.87111067495391,True,fault_test,0.04,True,True,unconditioned_residual,1,5.0,40.32099453704743
external_dual_three_phase_flt2zv_load_5nm,5.0,2,v,False,0,2,37.17269473562892,True,fault_test,0.12,False,False,unconditioned_residual,1,5.0,40.32099453704743
external_dual_three_phase_flt2zv_load_5nm,5.0,2,v,False,1,2,4.127608547905543,True,fault_test,0.16,False,False,unconditioned_residual,1,5.0,40.32099453704743
external_dual_three_phase_flt2zv_load_5nm,5.0,2,v,False,2,2,12.893490318801298,True,fault_test,0.16,False,False,unconditioned_residual,1,5.0,40.32099453704743
external_dual_three_phase_flt2zv_load_5nm,5.0,2,v,False,3,2,31.473522258257212,True,fault_test,0.16,False,False,unconditioned_residual,1,5.0,40.32099453704743
external_dual_three_phase_flt2zv_load_5nm,5.0,2,v,False,4,2,62.683154350065465,True,fault_test,0.04,True,True,unconditioned_residual,1,5.0,40.32099453704743
external_dual_three_phase_flt2zv_load_5nm,5.0,2,v,False,5,2,100.47243641399047,True,fault_test,0.04,True,True,unconditioned_residual,1,5.0,40.32099453704743
external_dual_three_phase_flt2zv_load_5nm,5.0,2,v,False,6,2,157.27662782439018,True,fault_test,0.04,True,True,unconditioned_residual,1,5.0,40.32099453704743
external_dual_three_phase_flt2zv_load_5nm,5.0,2,v,False,7,2,235.17941237665602,True,fault_test,0.04,True,True,unconditioned_residual,1,5.0,40.32099453704743
external_dual_three_phase_flt3zu_load_5nm,5.0,3,u,False,0,2,39.74621569050629,True,fault_test,0.08,False,False,unconditioned_residual,1,5.0,40.32099453704743
external_dual_three_phase_flt3zu_load_5nm,5.0,3,u,False,1,2,11.449313225604566,True,fault_test,0.16,False,False,unconditioned_residual,1,5.0,40.32099453704743
external_dual_three_phase_flt3zu_load_5nm,5.0,3,u,False,2,2,26.29176498483273,True,fault_test,0.16,False,False,unconditioned_residual,1,5.0,40.32099453704743
external_dual_three_phase_flt3zu_load_5nm,5.0,3,u,False,3,2,47.70513533844442,True,fault_test,0.04,True,True,unconditioned_residual,1,5.0,40.32099453704743
external_dual_three_phase_flt3zu_load_5nm,5.0,3,u,False,4,2,75.6146185999122,True,fault_test,0.04,True,True,unconditioned_residual,1,5.0,40.32099453704743
external_dual_three_phase_flt3zu_load_5nm,5.0,3,u,False,5,2,106.73799120331097,True,fault_test,0.04,True,True,unconditioned_residual,1,5.0,40.32099453704743
external_dual_three_phase_flt3zu_load_5nm,5.0,3,u,False,6,2,151.8244597632317,True,fault_test,0.04,True,True,unconditioned_residual,1,5.0,40.32099453704743
external_dual_three_phase_flt3zu_load_5nm,5.0,3,u,False,7,2,203.76111067579052,True,fault_test,0.04,True,True,unconditioned_residual,1,5.0,40.32099453704743
external_dual_three_phase_flt4zv_load_5nm,5.0,4,v,False,0,2,39.68623520095131,True,fault_test,0.08,False,False,unconditioned_residual,1,5.0,40.32099453704743
external_dual_three_phase_flt4zv_load_5nm,5.0,4,v,False,1,2,13.207225428780706,True,fault_test,0.16,False,False,unconditioned_residual,1,5.0,40.32099453704743
external_dual_three_phase_flt4zv_load_5nm,5.0,4,v,False,2,2,32.58775099876668,True,fault_test,0.16,False,False,unconditioned_residual,1,5.0,40.32099453704743
external_dual_three_phase_flt4zv_load_5nm,5.0,4,v,False,3,2,59.574356108071356,True,fault_test,0.04,True,True,unconditioned_residual,1,5.0,40.32099453704743
external_dual_three_phase_flt4zv_load_5nm,5.0,4,v,False,4,2,99.41784895759253,True,fault_test,0.04,True,True,unconditioned_residual,1,5.0,40.32099453704743
external_dual_three_phase_flt4zv_load_5nm,5.0,4,v,False,5,2,142.6108843000735,True,fault_test,0.04,True,True,unconditioned_residual,1,5.0,40.32099453704743
external_dual_three_phase_flt4zv_load_5nm,5.0,4,v,False,6,2,204.15309765645173,True,fault_test,0.04,True,True,unconditioned_residual,1,5.0,40.32099453704743
external_dual_three_phase_flt4zv_load_5nm,5.0,4,v,False,7,2,266.8635202749287,True,fault_test,0.04,True,True,unconditioned_residual,1,5.0,40.32099453704743
external_dual_three_phase_flt5zu_load_5nm,5.0,5,u,False,0,2,40.19707688376789,True,fault_test,0.08,False,False,unconditioned_residual,1,5.0,40.32099453704743
external_dual_three_phase_flt5zu_load_5nm,5.0,5,u,False,1,2,8.464110207886952,True,fault_test,0.16,False,False,unconditioned_residual,1,5.0,40.32099453704743
external_dual_three_phase_flt5zu_load_5nm,5.0,5,u,False,2,2,18.733165563434056,True,fault_test,0.16,False,False,unconditioned_residual,1,5.0,40.32099453704743
external_dual_three_phase_flt5zu_load_5nm,5.0,5,u,False,3,2,34.24209688437223,True,fault_test,0.16,False,False,unconditioned_residual,1,5.0,40.32099453704743
external_dual_three_phase_flt5zu_load_5nm,5.0,5,u,False,4,2,50.24871907891179,True,fault_test,0.04,True,True,unconditioned_residual,1,5.0,40.32099453704743
external_dual_three_phase_flt5zu_load_5nm,5.0,5,u,False,5,2,80.02907614899459,True,fault_test,0.04,True,True,unconditioned_residual,1,5.0,40.32099453704743
external_dual_three_phase_flt5zu_load_5nm,5.0,5,u,False,6,2,139.81357148731766,True,fault_test,0.04,True,True,unconditioned_residual,1,5.0,40.32099453704743
external_dual_three_phase_flt5zu_load_5nm,5.0,5,u,False,7,2,245.8431152361689,True,fault_test,0.04,True,True,unconditioned_residual,1,5.0,40.32099453704743
external_dual_three_phase_flt6zu_load_5nm,5.0,6,u,False,0,2,37.61147549762046,True,fault_test,0.12,False,False,unconditioned_residual,1,5.0,40.32099453704743
external_dual_three_phase_flt6zu_load_5nm,5.0,6,u,False,1,2,10.426758515470523,True,fault_test,0.16,False,False,unconditioned_residual,1,5.0,40.32099453704743
external_dual_three_phase_flt6zu_load_5nm,5.0,6,u,False,2,2,20.676096651989297,True,fault_test,0.16,False,False,unconditioned_residual,1,5.0,40.32099453704743
external_dual_three_phase_flt6zu_load_5nm,5.0,6,u,False,3,2,35.39378943455107,True,fault_test,0.16,False,False,unconditioned_residual,1,5.0,40.32099453704743
external_dual_three_phase_flt6zu_load_5nm,5.0,6,u,False,4,2,53.97787273056366,True,fault_test,0.04,True,True,unconditioned_residual,1,5.0,40.32099453704743
external_dual_three_phase_flt6zu_load_5nm,5.0,6,u,False,5,2,89.79261160539983,True,fault_test,0.04,True,True,unconditioned_residual,1,5.0,40.32099453704743
external_dual_three_phase_flt6zu_load_5nm,5.0,6,u,False,6,2,157.01544732342592,True,fault_test,0.04,True,True,unconditioned_residual,1,5.0,40.32099453704743
external_dual_three_phase_flt6zu_load_5nm,5.0,6,u,False,7,2,269.7754313077512,True,fault_test,0.04,True,True,unconditioned_residual,1,5.0,40.32099453704743
external_dual_three_phase_flt0z_load_15nm,15.0,0,,True,0,2,48.90745520071803,True,calibration,,False,False,linear_residual,1,5.0,50.70479982357014
external_dual_three_phase_flt0z_load_15nm,15.0,0,,True,1,2,6.6056338768708756,True,calibration,,False,False,linear_residual,1,5.0,50.70479982357014
external_dual_three_phase_flt0z_load_15nm,15.0,0,,True,2,2,1.5968461991464524,True,calibration,,False,False,linear_residual,1,5.0,50.70479982357014
external_dual_three_phase_flt0z_load_15nm,15.0,0,,True,3,2,1.3604744491906107,True,calibration,,False,False,linear_residual,1,5.0,50.70479982357014
external_dual_three_phase_flt0z_load_15nm,15.0,0,,True,4,2,1.2384899738759212,True,calibration,,False,False,linear_residual,1,5.0,50.70479982357014
external_dual_three_phase_flt0z_load_15nm,15.0,0,,True,5,2,0.9988517956638792,True,calibration,,False,False,linear_residual,1,5.0,50.70479982357014
external_dual_three_phase_flt0z_load_15nm,15.0,0,,True,6,2,1.5775675375410816,True,calibration,,False,False,linear_residual,1,5.0,50.70479982357014
external_dual_three_phase_flt0z_load_15nm,15.0,0,,True,7,2,2.888329718717479,True,calibration,,False,False,linear_residual,1,5.0,50.70479982357014
external_dual_three_phase_flt0z_load_25nm,25.0,0,,True,0,2,43.094048244543885,True,calibration,,False,False,linear_residual,1,5.0,50.70479982357014
external_dual_three_phase_flt0z_load_25nm,25.0,0,,True,1,2,6.303930045791757,True,calibration,,False,False,linear_residual,1,5.0,50.70479982357014
external_dual_three_phase_flt0z_load_25nm,25.0,0,,True,2,2,1.1268332207522544,True,calibration,,False,False,linear_residual,1,5.0,50.70479982357014
external_dual_three_phase_flt0z_load_25nm,25.0,0,,True,3,2,0.7604157891031191,True,calibration,,False,False,linear_residual,1,5.0,50.70479982357014
external_dual_three_phase_flt0z_load_25nm,25.0,0,,True,4,2,0.5701271991072179,True,calibration,,False,False,linear_residual,1,5.0,50.70479982357014
external_dual_three_phase_flt0z_load_25nm,25.0,0,,True,5,2,0.5184850988643346,True,calibration,,False,False,linear_residual,1,5.0,50.70479982357014
external_dual_three_phase_flt0z_load_25nm,25.0,0,,True,6,2,1.3214322420417348,True,calibration,,False,False,linear_residual,1,5.0,50.70479982357014
external_dual_three_phase_flt0z_load_25nm,25.0,0,,True,7,2,2.849645708142279,True,calibration,,False,False,linear_residual,1,5.0,50.70479982357014
external_dual_three_phase_flt0z_load_30nm,30.0,0,,True,0,2,50.70479982357014,True,calibration,,False,False,linear_residual,1,5.0,50.70479982357014
external_dual_three_phase_flt0z_load_30nm,30.0,0,,True,1,2,5.581738612884747,True,calibration,,False,False,linear_residual,1,5.0,50.70479982357014
external_dual_three_phase_flt0z_load_30nm,30.0,0,,True,2,2,0.7558641570070256,True,calibration,,False,False,linear_residual,1,5.0,50.70479982357014
external_dual_three_phase_flt0z_load_30nm,30.0,0,,True,3,2,0.6857725288480636,True,calibration,,False,False,linear_residual,1,5.0,50.70479982357014
external_dual_three_phase_flt0z_load_30nm,30.0,0,,True,4,2,0.4990090471655775,True,calibration,,False,False,linear_residual,1,5.0,50.70479982357014
external_dual_three_phase_flt0z_load_30nm,30.0,0,,True,5,2,0.4476118000378846,True,calibration,,False,False,linear_residual,1,5.0,50.70479982357014
external_dual_three_phase_flt0z_load_30nm,30.0,0,,True,6,2,1.2239310796451974,True,calibration,,False,False,linear_residual,1,5.0,50.70479982357014
external_dual_three_phase_flt0z_load_30nm,30.0,0,,True,7,2,2.7157270088933267,True,calibration,,False,False,linear_residual,1,5.0,50.70479982357014
external_dual_three_phase_flt0z_load_5nm,5.0,0,,True,0,2,49.34762429928743,True,health_test,0.08,False,False,linear_residual,1,5.0,50.70479982357014
external_dual_three_phase_flt0z_load_5nm,5.0,0,,True,1,2,8.769832462814517,True,health_test,0.16,False,False,linear_residual,1,5.0,50.70479982357014
external_dual_three_phase_flt0z_load_5nm,5.0,0,,True,2,2,3.736727055580728,True,health_test,0.28,False,False,linear_residual,1,5.0,50.70479982357014
external_dual_three_phase_flt0z_load_5nm,5.0,0,,True,3,2,3.035000932498126,True,health_test,0.28,False,False,linear_residual,1,5.0,50.70479982357014
external_dual_three_phase_flt0z_load_5nm,5.0,0,,True,4,2,3.2612225546893394,True,health_test,0.28,False,False,linear_residual,1,5.0,50.70479982357014
external_dual_three_phase_flt0z_load_5nm,5.0,0,,True,5,2,3.490158293947182,True,health_test,0.28,False,False,linear_residual,1,5.0,50.70479982357014
external_dual_three_phase_flt0z_load_5nm,5.0,0,,True,6,2,5.77441460582944,True,health_test,0.24,False,False,linear_residual,1,5.0,50.70479982357014
external_dual_three_phase_flt0z_load_5nm,5.0,0,,True,7,2,10.208439859621258,True,health_test,0.16,False,False,linear_residual,1,5.0,50.70479982357014
external_dual_three_phase_flt1zu_load_5nm,5.0,1,u,False,0,2,60.56350632859157,True,fault_test,0.04,True,True,linear_residual,1,5.0,50.70479982357014
external_dual_three_phase_flt1zu_load_5nm,5.0,1,u,False,1,2,25.804966598303306,True,fault_test,0.16,False,False,linear_residual,1,5.0,50.70479982357014
external_dual_three_phase_flt1zu_load_5nm,5.0,1,u,False,2,2,36.255672508132236,True,fault_test,0.16,False,False,linear_residual,1,5.0,50.70479982357014
external_dual_three_phase_flt1zu_load_5nm,5.0,1,u,False,3,2,82.7468082557719,True,fault_test,0.04,True,True,linear_residual,1,5.0,50.70479982357014
external_dual_three_phase_flt1zu_load_5nm,5.0,1,u,False,4,2,198.17177517398935,True,fault_test,0.04,True,True,linear_residual,1,5.0,50.70479982357014
external_dual_three_phase_flt1zu_load_5nm,5.0,1,u,False,5,2,341.63576532273464,True,fault_test,0.04,True,True,linear_residual,1,5.0,50.70479982357014
external_dual_three_phase_flt1zu_load_5nm,5.0,1,u,False,6,2,639.9894219617752,True,fault_test,0.04,True,True,linear_residual,1,5.0,50.70479982357014
external_dual_three_phase_flt1zu_load_5nm,5.0,1,u,False,7,2,1084.320647473529,True,fault_test,0.04,True,True,linear_residual,1,5.0,50.70479982357014
external_dual_three_phase_flt2zv_load_5nm,5.0,2,v,False,0,2,48.84092581863099,True,fault_test,0.12,False,False,linear_residual,1,5.0,50.70479982357014
external_dual_three_phase_flt2zv_load_5nm,5.0,2,v,False,1,2,76.19394186081395,True,fault_test,0.04,True,True,linear_residual,1,5.0,50.70479982357014
external_dual_three_phase_flt2zv_load_5nm,5.0,2,v,False,2,2,174.9723231002633,True,fault_test,0.04,True,True,linear_residual,1,5.0,50.70479982357014
external_dual_three_phase_flt2zv_load_5nm,5.0,2,v,False,3,2,341.24150564078803,True,fault_test,0.04,True,True,linear_residual,1,5.0,50.70479982357014
external_dual_three_phase_flt2zv_load_5nm,5.0,2,v,False,4,2,638.8946073587505,True,fault_test,0.04,True,True,linear_residual,1,5.0,50.70479982357014
external_dual_three_phase_flt2zv_load_5nm,5.0,2,v,False,5,2,993.3893475211172,True,fault_test,0.04,True,True,linear_residual,1,5.0,50.70479982357014
external_dual_three_phase_flt2zv_load_5nm,5.0,2,v,False,6,2,1489.8782083567269,True,fault_test,0.04,True,True,linear_residual,1,5.0,50.70479982357014
external_dual_three_phase_flt2zv_load_5nm,5.0,2,v,False,7,2,2399.756229150626,True,fault_test,0.04,True,True,linear_residual,1,5.0,50.70479982357014
external_dual_three_phase_flt3zu_load_5nm,5.0,3,u,False,0,2,90.33662358636911,True,fault_test,0.04,True,True,linear_residual,1,5.0,50.70479982357014
external_dual_three_phase_flt3zu_load_5nm,5.0,3,u,False,1,2,202.6758229791708,True,fault_test,0.04,True,True,linear_residual,1,5.0,50.70479982357014
external_dual_three_phase_flt3zu_load_5nm,5.0,3,u,False,2,2,465.09199717051894,True,fault_test,0.04,True,True,linear_residual,1,5.0,50.70479982357014
external_dual_three_phase_flt3zu_load_5nm,5.0,3,u,False,3,2,862.9425700327249,True,fault_test,0.04,True,True,linear_residual,1,5.0,50.70479982357014
external_dual_three_phase_flt3zu_load_5nm,5.0,3,u,False,4,2,1400.5796361871144,True,fault_test,0.04,True,True,linear_residual,1,5.0,50.70479982357014
external_dual_three_phase_flt3zu_load_5nm,5.0,3,u,False,5,2,2122.9363418129624,True,fault_test,0.04,True,True,linear_residual,1,5.0,50.70479982357014
external_dual_three_phase_flt3zu_load_5nm,5.0,3,u,False,6,2,2947.7434759737625,True,fault_test,0.04,True,True,linear_residual,1,5.0,50.70479982357014
external_dual_three_phase_flt3zu_load_5nm,5.0,3,u,False,7,2,4181.404097982205,True,fault_test,0.04,True,True,linear_residual,1,5.0,50.70479982357014
external_dual_three_phase_flt4zv_load_5nm,5.0,4,v,False,0,2,63.55962264884894,True,fault_test,0.04,True,True,linear_residual,1,5.0,50.70479982357014
external_dual_three_phase_flt4zv_load_5nm,5.0,4,v,False,1,2,174.51834687856984,True,fault_test,0.04,True,True,linear_residual,1,5.0,50.70479982357014
external_dual_three_phase_flt4zv_load_5nm,5.0,4,v,False,2,2,351.6625799055823,True,fault_test,0.04,True,True,linear_residual,1,5.0,50.70479982357014
external_dual_three_phase_flt4zv_load_5nm,5.0,4,v,False,3,2,573.475831092652,True,fault_test,0.04,True,True,linear_residual,1,5.0,50.70479982357014
external_dual_three_phase_flt4zv_load_5nm,5.0,4,v,False,4,2,957.5396093421739,True,fault_test,0.04,True,True,linear_residual,1,5.0,50.70479982357014
external_dual_three_phase_flt4zv_load_5nm,5.0,4,v,False,5,2,1427.3947226951118,True,fault_test,0.04,True,True,linear_residual,1,5.0,50.70479982357014
external_dual_three_phase_flt4zv_load_5nm,5.0,4,v,False,6,2,2072.806049975775,True,fault_test,0.04,True,True,linear_residual,1,5.0,50.70479982357014
external_dual_three_phase_flt4zv_load_5nm,5.0,4,v,False,7,2,3221.4777124285606,True,fault_test,0.04,True,True,linear_residual,1,5.0,50.70479982357014
external_dual_three_phase_flt5zu_load_5nm,5.0,5,u,False,0,2,98.0018602725774,True,fault_test,0.04,True,True,linear_residual,1,5.0,50.70479982357014
external_dual_three_phase_flt5zu_load_5nm,5.0,5,u,False,1,2,157.97707348145548,True,fault_test,0.04,True,True,linear_residual,1,5.0,50.70479982357014
external_dual_three_phase_flt5zu_load_5nm,5.0,5,u,False,2,2,365.15615688796254,True,fault_test,0.04,True,True,linear_residual,1,5.0,50.70479982357014
external_dual_three_phase_flt5zu_load_5nm,5.0,5,u,False,3,2,610.08484866872,True,fault_test,0.04,True,True,linear_residual,1,5.0,50.70479982357014
external_dual_three_phase_flt5zu_load_5nm,5.0,5,u,False,4,2,921.5765403179134,True,fault_test,0.04,True,True,linear_residual,1,5.0,50.70479982357014
external_dual_three_phase_flt5zu_load_5nm,5.0,5,u,False,5,2,1399.5451316587255,True,fault_test,0.04,True,True,linear_residual,1,5.0,50.70479982357014
external_dual_three_phase_flt5zu_load_5nm,5.0,5,u,False,6,2,2132.1462273395464,True,fault_test,0.04,True,True,linear_residual,1,5.0,50.70479982357014
external_dual_three_phase_flt5zu_load_5nm,5.0,5,u,False,7,2,3608.371404209115,True,fault_test,0.04,True,True,linear_residual,1,5.0,50.70479982357014
external_dual_three_phase_flt6zu_load_5nm,5.0,6,u,False,0,2,96.10856928645359,True,fault_test,0.04,True,True,linear_residual,1,5.0,50.70479982357014
external_dual_three_phase_flt6zu_load_5nm,5.0,6,u,False,1,2,212.74937245530708,True,fault_test,0.04,True,True,linear_residual,1,5.0,50.70479982357014
external_dual_three_phase_flt6zu_load_5nm,5.0,6,u,False,2,2,404.5424928533002,True,fault_test,0.04,True,True,linear_residual,1,5.0,50.70479982357014
external_dual_three_phase_flt6zu_load_5nm,5.0,6,u,False,3,2,638.1670274948252,True,fault_test,0.04,True,True,linear_residual,1,5.0,50.70479982357014
external_dual_three_phase_flt6zu_load_5nm,5.0,6,u,False,4,2,974.1542682315047,True,fault_test,0.04,True,True,linear_residual,1,5.0,50.70479982357014
external_dual_three_phase_flt6zu_load_5nm,5.0,6,u,False,5,2,1506.8220064542056,True,fault_test,0.04,True,True,linear_residual,1,5.0,50.70479982357014
external_dual_three_phase_flt6zu_load_5nm,5.0,6,u,False,6,2,2351.061374541172,True,fault_test,0.04,True,True,linear_residual,1,5.0,50.70479982357014
external_dual_three_phase_flt6zu_load_5nm,5.0,6,u,False,7,2,3917.5581874053814,True,fault_test,0.04,True,True,linear_residual,1,5.0,50.70479982357014
external_dual_three_phase_flt0z_load_15nm,15.0,0,,True,0,2,45.87817422365183,True,calibration,,False,False,quadratic_residual,1,5.0,48.06088527696723
external_dual_three_phase_flt0z_load_15nm,15.0,0,,True,1,2,5.948987196690968,True,calibration,,False,False,quadratic_residual,1,5.0,48.06088527696723
external_dual_three_phase_flt0z_load_15nm,15.0,0,,True,2,2,1.16527978602956,True,calibration,,False,False,quadratic_residual,1,5.0,48.06088527696723
external_dual_three_phase_flt0z_load_15nm,15.0,0,,True,3,2,0.880003152164158,True,calibration,,False,False,quadratic_residual,1,5.0,48.06088527696723
external_dual_three_phase_flt0z_load_15nm,15.0,0,,True,4,2,0.783210274591022,True,calibration,,False,False,quadratic_residual,1,5.0,48.06088527696723
external_dual_three_phase_flt0z_load_15nm,15.0,0,,True,5,2,0.787377514948977,True,calibration,,False,False,quadratic_residual,1,5.0,48.06088527696723
external_dual_three_phase_flt0z_load_15nm,15.0,0,,True,6,2,1.5133650143915869,True,calibration,,False,False,quadratic_residual,1,5.0,48.06088527696723
external_dual_three_phase_flt0z_load_15nm,15.0,0,,True,7,2,4.234144496415245,True,calibration,,False,False,quadratic_residual,1,5.0,48.06088527696723
external_dual_three_phase_flt0z_load_25nm,25.0,0,,True,0,2,40.945282892923636,True,calibration,,False,False,quadratic_residual,1,5.0,48.06088527696723
external_dual_three_phase_flt0z_load_25nm,25.0,0,,True,1,2,5.990457234481869,True,calibration,,False,False,quadratic_residual,1,5.0,48.06088527696723
external_dual_three_phase_flt0z_load_25nm,25.0,0,,True,2,2,1.153643907836635,True,calibration,,False,False,quadratic_residual,1,5.0,48.06088527696723
external_dual_three_phase_flt0z_load_25nm,25.0,0,,True,3,2,0.7115653498624348,True,calibration,,False,False,quadratic_residual,1,5.0,48.06088527696723
external_dual_three_phase_flt0z_load_25nm,25.0,0,,True,4,2,0.5072635478269596,True,calibration,,False,False,quadratic_residual,1,5.0,48.06088527696723
external_dual_three_phase_flt0z_load_25nm,25.0,0,,True,5,2,0.6399801953259188,True,calibration,,False,False,quadratic_residual,1,5.0,48.06088527696723
external_dual_three_phase_flt0z_load_25nm,25.0,0,,True,6,2,0.9293887254019657,True,calibration,,False,False,quadratic_residual,1,5.0,48.06088527696723
external_dual_three_phase_flt0z_load_25nm,25.0,0,,True,7,2,2.8949620350554612,True,calibration,,False,False,quadratic_residual,1,5.0,48.06088527696723
external_dual_three_phase_flt0z_load_30nm,30.0,0,,True,0,2,48.06088527696723,True,calibration,,False,False,quadratic_residual,1,5.0,48.06088527696723
external_dual_three_phase_flt0z_load_30nm,30.0,0,,True,1,2,5.556270387348278,True,calibration,,False,False,quadratic_residual,1,5.0,48.06088527696723
external_dual_three_phase_flt0z_load_30nm,30.0,0,,True,2,2,1.0886086441452556,True,calibration,,False,False,quadratic_residual,1,5.0,48.06088527696723
external_dual_three_phase_flt0z_load_30nm,30.0,0,,True,3,2,0.7560560986564094,True,calibration,,False,False,quadratic_residual,1,5.0,48.06088527696723
external_dual_three_phase_flt0z_load_30nm,30.0,0,,True,4,2,0.5452500878748836,True,calibration,,False,False,quadratic_residual,1,5.0,48.06088527696723
external_dual_three_phase_flt0z_load_30nm,30.0,0,,True,5,2,0.622082803638823,True,calibration,,False,False,quadratic_residual,1,5.0,48.06088527696723
external_dual_three_phase_flt0z_load_30nm,30.0,0,,True,6,2,0.7637812862407606,True,calibration,,False,False,quadratic_residual,1,5.0,48.06088527696723
external_dual_three_phase_flt0z_load_30nm,30.0,0,,True,7,2,2.5612940829715236,True,calibration,,False,False,quadratic_residual,1,5.0,48.06088527696723
external_dual_three_phase_flt0z_load_5nm,5.0,0,,True,0,2,45.416655695869714,True,health_test,0.12,False,False,quadratic_residual,1,5.0,48.06088527696723
external_dual_three_phase_flt0z_load_5nm,5.0,0,,True,1,2,8.193661721326976,True,health_test,0.16,False,False,quadratic_residual,1,5.0,48.06088527696723
external_dual_three_phase_flt0z_load_5nm,5.0,0,,True,2,2,3.411910100426642,True,health_test,0.32,False,False,quadratic_residual,1,5.0,48.06088527696723
external_dual_three_phase_flt0z_load_5nm,5.0,0,,True,3,2,2.639073510102881,True,health_test,0.36,False,False,quadratic_residual,1,5.0,48.06088527696723
external_dual_three_phase_flt0z_load_5nm,5.0,0,,True,4,2,2.615298854117718,True,health_test,0.36,False,False,quadratic_residual,1,5.0,48.06088527696723
external_dual_three_phase_flt0z_load_5nm,5.0,0,,True,5,2,3.3386118384984504,True,health_test,0.32,False,False,quadratic_residual,1,5.0,48.06088527696723
external_dual_three_phase_flt0z_load_5nm,5.0,0,,True,6,2,4.539739479708707,True,health_test,0.28,False,False,quadratic_residual,1,5.0,48.06088527696723
external_dual_three_phase_flt0z_load_5nm,5.0,0,,True,7,2,7.4751721961810595,True,health_test,0.16,False,False,quadratic_residual,1,5.0,48.06088527696723
external_dual_three_phase_flt1zu_load_5nm,5.0,1,u,False,0,2,58.15491910337417,True,fault_test,0.04,True,True,quadratic_residual,1,5.0,48.06088527696723
external_dual_three_phase_flt1zu_load_5nm,5.0,1,u,False,1,2,31.834485745353845,True,fault_test,0.16,False,False,quadratic_residual,1,5.0,48.06088527696723
external_dual_three_phase_flt1zu_load_5nm,5.0,1,u,False,2,2,48.118811215777285,True,fault_test,0.04,True,True,quadratic_residual,1,5.0,48.06088527696723
external_dual_three_phase_flt1zu_load_5nm,5.0,1,u,False,3,2,106.14312504238893,True,fault_test,0.04,True,True,quadratic_residual,1,5.0,48.06088527696723
external_dual_three_phase_flt1zu_load_5nm,5.0,1,u,False,4,2,247.9730965281452,True,fault_test,0.04,True,True,quadratic_residual,1,5.0,48.06088527696723
external_dual_three_phase_flt1zu_load_5nm,5.0,1,u,False,5,2,418.9944511040344,True,fault_test,0.04,True,True,quadratic_residual,1,5.0,48.06088527696723
external_dual_three_phase_flt1zu_load_5nm,5.0,1,u,False,6,2,769.2162129556834,True,fault_test,0.04,True,True,quadratic_residual,1,5.0,48.06088527696723
external_dual_three_phase_flt1zu_load_5nm,5.0,1,u,False,7,2,1288.7438779116046,True,fault_test,0.04,True,True,quadratic_residual,1,5.0,48.06088527696723
external_dual_three_phase_flt2zv_load_5nm,5.0,2,v,False,0,2,45.913670366125,True,fault_test,0.08,False,False,quadratic_residual,1,5.0,48.06088527696723
external_dual_three_phase_flt2zv_load_5nm,5.0,2,v,False,1,2,91.65151964025755,True,fault_test,0.04,True,True,quadratic_residual,1,5.0,48.06088527696723
external_dual_three_phase_flt2zv_load_5nm,5.0,2,v,False,2,2,212.86987787173302,True,fault_test,0.04,True,True,quadratic_residual,1,5.0,48.06088527696723
external_dual_three_phase_flt2zv_load_5nm,5.0,2,v,False,3,2,425.44038777233345,True,fault_test,0.04,True,True,quadratic_residual,1,5.0,48.06088527696723
external_dual_three_phase_flt2zv_load_5nm,5.0,2,v,False,4,2,801.2379022870341,True,fault_test,0.04,True,True,quadratic_residual,1,5.0,48.06088527696723
external_dual_three_phase_flt2zv_load_5nm,5.0,2,v,False,5,2,1246.4540928379583,True,fault_test,0.04,True,True,quadratic_residual,1,5.0,48.06088527696723
external_dual_three_phase_flt2zv_load_5nm,5.0,2,v,False,6,2,1891.8459782363043,True,fault_test,0.04,True,True,quadratic_residual,1,5.0,48.06088527696723
external_dual_three_phase_flt2zv_load_5nm,5.0,2,v,False,7,2,2980.9232325421544,True,fault_test,0.04,True,True,quadratic_residual,1,5.0,48.06088527696723
external_dual_three_phase_flt3zu_load_5nm,5.0,3,u,False,0,2,114.98801205005384,True,fault_test,0.04,True,True,quadratic_residual,1,5.0,48.06088527696723
external_dual_three_phase_flt3zu_load_5nm,5.0,3,u,False,1,2,281.8472516773469,True,fault_test,0.04,True,True,quadratic_residual,1,5.0,48.06088527696723
external_dual_three_phase_flt3zu_load_5nm,5.0,3,u,False,2,2,635.1634733468801,True,fault_test,0.04,True,True,quadratic_residual,1,5.0,48.06088527696723
external_dual_three_phase_flt3zu_load_5nm,5.0,3,u,False,3,2,1141.1467317988265,True,fault_test,0.04,True,True,quadratic_residual,1,5.0,48.06088527696723
external_dual_three_phase_flt3zu_load_5nm,5.0,3,u,False,4,2,1835.4106012556351,True,fault_test,0.04,True,True,quadratic_residual,1,5.0,48.06088527696723
external_dual_three_phase_flt3zu_load_5nm,5.0,3,u,False,5,2,2687.067260099255,True,fault_test,0.04,True,True,quadratic_residual,1,5.0,48.06088527696723
external_dual_three_phase_flt3zu_load_5nm,5.0,3,u,False,6,2,3665.4818216979957,True,fault_test,0.04,True,True,quadratic_residual,1,5.0,48.06088527696723
external_dual_three_phase_flt3zu_load_5nm,5.0,3,u,False,7,2,5102.25524168107,True,fault_test,0.04,True,True,quadratic_residual,1,5.0,48.06088527696723
external_dual_three_phase_flt4zv_load_5nm,5.0,4,v,False,0,2,71.05129849527293,True,fault_test,0.04,True,True,quadratic_residual,1,5.0,48.06088527696723
external_dual_three_phase_flt4zv_load_5nm,5.0,4,v,False,1,2,218.4844799151469,True,fault_test,0.04,True,True,quadratic_residual,1,5.0,48.06088527696723
external_dual_three_phase_flt4zv_load_5nm,5.0,4,v,False,2,2,445.20017066281594,True,fault_test,0.04,True,True,quadratic_residual,1,5.0,48.06088527696723
external_dual_three_phase_flt4zv_load_5nm,5.0,4,v,False,3,2,732.7126416422448,True,fault_test,0.04,True,True,quadratic_residual,1,5.0,48.06088527696723
external_dual_three_phase_flt4zv_load_5nm,5.0,4,v,False,4,2,1215.0332020683188,True,fault_test,0.04,True,True,quadratic_residual,1,5.0,48.06088527696723
external_dual_three_phase_flt4zv_load_5nm,5.0,4,v,False,5,2,1782.2358187738544,True,fault_test,0.04,True,True,quadratic_residual,1,5.0,48.06088527696723
external_dual_three_phase_flt4zv_load_5nm,5.0,4,v,False,6,2,2590.146155696589,True,fault_test,0.04,True,True,quadratic_residual,1,5.0,48.06088527696723
external_dual_three_phase_flt4zv_load_5nm,5.0,4,v,False,7,2,3869.0554881843755,True,fault_test,0.04,True,True,quadratic_residual,1,5.0,48.06088527696723
external_dual_three_phase_flt5zu_load_5nm,5.0,5,u,False,0,2,129.35884988864547,True,fault_test,0.04,True,True,quadratic_residual,1,5.0,48.06088527696723
external_dual_three_phase_flt5zu_load_5nm,5.0,5,u,False,1,2,196.1969055857054,True,fault_test,0.04,True,True,quadratic_residual,1,5.0,48.06088527696723
external_dual_three_phase_flt5zu_load_5nm,5.0,5,u,False,2,2,427.84358270799953,True,fault_test,0.04,True,True,quadratic_residual,1,5.0,48.06088527696723
external_dual_three_phase_flt5zu_load_5nm,5.0,5,u,False,3,2,699.911272495751,True,fault_test,0.04,True,True,quadratic_residual,1,5.0,48.06088527696723
external_dual_three_phase_flt5zu_load_5nm,5.0,5,u,False,4,2,1057.4962743086185,True,fault_test,0.04,True,True,quadratic_residual,1,5.0,48.06088527696723
external_dual_three_phase_flt5zu_load_5nm,5.0,5,u,False,5,2,1614.6553201225354,True,fault_test,0.04,True,True,quadratic_residual,1,5.0,48.06088527696723
external_dual_three_phase_flt5zu_load_5nm,5.0,5,u,False,6,2,2505.658604086884,True,fault_test,0.04,True,True,quadratic_residual,1,5.0,48.06088527696723
external_dual_three_phase_flt5zu_load_5nm,5.0,5,u,False,7,2,4299.14605080846,True,fault_test,0.04,True,True,quadratic_residual,1,5.0,48.06088527696723
external_dual_three_phase_flt6zu_load_5nm,5.0,6,u,False,0,2,124.08397863091346,True,fault_test,0.04,True,True,quadratic_residual,1,5.0,48.06088527696723
external_dual_three_phase_flt6zu_load_5nm,5.0,6,u,False,1,2,258.6481233223275,True,fault_test,0.04,True,True,quadratic_residual,1,5.0,48.06088527696723
external_dual_three_phase_flt6zu_load_5nm,5.0,6,u,False,2,2,471.5260988412942,True,fault_test,0.04,True,True,quadratic_residual,1,5.0,48.06088527696723
external_dual_three_phase_flt6zu_load_5nm,5.0,6,u,False,3,2,732.3040723343081,True,fault_test,0.04,True,True,quadratic_residual,1,5.0,48.06088527696723
external_dual_three_phase_flt6zu_load_5nm,5.0,6,u,False,4,2,1119.7664055097212,True,fault_test,0.04,True,True,quadratic_residual,1,5.0,48.06088527696723
external_dual_three_phase_flt6zu_load_5nm,5.0,6,u,False,5,2,1746.5229726648147,True,fault_test,0.04,True,True,quadratic_residual,1,5.0,48.06088527696723
external_dual_three_phase_flt6zu_load_5nm,5.0,6,u,False,6,2,2772.755931011504,True,fault_test,0.04,True,True,quadratic_residual,1,5.0,48.06088527696723
external_dual_three_phase_flt6zu_load_5nm,5.0,6,u,False,7,2,4679.1663259915595,True,fault_test,0.04,True,True,quadratic_residual,1,5.0,48.06088527696723
external_dual_three_phase_flt0z_load_15nm,15.0,0,,True,0,2,45.368209767571194,True,calibration,,False,False,spline_residual,1,5.0,47.28431872625241
external_dual_three_phase_flt0z_load_15nm,15.0,0,,True,1,2,6.246315534427188,True,calibration,,False,False,spline_residual,1,5.0,47.28431872625241
external_dual_three_phase_flt0z_load_15nm,15.0,0,,True,2,2,0.9854969143109679,True,calibration,,False,False,spline_residual,1,5.0,47.28431872625241
external_dual_three_phase_flt0z_load_15nm,15.0,0,,True,3,2,0.9348345941510625,True,calibration,,False,False,spline_residual,1,5.0,47.28431872625241
external_dual_three_phase_flt0z_load_15nm,15.0,0,,True,4,2,0.8878902218772783,True,calibration,,False,False,spline_residual,1,5.0,47.28431872625241
external_dual_three_phase_flt0z_load_15nm,15.0,0,,True,5,2,0.6578026020320664,True,calibration,,False,False,spline_residual,1,5.0,47.28431872625241
external_dual_three_phase_flt0z_load_15nm,15.0,0,,True,6,2,1.2326639556570465,True,calibration,,False,False,spline_residual,1,5.0,47.28431872625241
external_dual_three_phase_flt0z_load_15nm,15.0,0,,True,7,2,1.472264798475482,True,calibration,,False,False,spline_residual,1,5.0,47.28431872625241
external_dual_three_phase_flt0z_load_25nm,25.0,0,,True,0,2,39.19064953907907,True,calibration,,False,False,spline_residual,1,5.0,47.28431872625241
external_dual_three_phase_flt0z_load_25nm,25.0,0,,True,1,2,6.870669828288287,True,calibration,,False,False,spline_residual,1,5.0,47.28431872625241
external_dual_three_phase_flt0z_load_25nm,25.0,0,,True,2,2,1.4558169411752535,True,calibration,,False,False,spline_residual,1,5.0,47.28431872625241
external_dual_three_phase_flt0z_load_25nm,25.0,0,,True,3,2,0.9718503738524403,True,calibration,,False,False,spline_residual,1,5.0,47.28431872625241
external_dual_three_phase_flt0z_load_25nm,25.0,0,,True,4,2,0.8364123416494159,True,calibration,,False,False,spline_residual,1,5.0,47.28431872625241
external_dual_three_phase_flt0z_load_25nm,25.0,0,,True,5,2,0.8132293896122048,True,calibration,,False,False,spline_residual,1,5.0,47.28431872625241
external_dual_three_phase_flt0z_load_25nm,25.0,0,,True,6,2,1.184244293101831,True,calibration,,False,False,spline_residual,1,5.0,47.28431872625241
external_dual_three_phase_flt0z_load_25nm,25.0,0,,True,7,2,1.7304579814292314,True,calibration,,False,False,spline_residual,1,5.0,47.28431872625241
external_dual_three_phase_flt0z_load_30nm,30.0,0,,True,0,2,47.28431872625241,True,calibration,,False,False,spline_residual,1,5.0,47.28431872625241
external_dual_three_phase_flt0z_load_30nm,30.0,0,,True,1,2,5.920916613319063,True,calibration,,False,False,spline_residual,1,5.0,47.28431872625241
external_dual_three_phase_flt0z_load_30nm,30.0,0,,True,2,2,1.096370380795967,True,calibration,,False,False,spline_residual,1,5.0,47.28431872625241
external_dual_three_phase_flt0z_load_30nm,30.0,0,,True,3,2,1.0254765808619222,True,calibration,,False,False,spline_residual,1,5.0,47.28431872625241
external_dual_three_phase_flt0z_load_30nm,30.0,0,,True,4,2,0.9276209034812628,True,calibration,,False,False,spline_residual,1,5.0,47.28431872625241
external_dual_three_phase_flt0z_load_30nm,30.0,0,,True,5,2,0.7319879809074332,True,calibration,,False,False,spline_residual,1,5.0,47.28431872625241
external_dual_three_phase_flt0z_load_30nm,30.0,0,,True,6,2,1.1841063050033263,True,calibration,,False,False,spline_residual,1,5.0,47.28431872625241
external_dual_three_phase_flt0z_load_30nm,30.0,0,,True,7,2,1.5669320993382887,True,calibration,,False,False,spline_residual,1,5.0,47.28431872625241
external_dual_three_phase_flt0z_load_5nm,5.0,0,,True,0,2,44.73699038758596,True,health_test,0.12,False,False,spline_residual,1,5.0,47.28431872625241
external_dual_three_phase_flt0z_load_5nm,5.0,0,,True,1,2,7.44876633255657,True,health_test,0.16,False,False,spline_residual,1,5.0,47.28431872625241
external_dual_three_phase_flt0z_load_5nm,5.0,0,,True,2,2,2.266644916231507,True,health_test,0.28,False,False,spline_residual,1,5.0,47.28431872625241
external_dual_three_phase_flt0z_load_5nm,5.0,0,,True,3,2,2.5056894617420506,True,health_test,0.28,False,False,spline_residual,1,5.0,47.28431872625241
external_dual_three_phase_flt0z_load_5nm,5.0,0,,True,4,2,3.3255134761672704,True,health_test,0.28,False,False,spline_residual,1,5.0,47.28431872625241
external_dual_three_phase_flt0z_load_5nm,5.0,0,,True,5,2,3.9084372048838683,True,health_test,0.28,False,False,spline_residual,1,5.0,47.28431872625241
external_dual_three_phase_flt0z_load_5nm,5.0,0,,True,6,2,5.279277570838877,True,health_test,0.28,False,False,spline_residual,1,5.0,47.28431872625241
external_dual_three_phase_flt0z_load_5nm,5.0,0,,True,7,2,10.128430954795283,True,health_test,0.16,False,False,spline_residual,1,5.0,47.28431872625241
external_dual_three_phase_flt1zu_load_5nm,5.0,1,u,False,0,2,55.819313267417364,True,fault_test,0.04,True,True,spline_residual,1,5.0,47.28431872625241
external_dual_three_phase_flt1zu_load_5nm,5.0,1,u,False,1,2,30.252484117314168,True,fault_test,0.16,False,False,spline_residual,1,5.0,47.28431872625241
external_dual_three_phase_flt1zu_load_5nm,5.0,1,u,False,2,2,46.63439740140338,True,fault_test,0.08,False,False,spline_residual,1,5.0,47.28431872625241
external_dual_three_phase_flt1zu_load_5nm,5.0,1,u,False,3,2,101.87295876178403,True,fault_test,0.04,True,True,spline_residual,1,5.0,47.28431872625241
external_dual_three_phase_flt1zu_load_5nm,5.0,1,u,False,4,2,231.7321921479513,True,fault_test,0.04,True,True,spline_residual,1,5.0,47.28431872625241
external_dual_three_phase_flt1zu_load_5nm,5.0,1,u,False,5,2,384.5753500517927,True,fault_test,0.04,True,True,spline_residual,1,5.0,47.28431872625241
external_dual_three_phase_flt1zu_load_5nm,5.0,1,u,False,6,2,693.4704550211401,True,fault_test,0.04,True,True,spline_residual,1,5.0,47.28431872625241
external_dual_three_phase_flt1zu_load_5nm,5.0,1,u,False,7,2,1203.5917383657375,True,fault_test,0.04,True,True,spline_residual,1,5.0,47.28431872625241
external_dual_three_phase_flt2zv_load_5nm,5.0,2,v,False,0,2,44.80748327455983,True,fault_test,0.12,False,False,spline_residual,1,5.0,47.28431872625241
external_dual_three_phase_flt2zv_load_5nm,5.0,2,v,False,1,2,82.01709162279755,True,fault_test,0.04,True,True,spline_residual,1,5.0,47.28431872625241
external_dual_three_phase_flt2zv_load_5nm,5.0,2,v,False,2,2,189.92042697872267,True,fault_test,0.04,True,True,spline_residual,1,5.0,47.28431872625241
external_dual_three_phase_flt2zv_load_5nm,5.0,2,v,False,3,2,381.43704926110274,True,fault_test,0.04,True,True,spline_residual,1,5.0,47.28431872625241
external_dual_three_phase_flt2zv_load_5nm,5.0,2,v,False,4,2,725.8112331592695,True,fault_test,0.04,True,True,spline_residual,1,5.0,47.28431872625241
external_dual_three_phase_flt2zv_load_5nm,5.0,2,v,False,5,2,1137.1688946998738,True,fault_test,0.04,True,True,spline_residual,1,5.0,47.28431872625241
external_dual_three_phase_flt2zv_load_5nm,5.0,2,v,False,6,2,1726.259832847045,True,fault_test,0.04,True,True,spline_residual,1,5.0,47.28431872625241
external_dual_three_phase_flt2zv_load_5nm,5.0,2,v,False,7,2,2764.3450032366454,True,fault_test,0.04,True,True,spline_residual,1,5.0,47.28431872625241
external_dual_three_phase_flt3zu_load_5nm,5.0,3,u,False,0,2,106.08940819676616,True,fault_test,0.04,True,True,spline_residual,1,5.0,47.28431872625241
external_dual_three_phase_flt3zu_load_5nm,5.0,3,u,False,1,2,256.7917009841929,True,fault_test,0.04,True,True,spline_residual,1,5.0,47.28431872625241
external_dual_three_phase_flt3zu_load_5nm,5.0,3,u,False,2,2,575.8968191528202,True,fault_test,0.04,True,True,spline_residual,1,5.0,47.28431872625241
external_dual_three_phase_flt3zu_load_5nm,5.0,3,u,False,3,2,1030.7210589884464,True,fault_test,0.04,True,True,spline_residual,1,5.0,47.28431872625241
external_dual_three_phase_flt3zu_load_5nm,5.0,3,u,False,4,2,1649.8571851617528,True,fault_test,0.04,True,True,spline_residual,1,5.0,47.28431872625241
external_dual_three_phase_flt3zu_load_5nm,5.0,3,u,False,5,2,2397.5417945537984,True,fault_test,0.04,True,True,spline_residual,1,5.0,47.28431872625241
external_dual_three_phase_flt3zu_load_5nm,5.0,3,u,False,6,2,3264.41758255526,True,fault_test,0.04,True,True,spline_residual,1,5.0,47.28431872625241
external_dual_three_phase_flt3zu_load_5nm,5.0,3,u,False,7,2,4551.941288871818,True,fault_test,0.04,True,True,spline_residual,1,5.0,47.28431872625241
external_dual_three_phase_flt4zv_load_5nm,5.0,4,v,False,0,2,65.01457281740323,True,fault_test,0.04,True,True,spline_residual,1,5.0,47.28431872625241
external_dual_three_phase_flt4zv_load_5nm,5.0,4,v,False,1,2,194.5488785987115,True,fault_test,0.04,True,True,spline_residual,1,5.0,47.28431872625241
external_dual_three_phase_flt4zv_load_5nm,5.0,4,v,False,2,2,397.90420075933173,True,fault_test,0.04,True,True,spline_residual,1,5.0,47.28431872625241
external_dual_three_phase_flt4zv_load_5nm,5.0,4,v,False,3,2,659.448048308848,True,fault_test,0.04,True,True,spline_residual,1,5.0,47.28431872625241
external_dual_three_phase_flt4zv_load_5nm,5.0,4,v,False,4,2,1105.3259396917224,True,fault_test,0.04,True,True,spline_residual,1,5.0,47.28431872625241
external_dual_three_phase_flt4zv_load_5nm,5.0,4,v,False,5,2,1638.783372947743,True,fault_test,0.04,True,True,spline_residual,1,5.0,47.28431872625241
external_dual_three_phase_flt4zv_load_5nm,5.0,4,v,False,6,2,2386.9171066061454,True,fault_test,0.04,True,True,spline_residual,1,5.0,47.28431872625241
external_dual_three_phase_flt4zv_load_5nm,5.0,4,v,False,7,2,3642.6122828979874,True,fault_test,0.04,True,True,spline_residual,1,5.0,47.28431872625241
external_dual_three_phase_flt5zu_load_5nm,5.0,5,u,False,0,2,118.64805517314474,True,fault_test,0.04,True,True,spline_residual,1,5.0,47.28431872625241
external_dual_three_phase_flt5zu_load_5nm,5.0,5,u,False,1,2,179.5479716880343,True,fault_test,0.04,True,True,spline_residual,1,5.0,47.28431872625241
external_dual_three_phase_flt5zu_load_5nm,5.0,5,u,False,2,2,388.7406665949137,True,fault_test,0.04,True,True,spline_residual,1,5.0,47.28431872625241
external_dual_three_phase_flt5zu_load_5nm,5.0,5,u,False,3,2,636.0204391687951,True,fault_test,0.04,True,True,spline_residual,1,5.0,47.28431872625241
external_dual_three_phase_flt5zu_load_5nm,5.0,5,u,False,4,2,958.9249089429464,True,fault_test,0.04,True,True,spline_residual,1,5.0,47.28431872625241
external_dual_three_phase_flt5zu_load_5nm,5.0,5,u,False,5,2,1462.2142944063335,True,fault_test,0.04,True,True,spline_residual,1,5.0,47.28431872625241
external_dual_three_phase_flt5zu_load_5nm,5.0,5,u,False,6,2,2260.7088508247352,True,fault_test,0.04,True,True,spline_residual,1,5.0,47.28431872625241
external_dual_three_phase_flt5zu_load_5nm,5.0,5,u,False,7,2,3898.033248254202,True,fault_test,0.04,True,True,spline_residual,1,5.0,47.28431872625241
external_dual_three_phase_flt6zu_load_5nm,5.0,6,u,False,0,2,114.1898134929888,True,fault_test,0.04,True,True,spline_residual,1,5.0,47.28431872625241
external_dual_three_phase_flt6zu_load_5nm,5.0,6,u,False,1,2,234.73250474093322,True,fault_test,0.04,True,True,spline_residual,1,5.0,47.28431872625241
external_dual_three_phase_flt6zu_load_5nm,5.0,6,u,False,2,2,428.07787194303796,True,fault_test,0.04,True,True,spline_residual,1,5.0,47.28431872625241
external_dual_three_phase_flt6zu_load_5nm,5.0,6,u,False,3,2,664.6027976688902,True,fault_test,0.04,True,True,spline_residual,1,5.0,47.28431872625241
external_dual_three_phase_flt6zu_load_5nm,5.0,6,u,False,4,2,1013.137006848521,True,fault_test,0.04,True,True,spline_residual,1,5.0,47.28431872625241
external_dual_three_phase_flt6zu_load_5nm,5.0,6,u,False,5,2,1580.478818839165,True,fault_test,0.04,True,True,spline_residual,1,5.0,47.28431872625241
external_dual_three_phase_flt6zu_load_5nm,5.0,6,u,False,6,2,2501.5830785932803,True,fault_test,0.04,True,True,spline_residual,1,5.0,47.28431872625241
external_dual_three_phase_flt6zu_load_5nm,5.0,6,u,False,7,2,4242.039970666128,True,fault_test,0.04,True,True,spline_residual,1,5.0,47.28431872625241
external_dual_three_phase_flt0z_load_15nm,15.0,0,,True,0,2,77.43055128987774,True,calibration,,False,False,spline_local_scale,1,5.0,77.43055128987774
external_dual_three_phase_flt0z_load_15nm,15.0,0,,True,1,2,15.509644980698539,True,calibration,,False,False,spline_local_scale,1,5.0,77.43055128987774
external_dual_three_phase_flt0z_load_15nm,15.0,0,,True,2,2,5.822258145219016,True,calibration,,False,False,spline_local_scale,1,5.0,77.43055128987774
external_dual_three_phase_flt0z_load_15nm,15.0,0,,True,3,2,5.278239757960481,True,calibration,,False,False,spline_local_scale,1,5.0,77.43055128987774
external_dual_three_phase_flt0z_load_15nm,15.0,0,,True,4,2,5.450592269090141,True,calibration,,False,False,spline_local_scale,1,5.0,77.43055128987774
external_dual_three_phase_flt0z_load_15nm,15.0,0,,True,5,2,4.724653573536501,True,calibration,,False,False,spline_local_scale,1,5.0,77.43055128987774
external_dual_three_phase_flt0z_load_15nm,15.0,0,,True,6,2,5.487709646523845,True,calibration,,False,False,spline_local_scale,1,5.0,77.43055128987774
external_dual_three_phase_flt0z_load_15nm,15.0,0,,True,7,2,6.877239499763077,True,calibration,,False,False,spline_local_scale,1,5.0,77.43055128987774
external_dual_three_phase_flt0z_load_25nm,25.0,0,,True,0,2,16.07135863174413,True,calibration,,False,False,spline_local_scale,1,5.0,77.43055128987774
external_dual_three_phase_flt0z_load_25nm,25.0,0,,True,1,2,6.174801507285976,True,calibration,,False,False,spline_local_scale,1,5.0,77.43055128987774
external_dual_three_phase_flt0z_load_25nm,25.0,0,,True,2,2,2.4650207444183208,True,calibration,,False,False,spline_local_scale,1,5.0,77.43055128987774
external_dual_three_phase_flt0z_load_25nm,25.0,0,,True,3,2,1.8466329776756387,True,calibration,,False,False,spline_local_scale,1,5.0,77.43055128987774
external_dual_three_phase_flt0z_load_25nm,25.0,0,,True,4,2,2.435620275059696,True,calibration,,False,False,spline_local_scale,1,5.0,77.43055128987774
external_dual_three_phase_flt0z_load_25nm,25.0,0,,True,5,2,3.531618846673096,True,calibration,,False,False,spline_local_scale,1,5.0,77.43055128987774
external_dual_three_phase_flt0z_load_25nm,25.0,0,,True,6,2,4.308324011252198,True,calibration,,False,False,spline_local_scale,1,5.0,77.43055128987774
external_dual_three_phase_flt0z_load_25nm,25.0,0,,True,7,2,3.0562765381242167,True,calibration,,False,False,spline_local_scale,1,5.0,77.43055128987774
external_dual_three_phase_flt0z_load_30nm,30.0,0,,True,0,2,15.777310623174433,True,calibration,,False,False,spline_local_scale,1,5.0,77.43055128987774
external_dual_three_phase_flt0z_load_30nm,30.0,0,,True,1,2,7.735239662818222,True,calibration,,False,False,spline_local_scale,1,5.0,77.43055128987774
external_dual_three_phase_flt0z_load_30nm,30.0,0,,True,2,2,2.476588542234717,True,calibration,,False,False,spline_local_scale,1,5.0,77.43055128987774
external_dual_three_phase_flt0z_load_30nm,30.0,0,,True,3,2,1.9696068587806215,True,calibration,,False,False,spline_local_scale,1,5.0,77.43055128987774
external_dual_three_phase_flt0z_load_30nm,30.0,0,,True,4,2,3.2036269960727504,True,calibration,,False,False,spline_local_scale,1,5.0,77.43055128987774
external_dual_three_phase_flt0z_load_30nm,30.0,0,,True,5,2,6.39716753005971,True,calibration,,False,False,spline_local_scale,1,5.0,77.43055128987774
external_dual_three_phase_flt0z_load_30nm,30.0,0,,True,6,2,6.283625869771379,True,calibration,,False,False,spline_local_scale,1,5.0,77.43055128987774
external_dual_three_phase_flt0z_load_30nm,30.0,0,,True,7,2,2.998272190421574,True,calibration,,False,False,spline_local_scale,1,5.0,77.43055128987774
external_dual_three_phase_flt0z_load_5nm,5.0,0,,True,0,2,58.43330658559447,True,health_test,0.08,False,False,spline_local_scale,1,5.0,77.43055128987774
external_dual_three_phase_flt0z_load_5nm,5.0,0,,True,1,2,20.313923137213045,True,health_test,0.08,False,False,spline_local_scale,1,5.0,77.43055128987774
external_dual_three_phase_flt0z_load_5nm,5.0,0,,True,2,2,11.024746905532943,True,health_test,0.2,False,False,spline_local_scale,1,5.0,77.43055128987774
external_dual_three_phase_flt0z_load_5nm,5.0,0,,True,3,2,10.090148952178557,True,health_test,0.2,False,False,spline_local_scale,1,5.0,77.43055128987774
external_dual_three_phase_flt0z_load_5nm,5.0,0,,True,4,2,12.480137877158697,True,health_test,0.2,False,False,spline_local_scale,1,5.0,77.43055128987774
external_dual_three_phase_flt0z_load_5nm,5.0,0,,True,5,2,13.938198658382468,True,health_test,0.2,False,False,spline_local_scale,1,5.0,77.43055128987774
external_dual_three_phase_flt0z_load_5nm,5.0,0,,True,6,2,17.001394664524597,True,health_test,0.08,False,False,spline_local_scale,1,5.0,77.43055128987774
external_dual_three_phase_flt0z_load_5nm,5.0,0,,True,7,2,31.238312467156568,True,health_test,0.08,False,False,spline_local_scale,1,5.0,77.43055128987774
external_dual_three_phase_flt1zu_load_5nm,5.0,1,u,False,0,2,130.58119516013366,True,fault_test,0.04,True,True,spline_local_scale,1,5.0,77.43055128987774
external_dual_three_phase_flt1zu_load_5nm,5.0,1,u,False,1,2,92.21422822265346,True,fault_test,0.04,True,True,spline_local_scale,1,5.0,77.43055128987774
external_dual_three_phase_flt1zu_load_5nm,5.0,1,u,False,2,2,109.5598619885113,True,fault_test,0.04,True,True,spline_local_scale,1,5.0,77.43055128987774
external_dual_three_phase_flt1zu_load_5nm,5.0,1,u,False,3,2,254.41983043008304,True,fault_test,0.04,True,True,spline_local_scale,1,5.0,77.43055128987774
external_dual_three_phase_flt1zu_load_5nm,5.0,1,u,False,4,2,634.7067120112824,True,fault_test,0.04,True,True,spline_local_scale,1,5.0,77.43055128987774
external_dual_three_phase_flt1zu_load_5nm,5.0,1,u,False,5,2,1211.5347613538904,True,fault_test,0.04,True,True,spline_local_scale,1,5.0,77.43055128987774
external_dual_three_phase_flt1zu_load_5nm,5.0,1,u,False,6,2,2470.82729231342,True,fault_test,0.04,True,True,spline_local_scale,1,5.0,77.43055128987774
external_dual_three_phase_flt1zu_load_5nm,5.0,1,u,False,7,2,5802.789664117396,True,fault_test,0.04,True,True,spline_local_scale,1,5.0,77.43055128987774
external_dual_three_phase_flt2zv_load_5nm,5.0,2,v,False,0,2,93.53806901225855,True,fault_test,0.04,True,True,spline_local_scale,1,5.0,77.43055128987774
external_dual_three_phase_flt2zv_load_5nm,5.0,2,v,False,1,2,317.64826663953687,True,fault_test,0.04,True,True,spline_local_scale,1,5.0,77.43055128987774
external_dual_three_phase_flt2zv_load_5nm,5.0,2,v,False,2,2,743.5091327380107,True,fault_test,0.04,True,True,spline_local_scale,1,5.0,77.43055128987774
external_dual_three_phase_flt2zv_load_5nm,5.0,2,v,False,3,2,1361.9405931751912,True,fault_test,0.04,True,True,spline_local_scale,1,5.0,77.43055128987774
external_dual_three_phase_flt2zv_load_5nm,5.0,2,v,False,4,2,2239.745556181215,True,fault_test,0.04,True,True,spline_local_scale,1,5.0,77.43055128987774
external_dual_three_phase_flt2zv_load_5nm,5.0,2,v,False,5,2,3134.324806502827,True,fault_test,0.04,True,True,spline_local_scale,1,5.0,77.43055128987774
external_dual_three_phase_flt2zv_load_5nm,5.0,2,v,False,6,2,4596.302934767717,True,fault_test,0.04,True,True,spline_local_scale,1,5.0,77.43055128987774
external_dual_three_phase_flt2zv_load_5nm,5.0,2,v,False,7,2,8011.552482844937,True,fault_test,0.04,True,True,spline_local_scale,1,5.0,77.43055128987774
external_dual_three_phase_flt3zu_load_5nm,5.0,3,u,False,0,2,276.08139893003465,True,fault_test,0.04,True,True,spline_local_scale,1,5.0,77.43055128987774
external_dual_three_phase_flt3zu_load_5nm,5.0,3,u,False,1,2,595.5955421452902,True,fault_test,0.04,True,True,spline_local_scale,1,5.0,77.43055128987774
external_dual_three_phase_flt3zu_load_5nm,5.0,3,u,False,2,2,1359.9349402777302,True,fault_test,0.04,True,True,spline_local_scale,1,5.0,77.43055128987774
external_dual_three_phase_flt3zu_load_5nm,5.0,3,u,False,3,2,2620.4889771411267,True,fault_test,0.04,True,True,spline_local_scale,1,5.0,77.43055128987774
external_dual_three_phase_flt3zu_load_5nm,5.0,3,u,False,4,2,4287.4625792391425,True,fault_test,0.04,True,True,spline_local_scale,1,5.0,77.43055128987774
external_dual_three_phase_flt3zu_load_5nm,5.0,3,u,False,5,2,7192.284422297109,True,fault_test,0.04,True,True,spline_local_scale,1,5.0,77.43055128987774
external_dual_three_phase_flt3zu_load_5nm,5.0,3,u,False,6,2,10518.774604625401,True,fault_test,0.04,True,True,spline_local_scale,1,5.0,77.43055128987774
external_dual_three_phase_flt3zu_load_5nm,5.0,3,u,False,7,2,18055.062503840243,True,fault_test,0.04,True,True,spline_local_scale,1,5.0,77.43055128987774
external_dual_three_phase_flt4zv_load_5nm,5.0,4,v,False,0,2,228.67481579884605,True,fault_test,0.04,True,True,spline_local_scale,1,5.0,77.43055128987774
external_dual_three_phase_flt4zv_load_5nm,5.0,4,v,False,1,2,686.6750298015462,True,fault_test,0.04,True,True,spline_local_scale,1,5.0,77.43055128987774
external_dual_three_phase_flt4zv_load_5nm,5.0,4,v,False,2,2,1369.2085318859545,True,fault_test,0.04,True,True,spline_local_scale,1,5.0,77.43055128987774
external_dual_three_phase_flt4zv_load_5nm,5.0,4,v,False,3,2,2122.3730098051756,True,fault_test,0.04,True,True,spline_local_scale,1,5.0,77.43055128987774
external_dual_three_phase_flt4zv_load_5nm,5.0,4,v,False,4,2,3199.831596633584,True,fault_test,0.04,True,True,spline_local_scale,1,5.0,77.43055128987774
external_dual_three_phase_flt4zv_load_5nm,5.0,4,v,False,5,2,4156.391690778952,True,fault_test,0.04,True,True,spline_local_scale,1,5.0,77.43055128987774
external_dual_three_phase_flt4zv_load_5nm,5.0,4,v,False,6,2,6322.025192606176,True,fault_test,0.04,True,True,spline_local_scale,1,5.0,77.43055128987774
external_dual_three_phase_flt4zv_load_5nm,5.0,4,v,False,7,2,10995.731248835335,True,fault_test,0.04,True,True,spline_local_scale,1,5.0,77.43055128987774
external_dual_three_phase_flt5zu_load_5nm,5.0,5,u,False,0,2,286.2033645153846,True,fault_test,0.04,True,True,spline_local_scale,1,5.0,77.43055128987774
external_dual_three_phase_flt5zu_load_5nm,5.0,5,u,False,1,2,542.4953478471169,True,fault_test,0.04,True,True,spline_local_scale,1,5.0,77.43055128987774
external_dual_three_phase_flt5zu_load_5nm,5.0,5,u,False,2,2,1456.082696846728,True,fault_test,0.04,True,True,spline_local_scale,1,5.0,77.43055128987774
external_dual_three_phase_flt5zu_load_5nm,5.0,5,u,False,3,2,2685.2778940468124,True,fault_test,0.04,True,True,spline_local_scale,1,5.0,77.43055128987774
external_dual_three_phase_flt5zu_load_5nm,5.0,5,u,False,4,2,4194.233443218508,True,fault_test,0.04,True,True,spline_local_scale,1,5.0,77.43055128987774
external_dual_three_phase_flt5zu_load_5nm,5.0,5,u,False,5,2,6306.12727284832,True,fault_test,0.04,True,True,spline_local_scale,1,5.0,77.43055128987774
external_dual_three_phase_flt5zu_load_5nm,5.0,5,u,False,6,2,9398.924433471275,True,fault_test,0.04,True,True,spline_local_scale,1,5.0,77.43055128987774
external_dual_three_phase_flt5zu_load_5nm,5.0,5,u,False,7,2,17170.259357371688,True,fault_test,0.04,True,True,spline_local_scale,1,5.0,77.43055128987774
external_dual_three_phase_flt6zu_load_5nm,5.0,6,u,False,0,2,289.0797166246856,True,fault_test,0.04,True,True,spline_local_scale,1,5.0,77.43055128987774
external_dual_three_phase_flt6zu_load_5nm,5.0,6,u,False,1,2,750.4782474029764,True,fault_test,0.04,True,True,spline_local_scale,1,5.0,77.43055128987774
external_dual_three_phase_flt6zu_load_5nm,5.0,6,u,False,2,2,1641.6908256972742,True,fault_test,0.04,True,True,spline_local_scale,1,5.0,77.43055128987774
external_dual_three_phase_flt6zu_load_5nm,5.0,6,u,False,3,2,2840.127005929318,True,fault_test,0.04,True,True,spline_local_scale,1,5.0,77.43055128987774
external_dual_three_phase_flt6zu_load_5nm,5.0,6,u,False,4,2,4431.436451578716,True,fault_test,0.04,True,True,spline_local_scale,1,5.0,77.43055128987774
external_dual_three_phase_flt6zu_load_5nm,5.0,6,u,False,5,2,6723.162964451498,True,fault_test,0.04,True,True,spline_local_scale,1,5.0,77.43055128987774
external_dual_three_phase_flt6zu_load_5nm,5.0,6,u,False,6,2,10293.958872018606,True,fault_test,0.04,True,True,spline_local_scale,1,5.0,77.43055128987774
external_dual_three_phase_flt6zu_load_5nm,5.0,6,u,False,7,2,18452.358022383694,True,fault_test,0.04,True,True,spline_local_scale,1,5.0,77.43055128987774
external_dual_three_phase_flt0z_load_15nm,15.0,0,,True,0,2,0.47295439898201974,True,calibration,,False,False,isolation_forest,1,5.0,0.47295439898201974
external_dual_three_phase_flt0z_load_15nm,15.0,0,,True,1,2,0.39390395583877935,True,calibration,,False,False,isolation_forest,1,5.0,0.47295439898201974
external_dual_three_phase_flt0z_load_15nm,15.0,0,,True,2,2,0.37163184534945903,True,calibration,,False,False,isolation_forest,1,5.0,0.47295439898201974
external_dual_three_phase_flt0z_load_15nm,15.0,0,,True,3,2,0.36387243702066546,True,calibration,,False,False,isolation_forest,1,5.0,0.47295439898201974
external_dual_three_phase_flt0z_load_15nm,15.0,0,,True,4,2,0.36739930008864025,True,calibration,,False,False,isolation_forest,1,5.0,0.47295439898201974
external_dual_three_phase_flt0z_load_15nm,15.0,0,,True,5,2,0.3634187772985402,True,calibration,,False,False,isolation_forest,1,5.0,0.47295439898201974
external_dual_three_phase_flt0z_load_15nm,15.0,0,,True,6,2,0.3643451688579254,True,calibration,,False,False,isolation_forest,1,5.0,0.47295439898201974
external_dual_three_phase_flt0z_load_15nm,15.0,0,,True,7,2,0.3840743408316847,True,calibration,,False,False,isolation_forest,1,5.0,0.47295439898201974
external_dual_three_phase_flt0z_load_25nm,25.0,0,,True,0,2,0.4643034364805319,True,calibration,,False,False,isolation_forest,1,5.0,0.47295439898201974
external_dual_three_phase_flt0z_load_25nm,25.0,0,,True,1,2,0.3751536654003716,True,calibration,,False,False,isolation_forest,1,5.0,0.47295439898201974
external_dual_three_phase_flt0z_load_25nm,25.0,0,,True,2,2,0.3593774547742183,True,calibration,,False,False,isolation_forest,1,5.0,0.47295439898201974
external_dual_three_phase_flt0z_load_25nm,25.0,0,,True,3,2,0.34998386385548713,True,calibration,,False,False,isolation_forest,1,5.0,0.47295439898201974
external_dual_three_phase_flt0z_load_25nm,25.0,0,,True,4,2,0.3484740646443304,True,calibration,,False,False,isolation_forest,1,5.0,0.47295439898201974
external_dual_three_phase_flt0z_load_25nm,25.0,0,,True,5,2,0.34991399632924985,True,calibration,,False,False,isolation_forest,1,5.0,0.47295439898201974
external_dual_three_phase_flt0z_load_25nm,25.0,0,,True,6,2,0.3533427376014685,True,calibration,,False,False,isolation_forest,1,5.0,0.47295439898201974
external_dual_three_phase_flt0z_load_25nm,25.0,0,,True,7,2,0.36842823045752054,True,calibration,,False,False,isolation_forest,1,5.0,0.47295439898201974
external_dual_three_phase_flt0z_load_30nm,30.0,0,,True,0,2,0.46301988425349205,True,calibration,,False,False,isolation_forest,1,5.0,0.47295439898201974
external_dual_three_phase_flt0z_load_30nm,30.0,0,,True,1,2,0.37190279663908377,True,calibration,,False,False,isolation_forest,1,5.0,0.47295439898201974
external_dual_three_phase_flt0z_load_30nm,30.0,0,,True,2,2,0.35465798457687264,True,calibration,,False,False,isolation_forest,1,5.0,0.47295439898201974
external_dual_three_phase_flt0z_load_30nm,30.0,0,,True,3,2,0.34759983549456297,True,calibration,,False,False,isolation_forest,1,5.0,0.47295439898201974
external_dual_three_phase_flt0z_load_30nm,30.0,0,,True,4,2,0.35344652016009714,True,calibration,,False,False,isolation_forest,1,5.0,0.47295439898201974
external_dual_three_phase_flt0z_load_30nm,30.0,0,,True,5,2,0.3518065716413797,True,calibration,,False,False,isolation_forest,1,5.0,0.47295439898201974
external_dual_three_phase_flt0z_load_30nm,30.0,0,,True,6,2,0.35594510979049016,True,calibration,,False,False,isolation_forest,1,5.0,0.47295439898201974
external_dual_three_phase_flt0z_load_30nm,30.0,0,,True,7,2,0.3613951604919319,True,calibration,,False,False,isolation_forest,1,5.0,0.47295439898201974
external_dual_three_phase_flt0z_load_5nm,5.0,0,,True,0,2,0.5174428154830185,True,health_test,0.04,True,True,isolation_forest,1,5.0,0.47295439898201974
external_dual_three_phase_flt0z_load_5nm,5.0,0,,True,1,2,0.4331497253704976,True,health_test,0.16,False,False,isolation_forest,1,5.0,0.47295439898201974
external_dual_three_phase_flt0z_load_5nm,5.0,0,,True,2,2,0.41371604976964654,True,health_test,0.16,False,False,isolation_forest,1,5.0,0.47295439898201974
external_dual_three_phase_flt0z_load_5nm,5.0,0,,True,3,2,0.42712073067229206,True,health_test,0.16,False,False,isolation_forest,1,5.0,0.47295439898201974
external_dual_three_phase_flt0z_load_5nm,5.0,0,,True,4,2,0.4297245319668591,True,health_test,0.16,False,False,isolation_forest,1,5.0,0.47295439898201974
external_dual_three_phase_flt0z_load_5nm,5.0,0,,True,5,2,0.4385085030663338,True,health_test,0.16,False,False,isolation_forest,1,5.0,0.47295439898201974
external_dual_three_phase_flt0z_load_5nm,5.0,0,,True,6,2,0.45023639942208565,True,health_test,0.16,False,False,isolation_forest,1,5.0,0.47295439898201974
external_dual_three_phase_flt0z_load_5nm,5.0,0,,True,7,2,0.46358811368766484,True,health_test,0.12,False,False,isolation_forest,1,5.0,0.47295439898201974
external_dual_three_phase_flt1zu_load_5nm,5.0,1,u,False,0,2,0.5220821492112504,True,fault_test,0.04,True,True,isolation_forest,1,5.0,0.47295439898201974
external_dual_three_phase_flt1zu_load_5nm,5.0,1,u,False,1,2,0.48218225706979406,True,fault_test,0.04,True,True,isolation_forest,1,5.0,0.47295439898201974
external_dual_three_phase_flt1zu_load_5nm,5.0,1,u,False,2,2,0.47466562794571354,True,fault_test,0.04,True,True,isolation_forest,1,5.0,0.47295439898201974
external_dual_three_phase_flt1zu_load_5nm,5.0,1,u,False,3,2,0.5104673871988412,True,fault_test,0.04,True,True,isolation_forest,1,5.0,0.47295439898201974
external_dual_three_phase_flt1zu_load_5nm,5.0,1,u,False,4,2,0.5532942867363245,True,fault_test,0.04,True,True,isolation_forest,1,5.0,0.47295439898201974
external_dual_three_phase_flt1zu_load_5nm,5.0,1,u,False,5,2,0.576203086830534,True,fault_test,0.04,True,True,isolation_forest,1,5.0,0.47295439898201974
external_dual_three_phase_flt1zu_load_5nm,5.0,1,u,False,6,2,0.5893374708010846,True,fault_test,0.04,True,True,isolation_forest,1,5.0,0.47295439898201974
external_dual_three_phase_flt1zu_load_5nm,5.0,1,u,False,7,2,0.6032403957812256,True,fault_test,0.04,True,True,isolation_forest,1,5.0,0.47295439898201974
external_dual_three_phase_flt2zv_load_5nm,5.0,2,v,False,0,2,0.5103211943555614,True,fault_test,0.04,True,True,isolation_forest,1,5.0,0.47295439898201974
external_dual_three_phase_flt2zv_load_5nm,5.0,2,v,False,1,2,0.4942791250496389,True,fault_test,0.04,True,True,isolation_forest,1,5.0,0.47295439898201974
external_dual_three_phase_flt2zv_load_5nm,5.0,2,v,False,2,2,0.5654969212046042,True,fault_test,0.04,True,True,isolation_forest,1,5.0,0.47295439898201974
external_dual_three_phase_flt2zv_load_5nm,5.0,2,v,False,3,2,0.5993319320713603,True,fault_test,0.04,True,True,isolation_forest,1,5.0,0.47295439898201974
external_dual_three_phase_flt2zv_load_5nm,5.0,2,v,False,4,2,0.6335857689506346,True,fault_test,0.04,True,True,isolation_forest,1,5.0,0.47295439898201974
external_dual_three_phase_flt2zv_load_5nm,5.0,2,v,False,5,2,0.6347649650077933,True,fault_test,0.04,True,True,isolation_forest,1,5.0,0.47295439898201974
external_dual_three_phase_flt2zv_load_5nm,5.0,2,v,False,6,2,0.6495364080933507,True,fault_test,0.04,True,True,isolation_forest,1,5.0,0.47295439898201974
external_dual_three_phase_flt2zv_load_5nm,5.0,2,v,False,7,2,0.6446526800582428,True,fault_test,0.04,True,True,isolation_forest,1,5.0,0.47295439898201974
external_dual_three_phase_flt3zu_load_5nm,5.0,3,u,False,0,2,0.5414133814935561,True,fault_test,0.04,True,True,isolation_forest,1,5.0,0.47295439898201974
external_dual_three_phase_flt3zu_load_5nm,5.0,3,u,False,1,2,0.523587232650694,True,fault_test,0.04,True,True,isolation_forest,1,5.0,0.47295439898201974
external_dual_three_phase_flt3zu_load_5nm,5.0,3,u,False,2,2,0.5791867696811522,True,fault_test,0.04,True,True,isolation_forest,1,5.0,0.47295439898201974
external_dual_three_phase_flt3zu_load_5nm,5.0,3,u,False,3,2,0.6039763093725244,True,fault_test,0.04,True,True,isolation_forest,1,5.0,0.47295439898201974
external_dual_three_phase_flt3zu_load_5nm,5.0,3,u,False,4,2,0.6194614264670798,True,fault_test,0.04,True,True,isolation_forest,1,5.0,0.47295439898201974
external_dual_three_phase_flt3zu_load_5nm,5.0,3,u,False,5,2,0.627524690598337,True,fault_test,0.04,True,True,isolation_forest,1,5.0,0.47295439898201974
external_dual_three_phase_flt3zu_load_5nm,5.0,3,u,False,6,2,0.6371010203868854,True,fault_test,0.04,True,True,isolation_forest,1,5.0,0.47295439898201974
external_dual_three_phase_flt3zu_load_5nm,5.0,3,u,False,7,2,0.6364251608209894,True,fault_test,0.04,True,True,isolation_forest,1,5.0,0.47295439898201974
external_dual_three_phase_flt4zv_load_5nm,5.0,4,v,False,0,2,0.5208216407431537,True,fault_test,0.04,True,True,isolation_forest,1,5.0,0.47295439898201974
external_dual_three_phase_flt4zv_load_5nm,5.0,4,v,False,1,2,0.5574901040549499,True,fault_test,0.04,True,True,isolation_forest,1,5.0,0.47295439898201974
external_dual_three_phase_flt4zv_load_5nm,5.0,4,v,False,2,2,0.596929993486378,True,fault_test,0.04,True,True,isolation_forest,1,5.0,0.47295439898201974
external_dual_three_phase_flt4zv_load_5nm,5.0,4,v,False,3,2,0.6257538556593996,True,fault_test,0.04,True,True,isolation_forest,1,5.0,0.47295439898201974
external_dual_three_phase_flt4zv_load_5nm,5.0,4,v,False,4,2,0.6510396308166775,True,fault_test,0.04,True,True,isolation_forest,1,5.0,0.47295439898201974
external_dual_three_phase_flt4zv_load_5nm,5.0,4,v,False,5,2,0.6366123655306063,True,fault_test,0.04,True,True,isolation_forest,1,5.0,0.47295439898201974
external_dual_three_phase_flt4zv_load_5nm,5.0,4,v,False,6,2,0.6499061087666613,True,fault_test,0.04,True,True,isolation_forest,1,5.0,0.47295439898201974
external_dual_three_phase_flt4zv_load_5nm,5.0,4,v,False,7,2,0.6593426677302525,True,fault_test,0.04,True,True,isolation_forest,1,5.0,0.47295439898201974
external_dual_three_phase_flt5zu_load_5nm,5.0,5,u,False,0,2,0.539727293694348,True,fault_test,0.04,True,True,isolation_forest,1,5.0,0.47295439898201974
external_dual_three_phase_flt5zu_load_5nm,5.0,5,u,False,1,2,0.548565064595381,True,fault_test,0.04,True,True,isolation_forest,1,5.0,0.47295439898201974
external_dual_three_phase_flt5zu_load_5nm,5.0,5,u,False,2,2,0.5759142390191342,True,fault_test,0.04,True,True,isolation_forest,1,5.0,0.47295439898201974
external_dual_three_phase_flt5zu_load_5nm,5.0,5,u,False,3,2,0.6068137082330597,True,fault_test,0.04,True,True,isolation_forest,1,5.0,0.47295439898201974
external_dual_three_phase_flt5zu_load_5nm,5.0,5,u,False,4,2,0.6281656692981836,True,fault_test,0.04,True,True,isolation_forest,1,5.0,0.47295439898201974
external_dual_three_phase_flt5zu_load_5nm,5.0,5,u,False,5,2,0.6319364797294459,True,fault_test,0.04,True,True,isolation_forest,1,5.0,0.47295439898201974
external_dual_three_phase_flt5zu_load_5nm,5.0,5,u,False,6,2,0.6389789783057443,True,fault_test,0.04,True,True,isolation_forest,1,5.0,0.47295439898201974
external_dual_three_phase_flt5zu_load_5nm,5.0,5,u,False,7,2,0.6456612660864485,True,fault_test,0.04,True,True,isolation_forest,1,5.0,0.47295439898201974
external_dual_three_phase_flt6zu_load_5nm,5.0,6,u,False,0,2,0.5358733506623988,True,fault_test,0.04,True,True,isolation_forest,1,5.0,0.47295439898201974
external_dual_three_phase_flt6zu_load_5nm,5.0,6,u,False,1,2,0.5571596257179805,True,fault_test,0.04,True,True,isolation_forest,1,5.0,0.47295439898201974
external_dual_three_phase_flt6zu_load_5nm,5.0,6,u,False,2,2,0.5841946956120244,True,fault_test,0.04,True,True,isolation_forest,1,5.0,0.47295439898201974
external_dual_three_phase_flt6zu_load_5nm,5.0,6,u,False,3,2,0.6098817940513338,True,fault_test,0.04,True,True,isolation_forest,1,5.0,0.47295439898201974
external_dual_three_phase_flt6zu_load_5nm,5.0,6,u,False,4,2,0.6253682496482916,True,fault_test,0.04,True,True,isolation_forest,1,5.0,0.47295439898201974
external_dual_three_phase_flt6zu_load_5nm,5.0,6,u,False,5,2,0.6358299994583675,True,fault_test,0.04,True,True,isolation_forest,1,5.0,0.47295439898201974
external_dual_three_phase_flt6zu_load_5nm,5.0,6,u,False,6,2,0.6344229665182318,True,fault_test,0.04,True,True,isolation_forest,1,5.0,0.47295439898201974
external_dual_three_phase_flt6zu_load_5nm,5.0,6,u,False,7,2,0.6530082039311489,True,fault_test,0.04,True,True,isolation_forest,1,5.0,0.47295439898201974
external_dual_three_phase_flt0z_load_15nm,15.0,0,,True,0,2,306900.19979921705,True,calibration,,False,False,min_cov_det,1,5.0,311779.14390721865
external_dual_three_phase_flt0z_load_15nm,15.0,0,,True,1,2,14559.009567874975,True,calibration,,False,False,min_cov_det,1,5.0,311779.14390721865
external_dual_three_phase_flt0z_load_15nm,15.0,0,,True,2,2,281.28086945060676,True,calibration,,False,False,min_cov_det,1,5.0,311779.14390721865
external_dual_three_phase_flt0z_load_15nm,15.0,0,,True,3,2,81.37736127705858,True,calibration,,False,False,min_cov_det,1,5.0,311779.14390721865
external_dual_three_phase_flt0z_load_15nm,15.0,0,,True,4,2,69.53560560050205,True,calibration,,False,False,min_cov_det,1,5.0,311779.14390721865
external_dual_three_phase_flt0z_load_15nm,15.0,0,,True,5,2,63.22898519850125,True,calibration,,False,False,min_cov_det,1,5.0,311779.14390721865
external_dual_three_phase_flt0z_load_15nm,15.0,0,,True,6,2,98.28210618582601,True,calibration,,False,False,min_cov_det,1,5.0,311779.14390721865
external_dual_three_phase_flt0z_load_15nm,15.0,0,,True,7,2,75.81943420628103,True,calibration,,False,False,min_cov_det,1,5.0,311779.14390721865
external_dual_three_phase_flt0z_load_25nm,25.0,0,,True,0,2,285954.0898500171,True,calibration,,False,False,min_cov_det,1,5.0,311779.14390721865
external_dual_three_phase_flt0z_load_25nm,25.0,0,,True,1,2,14941.49127529171,True,calibration,,False,False,min_cov_det,1,5.0,311779.14390721865
external_dual_three_phase_flt0z_load_25nm,25.0,0,,True,2,2,259.2266112891373,True,calibration,,False,False,min_cov_det,1,5.0,311779.14390721865
external_dual_three_phase_flt0z_load_25nm,25.0,0,,True,3,2,36.56800966895664,True,calibration,,False,False,min_cov_det,1,5.0,311779.14390721865
external_dual_three_phase_flt0z_load_25nm,25.0,0,,True,4,2,38.57418454109041,True,calibration,,False,False,min_cov_det,1,5.0,311779.14390721865
external_dual_three_phase_flt0z_load_25nm,25.0,0,,True,5,2,24.935473047441743,True,calibration,,False,False,min_cov_det,1,5.0,311779.14390721865
external_dual_three_phase_flt0z_load_25nm,25.0,0,,True,6,2,25.247728882704806,True,calibration,,False,False,min_cov_det,1,5.0,311779.14390721865
external_dual_three_phase_flt0z_load_25nm,25.0,0,,True,7,2,52.20363260982313,True,calibration,,False,False,min_cov_det,1,5.0,311779.14390721865
external_dual_three_phase_flt0z_load_30nm,30.0,0,,True,0,2,311779.14390721865,True,calibration,,False,False,min_cov_det,1,5.0,311779.14390721865
external_dual_three_phase_flt0z_load_30nm,30.0,0,,True,1,2,13426.079017817443,True,calibration,,False,False,min_cov_det,1,5.0,311779.14390721865
external_dual_three_phase_flt0z_load_30nm,30.0,0,,True,2,2,218.82354765577864,True,calibration,,False,False,min_cov_det,1,5.0,311779.14390721865
external_dual_three_phase_flt0z_load_30nm,30.0,0,,True,3,2,32.09916129198723,True,calibration,,False,False,min_cov_det,1,5.0,311779.14390721865
external_dual_three_phase_flt0z_load_30nm,30.0,0,,True,4,2,40.61279484329837,True,calibration,,False,False,min_cov_det,1,5.0,311779.14390721865
external_dual_three_phase_flt0z_load_30nm,30.0,0,,True,5,2,32.99169633108123,True,calibration,,False,False,min_cov_det,1,5.0,311779.14390721865
external_dual_three_phase_flt0z_load_30nm,30.0,0,,True,6,2,22.494146615117607,True,calibration,,False,False,min_cov_det,1,5.0,311779.14390721865
external_dual_three_phase_flt0z_load_30nm,30.0,0,,True,7,2,38.155311665876845,True,calibration,,False,False,min_cov_det,1,5.0,311779.14390721865
external_dual_three_phase_flt0z_load_5nm,5.0,0,,True,0,2,289728.4274684302,True,health_test,0.12,False,False,min_cov_det,1,5.0,311779.14390721865
external_dual_three_phase_flt0z_load_5nm,5.0,0,,True,1,2,13557.16813541013,True,health_test,0.24,False,False,min_cov_det,1,5.0,311779.14390721865
external_dual_three_phase_flt0z_load_5nm,5.0,0,,True,2,2,826.6697902362674,True,health_test,0.28,False,False,min_cov_det,1,5.0,311779.14390721865
external_dual_three_phase_flt0z_load_5nm,5.0,0,,True,3,2,1829.6291889441407,True,health_test,0.28,False,False,min_cov_det,1,5.0,311779.14390721865
external_dual_three_phase_flt0z_load_5nm,5.0,0,,True,4,2,7015.211410680408,True,health_test,0.28,False,False,min_cov_det,1,5.0,311779.14390721865
external_dual_three_phase_flt0z_load_5nm,5.0,0,,True,5,2,7408.1167818948115,True,health_test,0.28,False,False,min_cov_det,1,5.0,311779.14390721865
external_dual_three_phase_flt0z_load_5nm,5.0,0,,True,6,2,9178.77703829694,True,health_test,0.28,False,False,min_cov_det,1,5.0,311779.14390721865
external_dual_three_phase_flt0z_load_5nm,5.0,0,,True,7,2,9955.61904946612,True,health_test,0.28,False,False,min_cov_det,1,5.0,311779.14390721865
external_dual_three_phase_flt1zu_load_5nm,5.0,1,u,False,0,2,283212.12310108746,True,fault_test,0.16,False,False,min_cov_det,1,5.0,311779.14390721865
external_dual_three_phase_flt1zu_load_5nm,5.0,1,u,False,1,2,16068.638496838934,True,fault_test,0.16,False,False,min_cov_det,1,5.0,311779.14390721865
external_dual_three_phase_flt1zu_load_5nm,5.0,1,u,False,2,2,2656.3326396410725,True,fault_test,0.28,False,False,min_cov_det,1,5.0,311779.14390721865
external_dual_three_phase_flt1zu_load_5nm,5.0,1,u,False,3,2,4764.406075957521,True,fault_test,0.28,False,False,min_cov_det,1,5.0,311779.14390721865
external_dual_three_phase_flt1zu_load_5nm,5.0,1,u,False,4,2,12418.959996237652,True,fault_test,0.28,False,False,min_cov_det,1,5.0,311779.14390721865
external_dual_three_phase_flt1zu_load_5nm,5.0,1,u,False,5,2,24459.37212036916,True,fault_test,0.16,False,False,min_cov_det,1,5.0,311779.14390721865
external_dual_three_phase_flt1zu_load_5nm,5.0,1,u,False,6,2,44125.43706199869,True,fault_test,0.16,False,False,min_cov_det,1,5.0,311779.14390721865
external_dual_three_phase_flt1zu_load_5nm,5.0,1,u,False,7,2,107760.53840808538,True,fault_test,0.16,False,False,min_cov_det,1,5.0,311779.14390721865
external_dual_three_phase_flt2zv_load_5nm,5.0,2,v,False,0,2,292085.5208740246,True,fault_test,0.12,False,False,min_cov_det,1,5.0,311779.14390721865
external_dual_three_phase_flt2zv_load_5nm,5.0,2,v,False,1,2,14303.161354514272,True,fault_test,0.24,False,False,min_cov_det,1,5.0,311779.14390721865
external_dual_three_phase_flt2zv_load_5nm,5.0,2,v,False,2,2,15260.857449348938,True,fault_test,0.16,False,False,min_cov_det,1,5.0,311779.14390721865
external_dual_three_phase_flt2zv_load_5nm,5.0,2,v,False,3,2,56741.74965974968,True,fault_test,0.16,False,False,min_cov_det,1,5.0,311779.14390721865
external_dual_three_phase_flt2zv_load_5nm,5.0,2,v,False,4,2,121881.44116943124,True,fault_test,0.16,False,False,min_cov_det,1,5.0,311779.14390721865
external_dual_three_phase_flt2zv_load_5nm,5.0,2,v,False,5,2,207404.6638133871,True,fault_test,0.16,False,False,min_cov_det,1,5.0,311779.14390721865
external_dual_three_phase_flt2zv_load_5nm,5.0,2,v,False,6,2,380502.39004568337,True,fault_test,0.04,True,True,min_cov_det,1,5.0,311779.14390721865
external_dual_three_phase_flt2zv_load_5nm,5.0,2,v,False,7,2,603111.7550468659,True,fault_test,0.04,True,True,min_cov_det,1,5.0,311779.14390721865
external_dual_three_phase_flt3zu_load_5nm,5.0,3,u,False,0,2,299014.8190023607,True,fault_test,0.12,False,False,min_cov_det,1,5.0,311779.14390721865
external_dual_three_phase_flt3zu_load_5nm,5.0,3,u,False,1,2,18198.779663883186,True,fault_test,0.16,False,False,min_cov_det,1,5.0,311779.14390721865
external_dual_three_phase_flt3zu_load_5nm,5.0,3,u,False,2,2,19835.78123837352,True,fault_test,0.16,False,False,min_cov_det,1,5.0,311779.14390721865
external_dual_three_phase_flt3zu_load_5nm,5.0,3,u,False,3,2,36259.25841709288,True,fault_test,0.16,False,False,min_cov_det,1,5.0,311779.14390721865
external_dual_three_phase_flt3zu_load_5nm,5.0,3,u,False,4,2,53370.72946622209,True,fault_test,0.16,False,False,min_cov_det,1,5.0,311779.14390721865
external_dual_three_phase_flt3zu_load_5nm,5.0,3,u,False,5,2,57668.27918382976,True,fault_test,0.16,False,False,min_cov_det,1,5.0,311779.14390721865
external_dual_three_phase_flt3zu_load_5nm,5.0,3,u,False,6,2,66204.27433519141,True,fault_test,0.16,False,False,min_cov_det,1,5.0,311779.14390721865
external_dual_three_phase_flt3zu_load_5nm,5.0,3,u,False,7,2,101980.77758371581,True,fault_test,0.16,False,False,min_cov_det,1,5.0,311779.14390721865
external_dual_three_phase_flt4zv_load_5nm,5.0,4,v,False,0,2,311132.7985074552,True,fault_test,0.08,False,False,min_cov_det,1,5.0,311779.14390721865
external_dual_three_phase_flt4zv_load_5nm,5.0,4,v,False,1,2,15771.557577688698,True,fault_test,0.16,False,False,min_cov_det,1,5.0,311779.14390721865
external_dual_three_phase_flt4zv_load_5nm,5.0,4,v,False,2,2,54706.87782310921,True,fault_test,0.16,False,False,min_cov_det,1,5.0,311779.14390721865
external_dual_three_phase_flt4zv_load_5nm,5.0,4,v,False,3,2,127401.69352521848,True,fault_test,0.16,False,False,min_cov_det,1,5.0,311779.14390721865
external_dual_three_phase_flt4zv_load_5nm,5.0,4,v,False,4,2,235778.7962530595,True,fault_test,0.16,False,False,min_cov_det,1,5.0,311779.14390721865
external_dual_three_phase_flt4zv_load_5nm,5.0,4,v,False,5,2,377902.75248524285,True,fault_test,0.04,True,True,min_cov_det,1,5.0,311779.14390721865
external_dual_three_phase_flt4zv_load_5nm,5.0,4,v,False,6,2,634730.0398482614,True,fault_test,0.04,True,True,min_cov_det,1,5.0,311779.14390721865
external_dual_three_phase_flt4zv_load_5nm,5.0,4,v,False,7,2,987348.5101098401,True,fault_test,0.04,True,True,min_cov_det,1,5.0,311779.14390721865
external_dual_three_phase_flt5zu_load_5nm,5.0,5,u,False,0,2,308171.9705538349,True,fault_test,0.08,False,False,min_cov_det,1,5.0,311779.14390721865
external_dual_three_phase_flt5zu_load_5nm,5.0,5,u,False,1,2,19930.73419007453,True,fault_test,0.16,False,False,min_cov_det,1,5.0,311779.14390721865
external_dual_three_phase_flt5zu_load_5nm,5.0,5,u,False,2,2,15095.489798593511,True,fault_test,0.16,False,False,min_cov_det,1,5.0,311779.14390721865
external_dual_three_phase_flt5zu_load_5nm,5.0,5,u,False,3,2,35903.9516241191,True,fault_test,0.16,False,False,min_cov_det,1,5.0,311779.14390721865
external_dual_three_phase_flt5zu_load_5nm,5.0,5,u,False,4,2,49895.080933312856,True,fault_test,0.16,False,False,min_cov_det,1,5.0,311779.14390721865
external_dual_three_phase_flt5zu_load_5nm,5.0,5,u,False,5,2,71330.98971936617,True,fault_test,0.16,False,False,min_cov_det,1,5.0,311779.14390721865
external_dual_three_phase_flt5zu_load_5nm,5.0,5,u,False,6,2,121061.47619874243,True,fault_test,0.16,False,False,min_cov_det,1,5.0,311779.14390721865
external_dual_three_phase_flt5zu_load_5nm,5.0,5,u,False,7,2,195471.427317424,True,fault_test,0.16,False,False,min_cov_det,1,5.0,311779.14390721865
external_dual_three_phase_flt6zu_load_5nm,5.0,6,u,False,0,2,281953.44833657984,True,fault_test,0.16,False,False,min_cov_det,1,5.0,311779.14390721865
external_dual_three_phase_flt6zu_load_5nm,5.0,6,u,False,1,2,18213.25862557744,True,fault_test,0.16,False,False,min_cov_det,1,5.0,311779.14390721865
external_dual_three_phase_flt6zu_load_5nm,5.0,6,u,False,2,2,15887.398248314941,True,fault_test,0.16,False,False,min_cov_det,1,5.0,311779.14390721865
external_dual_three_phase_flt6zu_load_5nm,5.0,6,u,False,3,2,34471.29879495707,True,fault_test,0.16,False,False,min_cov_det,1,5.0,311779.14390721865
external_dual_three_phase_flt6zu_load_5nm,5.0,6,u,False,4,2,55150.304874354406,True,fault_test,0.16,False,False,min_cov_det,1,5.0,311779.14390721865
external_dual_three_phase_flt6zu_load_5nm,5.0,6,u,False,5,2,77163.45302874777,True,fault_test,0.16,False,False,min_cov_det,1,5.0,311779.14390721865
external_dual_three_phase_flt6zu_load_5nm,5.0,6,u,False,6,2,132336.55587689683,True,fault_test,0.16,False,False,min_cov_det,1,5.0,311779.14390721865
external_dual_three_phase_flt6zu_load_5nm,5.0,6,u,False,7,2,212883.5113869468,True,fault_test,0.16,False,False,min_cov_det,1,5.0,311779.14390721865
external_dual_three_phase_flt0z_load_10nm,10.0,0,,True,0,2,44.328981653611734,True,health_test,0.08,False,False,unconditioned_residual,2,10.0,45.81045858237614
external_dual_three_phase_flt0z_load_10nm,10.0,0,,True,1,2,3.3604724126055667,True,health_test,0.16,False,False,unconditioned_residual,2,10.0,45.81045858237614
external_dual_three_phase_flt0z_load_10nm,10.0,0,,True,2,2,0.765730051996451,True,health_test,0.4,False,False,unconditioned_residual,2,10.0,45.81045858237614
external_dual_three_phase_flt0z_load_10nm,10.0,0,,True,3,2,0.6070732166463514,True,health_test,0.52,False,False,unconditioned_residual,2,10.0,45.81045858237614
external_dual_three_phase_flt0z_load_10nm,10.0,0,,True,4,2,0.5535334012397681,True,health_test,0.72,False,False,unconditioned_residual,2,10.0,45.81045858237614
external_dual_three_phase_flt0z_load_10nm,10.0,0,,True,5,2,0.5247781034041505,True,health_test,0.8,False,False,unconditioned_residual,2,10.0,45.81045858237614
external_dual_three_phase_flt0z_load_10nm,10.0,0,,True,6,2,0.710108851552472,True,health_test,0.44,False,False,unconditioned_residual,2,10.0,45.81045858237614
external_dual_three_phase_flt0z_load_10nm,10.0,0,,True,7,2,1.1462584756440597,True,health_test,0.28,False,False,unconditioned_residual,2,10.0,45.81045858237614
external_dual_three_phase_flt0z_load_20nm,20.0,0,,True,0,2,40.89847913158186,True,calibration,,False,False,unconditioned_residual,2,10.0,45.81045858237614
external_dual_three_phase_flt0z_load_20nm,20.0,0,,True,1,2,2.890970608309272,True,calibration,,False,False,unconditioned_residual,2,10.0,45.81045858237614
external_dual_three_phase_flt0z_load_20nm,20.0,0,,True,2,2,0.6937212381160733,True,calibration,,False,False,unconditioned_residual,2,10.0,45.81045858237614
external_dual_three_phase_flt0z_load_20nm,20.0,0,,True,3,2,0.6047523557521564,True,calibration,,False,False,unconditioned_residual,2,10.0,45.81045858237614
external_dual_three_phase_flt0z_load_20nm,20.0,0,,True,4,2,0.4767709923016843,True,calibration,,False,False,unconditioned_residual,2,10.0,45.81045858237614
external_dual_three_phase_flt0z_load_20nm,20.0,0,,True,5,2,0.44153521358354325,True,calibration,,False,False,unconditioned_residual,2,10.0,45.81045858237614
external_dual_three_phase_flt0z_load_20nm,20.0,0,,True,6,2,0.5467081427155585,True,calibration,,False,False,unconditioned_residual,2,10.0,45.81045858237614
external_dual_three_phase_flt0z_load_20nm,20.0,0,,True,7,2,0.9132323646572833,True,calibration,,False,False,unconditioned_residual,2,10.0,45.81045858237614
external_dual_three_phase_flt0z_load_25nm,25.0,0,,True,0,2,41.01907138627856,True,calibration,,False,False,unconditioned_residual,2,10.0,45.81045858237614
external_dual_three_phase_flt0z_load_25nm,25.0,0,,True,1,2,3.243010730901499,True,calibration,,False,False,unconditioned_residual,2,10.0,45.81045858237614
external_dual_three_phase_flt0z_load_25nm,25.0,0,,True,2,2,0.7251289747726812,True,calibration,,False,False,unconditioned_residual,2,10.0,45.81045858237614
external_dual_three_phase_flt0z_load_25nm,25.0,0,,True,3,2,0.5728072909778769,True,calibration,,False,False,unconditioned_residual,2,10.0,45.81045858237614
external_dual_three_phase_flt0z_load_25nm,25.0,0,,True,4,2,0.4737825934840554,True,calibration,,False,False,unconditioned_residual,2,10.0,45.81045858237614
external_dual_three_phase_flt0z_load_25nm,25.0,0,,True,5,2,0.42716656301860456,True,calibration,,False,False,unconditioned_residual,2,10.0,45.81045858237614
external_dual_three_phase_flt0z_load_25nm,25.0,0,,True,6,2,0.5636948939217756,True,calibration,,False,False,unconditioned_residual,2,10.0,45.81045858237614
external_dual_three_phase_flt0z_load_25nm,25.0,0,,True,7,2,0.8800356406985859,True,calibration,,False,False,unconditioned_residual,2,10.0,45.81045858237614
external_dual_three_phase_flt0z_load_30nm,30.0,0,,True,0,2,45.81045858237614,True,calibration,,False,False,unconditioned_residual,2,10.0,45.81045858237614
external_dual_three_phase_flt0z_load_30nm,30.0,0,,True,1,2,3.094412588271538,True,calibration,,False,False,unconditioned_residual,2,10.0,45.81045858237614
external_dual_three_phase_flt0z_load_30nm,30.0,0,,True,2,2,0.6508742783832872,True,calibration,,False,False,unconditioned_residual,2,10.0,45.81045858237614
external_dual_three_phase_flt0z_load_30nm,30.0,0,,True,3,2,0.595961923991055,True,calibration,,False,False,unconditioned_residual,2,10.0,45.81045858237614
external_dual_three_phase_flt0z_load_30nm,30.0,0,,True,4,2,0.533595820711968,True,calibration,,False,False,unconditioned_residual,2,10.0,45.81045858237614
external_dual_three_phase_flt0z_load_30nm,30.0,0,,True,5,2,0.46416674049006423,True,calibration,,False,False,unconditioned_residual,2,10.0,45.81045858237614
external_dual_three_phase_flt0z_load_30nm,30.0,0,,True,6,2,0.5726247540195701,True,calibration,,False,False,unconditioned_residual,2,10.0,45.81045858237614
external_dual_three_phase_flt0z_load_30nm,30.0,0,,True,7,2,0.8925226709910838,True,calibration,,False,False,unconditioned_residual,2,10.0,45.81045858237614
external_dual_three_phase_flt1zu_load_10nm,10.0,1,u,False,0,2,44.823911636284436,True,fault_test,0.08,False,False,unconditioned_residual,2,10.0,45.81045858237614
external_dual_three_phase_flt1zu_load_10nm,10.0,1,u,False,1,2,3.9186302963088595,True,fault_test,0.16,False,False,unconditioned_residual,2,10.0,45.81045858237614
external_dual_three_phase_flt1zu_load_10nm,10.0,1,u,False,2,2,4.430342362119474,True,fault_test,0.16,False,False,unconditioned_residual,2,10.0,45.81045858237614
external_dual_three_phase_flt1zu_load_10nm,10.0,1,u,False,3,2,9.11747421775916,True,fault_test,0.16,False,False,unconditioned_residual,2,10.0,45.81045858237614
external_dual_three_phase_flt1zu_load_10nm,10.0,1,u,False,4,2,17.82911897774207,True,fault_test,0.16,False,False,unconditioned_residual,2,10.0,45.81045858237614
external_dual_three_phase_flt1zu_load_10nm,10.0,1,u,False,5,2,39.87068591994205,True,fault_test,0.16,False,False,unconditioned_residual,2,10.0,45.81045858237614
external_dual_three_phase_flt1zu_load_10nm,10.0,1,u,False,6,2,72.32607568209161,True,fault_test,0.04,True,True,unconditioned_residual,2,10.0,45.81045858237614
external_dual_three_phase_flt1zu_load_10nm,10.0,1,u,False,7,2,123.67025314327806,True,fault_test,0.04,True,True,unconditioned_residual,2,10.0,45.81045858237614
external_dual_three_phase_flt2zv_load_10nm,10.0,2,v,False,0,2,40.09520838840785,True,fault_test,0.16,False,False,unconditioned_residual,2,10.0,45.81045858237614
external_dual_three_phase_flt2zv_load_10nm,10.0,2,v,False,1,2,5.988971739021351,True,fault_test,0.16,False,False,unconditioned_residual,2,10.0,45.81045858237614
external_dual_three_phase_flt2zv_load_10nm,10.0,2,v,False,2,2,27.310655076063387,True,fault_test,0.16,False,False,unconditioned_residual,2,10.0,45.81045858237614
external_dual_three_phase_flt2zv_load_10nm,10.0,2,v,False,3,2,63.79819035004526,True,fault_test,0.04,True,True,unconditioned_residual,2,10.0,45.81045858237614
external_dual_three_phase_flt2zv_load_10nm,10.0,2,v,False,4,2,128.7147049754724,True,fault_test,0.04,True,True,unconditioned_residual,2,10.0,45.81045858237614
external_dual_three_phase_flt2zv_load_10nm,10.0,2,v,False,5,2,225.40742700566764,True,fault_test,0.04,True,True,unconditioned_residual,2,10.0,45.81045858237614
external_dual_three_phase_flt2zv_load_10nm,10.0,2,v,False,6,2,364.99256086821316,True,fault_test,0.04,True,True,unconditioned_residual,2,10.0,45.81045858237614
external_dual_three_phase_flt2zv_load_10nm,10.0,2,v,False,7,2,582.5103765382732,True,fault_test,0.04,True,True,unconditioned_residual,2,10.0,45.81045858237614
external_dual_three_phase_flt3zu_load_10nm,10.0,3,u,False,0,2,43.32198540988036,True,fault_test,0.08,False,False,unconditioned_residual,2,10.0,45.81045858237614
external_dual_three_phase_flt3zu_load_10nm,10.0,3,u,False,1,2,32.00030532101063,True,fault_test,0.16,False,False,unconditioned_residual,2,10.0,45.81045858237614
external_dual_three_phase_flt3zu_load_10nm,10.0,3,u,False,2,2,63.20685732340918,True,fault_test,0.04,True,True,unconditioned_residual,2,10.0,45.81045858237614
external_dual_three_phase_flt3zu_load_10nm,10.0,3,u,False,3,2,125.73432422926861,True,fault_test,0.04,True,True,unconditioned_residual,2,10.0,45.81045858237614
external_dual_three_phase_flt3zu_load_10nm,10.0,3,u,False,4,2,203.2681224021878,True,fault_test,0.04,True,True,unconditioned_residual,2,10.0,45.81045858237614
external_dual_three_phase_flt3zu_load_10nm,10.0,3,u,False,5,2,308.60329141507015,True,fault_test,0.04,True,True,unconditioned_residual,2,10.0,45.81045858237614
external_dual_three_phase_flt3zu_load_10nm,10.0,3,u,False,6,2,442.2477675419243,True,fault_test,0.04,True,True,unconditioned_residual,2,10.0,45.81045858237614
external_dual_three_phase_flt3zu_load_10nm,10.0,3,u,False,7,2,663.858940503864,True,fault_test,0.04,True,True,unconditioned_residual,2,10.0,45.81045858237614
external_dual_three_phase_flt4zv_load_10nm,10.0,4,v,False,0,2,43.306046774241665,True,fault_test,0.08,False,False,unconditioned_residual,2,10.0,45.81045858237614
external_dual_three_phase_flt4zv_load_10nm,10.0,4,v,False,1,2,27.170533387126568,True,fault_test,0.16,False,False,unconditioned_residual,2,10.0,45.81045858237614
external_dual_three_phase_flt4zv_load_10nm,10.0,4,v,False,2,2,66.52495751813437,True,fault_test,0.04,True,True,unconditioned_residual,2,10.0,45.81045858237614
external_dual_three_phase_flt4zv_load_10nm,10.0,4,v,False,3,2,132.89948628139697,True,fault_test,0.04,True,True,unconditioned_residual,2,10.0,45.81045858237614
external_dual_three_phase_flt4zv_load_10nm,10.0,4,v,False,4,2,228.71947327656903,True,fault_test,0.04,True,True,unconditioned_residual,2,10.0,45.81045858237614
external_dual_three_phase_flt4zv_load_10nm,10.0,4,v,False,5,2,355.58261789435414,True,fault_test,0.04,True,True,unconditioned_residual,2,10.0,45.81045858237614
external_dual_three_phase_flt4zv_load_10nm,10.0,4,v,False,6,2,528.5178015674605,True,fault_test,0.04,True,True,unconditioned_residual,2,10.0,45.81045858237614
external_dual_three_phase_flt4zv_load_10nm,10.0,4,v,False,7,2,778.1470434327762,True,fault_test,0.04,True,True,unconditioned_residual,2,10.0,45.81045858237614
external_dual_three_phase_flt5zu_load_10nm,10.0,5,u,False,0,2,50.64566363666366,True,fault_test,0.04,True,True,unconditioned_residual,2,10.0,45.81045858237614
external_dual_three_phase_flt5zu_load_10nm,10.0,5,u,False,1,2,24.455695167380306,True,fault_test,0.16,False,False,unconditioned_residual,2,10.0,45.81045858237614
external_dual_three_phase_flt5zu_load_10nm,10.0,5,u,False,2,2,52.65818425968709,True,fault_test,0.04,True,True,unconditioned_residual,2,10.0,45.81045858237614
external_dual_three_phase_flt5zu_load_10nm,10.0,5,u,False,3,2,79.85727048036767,True,fault_test,0.04,True,True,unconditioned_residual,2,10.0,45.81045858237614
external_dual_three_phase_flt5zu_load_10nm,10.0,5,u,False,4,2,122.88911865802031,True,fault_test,0.04,True,True,unconditioned_residual,2,10.0,45.81045858237614
external_dual_three_phase_flt5zu_load_10nm,10.0,5,u,False,5,2,179.4803774367766,True,fault_test,0.04,True,True,unconditioned_residual,2,10.0,45.81045858237614
external_dual_three_phase_flt5zu_load_10nm,10.0,5,u,False,6,2,279.26674063600757,True,fault_test,0.04,True,True,unconditioned_residual,2,10.0,45.81045858237614
external_dual_three_phase_flt5zu_load_10nm,10.0,5,u,False,7,2,436.4381798426376,True,fault_test,0.04,True,True,unconditioned_residual,2,10.0,45.81045858237614
external_dual_three_phase_flt6zu_load_10nm,10.0,6,u,False,0,2,48.37437150493092,True,fault_test,0.04,True,True,unconditioned_residual,2,10.0,45.81045858237614
external_dual_three_phase_flt6zu_load_10nm,10.0,6,u,False,1,2,26.58941416394277,True,fault_test,0.16,False,False,unconditioned_residual,2,10.0,45.81045858237614
external_dual_three_phase_flt6zu_load_10nm,10.0,6,u,False,2,2,49.81375298008422,True,fault_test,0.04,True,True,unconditioned_residual,2,10.0,45.81045858237614
external_dual_three_phase_flt6zu_load_10nm,10.0,6,u,False,3,2,81.33050235361304,True,fault_test,0.04,True,True,unconditioned_residual,2,10.0,45.81045858237614
external_dual_three_phase_flt6zu_load_10nm,10.0,6,u,False,4,2,127.94152532413209,True,fault_test,0.04,True,True,unconditioned_residual,2,10.0,45.81045858237614
external_dual_three_phase_flt6zu_load_10nm,10.0,6,u,False,5,2,194.0878318160673,True,fault_test,0.04,True,True,unconditioned_residual,2,10.0,45.81045858237614
external_dual_three_phase_flt6zu_load_10nm,10.0,6,u,False,6,2,298.6432064543949,True,fault_test,0.04,True,True,unconditioned_residual,2,10.0,45.81045858237614
external_dual_three_phase_flt6zu_load_10nm,10.0,6,u,False,7,2,475.34817507555965,True,fault_test,0.04,True,True,unconditioned_residual,2,10.0,45.81045858237614
external_dual_three_phase_flt0z_load_10nm,10.0,0,,True,0,2,53.0704395215312,True,health_test,0.04,True,True,linear_residual,2,10.0,51.172455939363175
external_dual_three_phase_flt0z_load_10nm,10.0,0,,True,1,2,7.567896311194852,True,health_test,0.16,False,False,linear_residual,2,10.0,51.172455939363175
external_dual_three_phase_flt0z_load_10nm,10.0,0,,True,2,2,2.5158484543804276,True,health_test,0.4,False,False,linear_residual,2,10.0,51.172455939363175
external_dual_three_phase_flt0z_load_10nm,10.0,0,,True,3,2,1.907883956043765,True,health_test,0.52,False,False,linear_residual,2,10.0,51.172455939363175
external_dual_three_phase_flt0z_load_10nm,10.0,0,,True,4,2,2.1822650753274813,True,health_test,0.4,False,False,linear_residual,2,10.0,51.172455939363175
external_dual_three_phase_flt0z_load_10nm,10.0,0,,True,5,2,1.8018132430043439,True,health_test,0.56,False,False,linear_residual,2,10.0,51.172455939363175
external_dual_three_phase_flt0z_load_10nm,10.0,0,,True,6,2,2.289595260887876,True,health_test,0.4,False,False,linear_residual,2,10.0,51.172455939363175
external_dual_three_phase_flt0z_load_10nm,10.0,0,,True,7,2,4.2466309212320965,True,health_test,0.36,False,False,linear_residual,2,10.0,51.172455939363175
external_dual_three_phase_flt0z_load_20nm,20.0,0,,True,0,2,45.35792011937856,True,calibration,,False,False,linear_residual,2,10.0,51.172455939363175
external_dual_three_phase_flt0z_load_20nm,20.0,0,,True,1,2,5.5081982990774,True,calibration,,False,False,linear_residual,2,10.0,51.172455939363175
external_dual_three_phase_flt0z_load_20nm,20.0,0,,True,2,2,1.9098664306377486,True,calibration,,False,False,linear_residual,2,10.0,51.172455939363175
external_dual_three_phase_flt0z_load_20nm,20.0,0,,True,3,2,1.3751869762941409,True,calibration,,False,False,linear_residual,2,10.0,51.172455939363175
external_dual_three_phase_flt0z_load_20nm,20.0,0,,True,4,2,1.221289901907026,True,calibration,,False,False,linear_residual,2,10.0,51.172455939363175
external_dual_three_phase_flt0z_load_20nm,20.0,0,,True,5,2,0.9711436350685441,True,calibration,,False,False,linear_residual,2,10.0,51.172455939363175
external_dual_three_phase_flt0z_load_20nm,20.0,0,,True,6,2,1.9844409777585987,True,calibration,,False,False,linear_residual,2,10.0,51.172455939363175
external_dual_three_phase_flt0z_load_20nm,20.0,0,,True,7,2,4.500548292462703,True,calibration,,False,False,linear_residual,2,10.0,51.172455939363175
external_dual_three_phase_flt0z_load_25nm,25.0,0,,True,0,2,44.55381389225468,True,calibration,,False,False,linear_residual,2,10.0,51.172455939363175
external_dual_three_phase_flt0z_load_25nm,25.0,0,,True,1,2,6.248648572576933,True,calibration,,False,False,linear_residual,2,10.0,51.172455939363175
external_dual_three_phase_flt0z_load_25nm,25.0,0,,True,2,2,1.4465173854854176,True,calibration,,False,False,linear_residual,2,10.0,51.172455939363175
external_dual_three_phase_flt0z_load_25nm,25.0,0,,True,3,2,0.92768623868087,True,calibration,,False,False,linear_residual,2,10.0,51.172455939363175
external_dual_three_phase_flt0z_load_25nm,25.0,0,,True,4,2,0.7013766668040639,True,calibration,,False,False,linear_residual,2,10.0,51.172455939363175
external_dual_three_phase_flt0z_load_25nm,25.0,0,,True,5,2,0.813427035646924,True,calibration,,False,False,linear_residual,2,10.0,51.172455939363175
external_dual_three_phase_flt0z_load_25nm,25.0,0,,True,6,2,2.060396757599436,True,calibration,,False,False,linear_residual,2,10.0,51.172455939363175
external_dual_three_phase_flt0z_load_25nm,25.0,0,,True,7,2,4.309180390876542,True,calibration,,False,False,linear_residual,2,10.0,51.172455939363175
external_dual_three_phase_flt0z_load_30nm,30.0,0,,True,0,2,51.172455939363175,True,calibration,,False,False,linear_residual,2,10.0,51.172455939363175
external_dual_three_phase_flt0z_load_30nm,30.0,0,,True,1,2,5.528294800385907,True,calibration,,False,False,linear_residual,2,10.0,51.172455939363175
external_dual_three_phase_flt0z_load_30nm,30.0,0,,True,2,2,0.9915562016108088,True,calibration,,False,False,linear_residual,2,10.0,51.172455939363175
external_dual_three_phase_flt0z_load_30nm,30.0,0,,True,3,2,0.9117369367104393,True,calibration,,False,False,linear_residual,2,10.0,51.172455939363175
external_dual_three_phase_flt0z_load_30nm,30.0,0,,True,4,2,0.6868159013941445,True,calibration,,False,False,linear_residual,2,10.0,51.172455939363175
external_dual_three_phase_flt0z_load_30nm,30.0,0,,True,5,2,0.7252521040619664,True,calibration,,False,False,linear_residual,2,10.0,51.172455939363175
external_dual_three_phase_flt0z_load_30nm,30.0,0,,True,6,2,1.891065194360093,True,calibration,,False,False,linear_residual,2,10.0,51.172455939363175
external_dual_three_phase_flt0z_load_30nm,30.0,0,,True,7,2,4.062861601934413,True,calibration,,False,False,linear_residual,2,10.0,51.172455939363175
external_dual_three_phase_flt1zu_load_10nm,10.0,1,u,False,0,2,54.64959107624069,True,fault_test,0.04,True,True,linear_residual,2,10.0,51.172455939363175
external_dual_three_phase_flt1zu_load_10nm,10.0,1,u,False,1,2,24.009247305454583,True,fault_test,0.16,False,False,linear_residual,2,10.0,51.172455939363175
external_dual_three_phase_flt1zu_load_10nm,10.0,1,u,False,2,2,20.810470973935313,True,fault_test,0.16,False,False,linear_residual,2,10.0,51.172455939363175
external_dual_three_phase_flt1zu_load_10nm,10.0,1,u,False,3,2,39.28154440212418,True,fault_test,0.16,False,False,linear_residual,2,10.0,51.172455939363175
external_dual_three_phase_flt1zu_load_10nm,10.0,1,u,False,4,2,78.82503532012656,True,fault_test,0.04,True,True,linear_residual,2,10.0,51.172455939363175
external_dual_three_phase_flt1zu_load_10nm,10.0,1,u,False,5,2,181.76234650392672,True,fault_test,0.04,True,True,linear_residual,2,10.0,51.172455939363175
external_dual_three_phase_flt1zu_load_10nm,10.0,1,u,False,6,2,314.4211645546843,True,fault_test,0.04,True,True,linear_residual,2,10.0,51.172455939363175
external_dual_three_phase_flt1zu_load_10nm,10.0,1,u,False,7,2,549.0121000432172,True,fault_test,0.04,True,True,linear_residual,2,10.0,51.172455939363175
external_dual_three_phase_flt2zv_load_10nm,10.0,2,v,False,0,2,46.12296618670988,True,fault_test,0.08,False,False,linear_residual,2,10.0,51.172455939363175
external_dual_three_phase_flt2zv_load_10nm,10.0,2,v,False,1,2,39.49582767845047,True,fault_test,0.16,False,False,linear_residual,2,10.0,51.172455939363175
external_dual_three_phase_flt2zv_load_10nm,10.0,2,v,False,2,2,132.66264788657548,True,fault_test,0.04,True,True,linear_residual,2,10.0,51.172455939363175
external_dual_three_phase_flt2zv_load_10nm,10.0,2,v,False,3,2,253.3099556076079,True,fault_test,0.04,True,True,linear_residual,2,10.0,51.172455939363175
external_dual_three_phase_flt2zv_load_10nm,10.0,2,v,False,4,2,465.9960560786569,True,fault_test,0.04,True,True,linear_residual,2,10.0,51.172455939363175
external_dual_three_phase_flt2zv_load_10nm,10.0,2,v,False,5,2,758.4690398814798,True,fault_test,0.04,True,True,linear_residual,2,10.0,51.172455939363175
external_dual_three_phase_flt2zv_load_10nm,10.0,2,v,False,6,2,1157.433162721895,True,fault_test,0.04,True,True,linear_residual,2,10.0,51.172455939363175
external_dual_three_phase_flt2zv_load_10nm,10.0,2,v,False,7,2,1801.8320238815086,True,fault_test,0.04,True,True,linear_residual,2,10.0,51.172455939363175
external_dual_three_phase_flt3zu_load_10nm,10.0,3,u,False,0,2,74.07251851046435,True,fault_test,0.04,True,True,linear_residual,2,10.0,51.172455939363175
external_dual_three_phase_flt3zu_load_10nm,10.0,3,u,False,1,2,172.53794002796445,True,fault_test,0.04,True,True,linear_residual,2,10.0,51.172455939363175
external_dual_three_phase_flt3zu_load_10nm,10.0,3,u,False,2,2,313.71044739779745,True,fault_test,0.04,True,True,linear_residual,2,10.0,51.172455939363175
external_dual_three_phase_flt3zu_load_10nm,10.0,3,u,False,3,2,605.2080874519456,True,fault_test,0.04,True,True,linear_residual,2,10.0,51.172455939363175
external_dual_three_phase_flt3zu_load_10nm,10.0,3,u,False,4,2,996.5069896019472,True,fault_test,0.04,True,True,linear_residual,2,10.0,51.172455939363175
external_dual_three_phase_flt3zu_load_10nm,10.0,3,u,False,5,2,1503.4351773365433,True,fault_test,0.04,True,True,linear_residual,2,10.0,51.172455939363175
external_dual_three_phase_flt3zu_load_10nm,10.0,3,u,False,6,2,2105.285862334382,True,fault_test,0.04,True,True,linear_residual,2,10.0,51.172455939363175
external_dual_three_phase_flt3zu_load_10nm,10.0,3,u,False,7,2,3160.5757024761187,True,fault_test,0.04,True,True,linear_residual,2,10.0,51.172455939363175
external_dual_three_phase_flt4zv_load_10nm,10.0,4,v,False,0,2,54.926947598675596,True,fault_test,0.04,True,True,linear_residual,2,10.0,51.172455939363175
external_dual_three_phase_flt4zv_load_10nm,10.0,4,v,False,1,2,131.2952262688128,True,fault_test,0.04,True,True,linear_residual,2,10.0,51.172455939363175
external_dual_three_phase_flt4zv_load_10nm,10.0,4,v,False,2,2,265.62178730332187,True,fault_test,0.04,True,True,linear_residual,2,10.0,51.172455939363175
external_dual_three_phase_flt4zv_load_10nm,10.0,4,v,False,3,2,465.6712465807559,True,fault_test,0.04,True,True,linear_residual,2,10.0,51.172455939363175
external_dual_three_phase_flt4zv_load_10nm,10.0,4,v,False,4,2,760.2016629114808,True,fault_test,0.04,True,True,linear_residual,2,10.0,51.172455939363175
external_dual_three_phase_flt4zv_load_10nm,10.0,4,v,False,5,2,1134.3244715881983,True,fault_test,0.04,True,True,linear_residual,2,10.0,51.172455939363175
external_dual_three_phase_flt4zv_load_10nm,10.0,4,v,False,6,2,1642.2963774874438,True,fault_test,0.04,True,True,linear_residual,2,10.0,51.172455939363175
external_dual_three_phase_flt4zv_load_10nm,10.0,4,v,False,7,2,2408.400649133538,True,fault_test,0.04,True,True,linear_residual,2,10.0,51.172455939363175
external_dual_three_phase_flt5zu_load_10nm,10.0,5,u,False,0,2,84.51898051665549,True,fault_test,0.04,True,True,linear_residual,2,10.0,51.172455939363175
external_dual_three_phase_flt5zu_load_10nm,10.0,5,u,False,1,2,113.85538530846634,True,fault_test,0.04,True,True,linear_residual,2,10.0,51.172455939363175
external_dual_three_phase_flt5zu_load_10nm,10.0,5,u,False,2,2,267.7760719504465,True,fault_test,0.04,True,True,linear_residual,2,10.0,51.172455939363175
external_dual_three_phase_flt5zu_load_10nm,10.0,5,u,False,3,2,389.9638501399261,True,fault_test,0.04,True,True,linear_residual,2,10.0,51.172455939363175
external_dual_three_phase_flt5zu_load_10nm,10.0,5,u,False,4,2,612.2196165079669,True,fault_test,0.04,True,True,linear_residual,2,10.0,51.172455939363175
external_dual_three_phase_flt5zu_load_10nm,10.0,5,u,False,5,2,903.4867918136114,True,fault_test,0.04,True,True,linear_residual,2,10.0,51.172455939363175
external_dual_three_phase_flt5zu_load_10nm,10.0,5,u,False,6,2,1345.6769887149549,True,fault_test,0.04,True,True,linear_residual,2,10.0,51.172455939363175
external_dual_three_phase_flt5zu_load_10nm,10.0,5,u,False,7,2,2049.8907528670356,True,fault_test,0.04,True,True,linear_residual,2,10.0,51.172455939363175
external_dual_three_phase_flt6zu_load_10nm,10.0,6,u,False,0,2,77.32921573907079,True,fault_test,0.04,True,True,linear_residual,2,10.0,51.172455939363175
external_dual_three_phase_flt6zu_load_10nm,10.0,6,u,False,1,2,134.71244566981537,True,fault_test,0.04,True,True,linear_residual,2,10.0,51.172455939363175
external_dual_three_phase_flt6zu_load_10nm,10.0,6,u,False,2,2,253.99038750624624,True,fault_test,0.04,True,True,linear_residual,2,10.0,51.172455939363175
external_dual_three_phase_flt6zu_load_10nm,10.0,6,u,False,3,2,406.7626105809188,True,fault_test,0.04,True,True,linear_residual,2,10.0,51.172455939363175
external_dual_three_phase_flt6zu_load_10nm,10.0,6,u,False,4,2,656.4657479737463,True,fault_test,0.04,True,True,linear_residual,2,10.0,51.172455939363175
external_dual_three_phase_flt6zu_load_10nm,10.0,6,u,False,5,2,982.6376449845229,True,fault_test,0.04,True,True,linear_residual,2,10.0,51.172455939363175
external_dual_three_phase_flt6zu_load_10nm,10.0,6,u,False,6,2,1436.058583431833,True,fault_test,0.04,True,True,linear_residual,2,10.0,51.172455939363175
external_dual_three_phase_flt6zu_load_10nm,10.0,6,u,False,7,2,2213.3896956592007,True,fault_test,0.04,True,True,linear_residual,2,10.0,51.172455939363175
external_dual_three_phase_flt0z_load_10nm,10.0,0,,True,0,2,49.21928268483278,True,health_test,0.04,True,True,quadratic_residual,2,10.0,48.15296684167684
external_dual_three_phase_flt0z_load_10nm,10.0,0,,True,1,2,6.45363322285196,True,health_test,0.16,False,False,quadratic_residual,2,10.0,48.15296684167684
external_dual_three_phase_flt0z_load_10nm,10.0,0,,True,2,2,1.7260093241606629,True,health_test,0.4,False,False,quadratic_residual,2,10.0,48.15296684167684
external_dual_three_phase_flt0z_load_10nm,10.0,0,,True,3,2,0.9002116385135484,True,health_test,0.56,False,False,quadratic_residual,2,10.0,48.15296684167684
external_dual_three_phase_flt0z_load_10nm,10.0,0,,True,4,2,1.0753385579598447,True,health_test,0.56,False,False,quadratic_residual,2,10.0,48.15296684167684
external_dual_three_phase_flt0z_load_10nm,10.0,0,,True,5,2,1.037532089097128,True,health_test,0.56,False,False,quadratic_residual,2,10.0,48.15296684167684
external_dual_three_phase_flt0z_load_10nm,10.0,0,,True,6,2,1.6265461825588963,True,health_test,0.44,False,False,quadratic_residual,2,10.0,48.15296684167684
external_dual_three_phase_flt0z_load_10nm,10.0,0,,True,7,2,4.780867323156788,True,health_test,0.28,False,False,quadratic_residual,2,10.0,48.15296684167684
external_dual_three_phase_flt0z_load_20nm,20.0,0,,True,0,2,41.06573434857592,True,calibration,,False,False,quadratic_residual,2,10.0,48.15296684167684
external_dual_three_phase_flt0z_load_20nm,20.0,0,,True,1,2,5.1245327483955085,True,calibration,,False,False,quadratic_residual,2,10.0,48.15296684167684
external_dual_three_phase_flt0z_load_20nm,20.0,0,,True,2,2,1.684398510424169,True,calibration,,False,False,quadratic_residual,2,10.0,48.15296684167684
external_dual_three_phase_flt0z_load_20nm,20.0,0,,True,3,2,1.1740761456355986,True,calibration,,False,False,quadratic_residual,2,10.0,48.15296684167684
external_dual_three_phase_flt0z_load_20nm,20.0,0,,True,4,2,0.7358009646842694,True,calibration,,False,False,quadratic_residual,2,10.0,48.15296684167684
external_dual_three_phase_flt0z_load_20nm,20.0,0,,True,5,2,0.7930362397945997,True,calibration,,False,False,quadratic_residual,2,10.0,48.15296684167684
external_dual_three_phase_flt0z_load_20nm,20.0,0,,True,6,2,0.8032562339955766,True,calibration,,False,False,quadratic_residual,2,10.0,48.15296684167684
external_dual_three_phase_flt0z_load_20nm,20.0,0,,True,7,2,2.6397663552175663,True,calibration,,False,False,quadratic_residual,2,10.0,48.15296684167684
external_dual_three_phase_flt0z_load_25nm,25.0,0,,True,0,2,40.744181392591635,True,calibration,,False,False,quadratic_residual,2,10.0,48.15296684167684
external_dual_three_phase_flt0z_load_25nm,25.0,0,,True,1,2,5.859604362487151,True,calibration,,False,False,quadratic_residual,2,10.0,48.15296684167684
external_dual_three_phase_flt0z_load_25nm,25.0,0,,True,2,2,1.147013266125758,True,calibration,,False,False,quadratic_residual,2,10.0,48.15296684167684
external_dual_three_phase_flt0z_load_25nm,25.0,0,,True,3,2,0.7638444071041337,True,calibration,,False,False,quadratic_residual,2,10.0,48.15296684167684
external_dual_three_phase_flt0z_load_25nm,25.0,0,,True,4,2,0.6361047335715074,True,calibration,,False,False,quadratic_residual,2,10.0,48.15296684167684
external_dual_three_phase_flt0z_load_25nm,25.0,0,,True,5,2,0.7945991463896822,True,calibration,,False,False,quadratic_residual,2,10.0,48.15296684167684
external_dual_three_phase_flt0z_load_25nm,25.0,0,,True,6,2,0.7319854073800869,True,calibration,,False,False,quadratic_residual,2,10.0,48.15296684167684
external_dual_three_phase_flt0z_load_25nm,25.0,0,,True,7,2,2.17839957427264,True,calibration,,False,False,quadratic_residual,2,10.0,48.15296684167684
external_dual_three_phase_flt0z_load_30nm,30.0,0,,True,0,2,48.15296684167684,True,calibration,,False,False,quadratic_residual,2,10.0,48.15296684167684
external_dual_three_phase_flt0z_load_30nm,30.0,0,,True,1,2,5.348756037839491,True,calibration,,False,False,quadratic_residual,2,10.0,48.15296684167684
external_dual_three_phase_flt0z_load_30nm,30.0,0,,True,2,2,1.1481952775744748,True,calibration,,False,False,quadratic_residual,2,10.0,48.15296684167684
external_dual_three_phase_flt0z_load_30nm,30.0,0,,True,3,2,0.8235621908395381,True,calibration,,False,False,quadratic_residual,2,10.0,48.15296684167684
external_dual_three_phase_flt0z_load_30nm,30.0,0,,True,4,2,0.6734921124915626,True,calibration,,False,False,quadratic_residual,2,10.0,48.15296684167684
external_dual_three_phase_flt0z_load_30nm,30.0,0,,True,5,2,0.6157203744974115,True,calibration,,False,False,quadratic_residual,2,10.0,48.15296684167684
external_dual_three_phase_flt0z_load_30nm,30.0,0,,True,6,2,0.6923293089035087,True,calibration,,False,False,quadratic_residual,2,10.0,48.15296684167684
external_dual_three_phase_flt0z_load_30nm,30.0,0,,True,7,2,1.9106383721411118,True,calibration,,False,False,quadratic_residual,2,10.0,48.15296684167684
external_dual_three_phase_flt1zu_load_10nm,10.0,1,u,False,0,2,47.818762819643005,True,fault_test,0.08,False,False,quadratic_residual,2,10.0,48.15296684167684
external_dual_three_phase_flt1zu_load_10nm,10.0,1,u,False,1,2,14.956387266806692,True,fault_test,0.16,False,False,quadratic_residual,2,10.0,48.15296684167684
external_dual_three_phase_flt1zu_load_10nm,10.0,1,u,False,2,2,12.989838602715002,True,fault_test,0.16,False,False,quadratic_residual,2,10.0,48.15296684167684
external_dual_three_phase_flt1zu_load_10nm,10.0,1,u,False,3,2,25.99517879791993,True,fault_test,0.16,False,False,quadratic_residual,2,10.0,48.15296684167684
external_dual_three_phase_flt1zu_load_10nm,10.0,1,u,False,4,2,54.60721002061888,True,fault_test,0.04,True,True,quadratic_residual,2,10.0,48.15296684167684
external_dual_three_phase_flt1zu_load_10nm,10.0,1,u,False,5,2,131.8342885488502,True,fault_test,0.04,True,True,quadratic_residual,2,10.0,48.15296684167684
external_dual_three_phase_flt1zu_load_10nm,10.0,1,u,False,6,2,241.38370165752048,True,fault_test,0.04,True,True,quadratic_residual,2,10.0,48.15296684167684
external_dual_three_phase_flt1zu_load_10nm,10.0,1,u,False,7,2,448.724016245643,True,fault_test,0.04,True,True,quadratic_residual,2,10.0,48.15296684167684
external_dual_three_phase_flt2zv_load_10nm,10.0,2,v,False,0,2,41.08679825129768,True,fault_test,0.08,False,False,quadratic_residual,2,10.0,48.15296684167684
external_dual_three_phase_flt2zv_load_10nm,10.0,2,v,False,1,2,32.26031761038594,True,fault_test,0.16,False,False,quadratic_residual,2,10.0,48.15296684167684
external_dual_three_phase_flt2zv_load_10nm,10.0,2,v,False,2,2,101.67624647351656,True,fault_test,0.04,True,True,quadratic_residual,2,10.0,48.15296684167684
external_dual_three_phase_flt2zv_load_10nm,10.0,2,v,False,3,2,182.1183590337696,True,fault_test,0.04,True,True,quadratic_residual,2,10.0,48.15296684167684
external_dual_three_phase_flt2zv_load_10nm,10.0,2,v,False,4,2,326.1585246768648,True,fault_test,0.04,True,True,quadratic_residual,2,10.0,48.15296684167684
external_dual_three_phase_flt2zv_load_10nm,10.0,2,v,False,5,2,527.3213190271979,True,fault_test,0.04,True,True,quadratic_residual,2,10.0,48.15296684167684
external_dual_three_phase_flt2zv_load_10nm,10.0,2,v,False,6,2,812.5820331777146,True,fault_test,0.04,True,True,quadratic_residual,2,10.0,48.15296684167684
external_dual_three_phase_flt2zv_load_10nm,10.0,2,v,False,7,2,1289.6259560253457,True,fault_test,0.04,True,True,quadratic_residual,2,10.0,48.15296684167684
external_dual_three_phase_flt3zu_load_10nm,10.0,3,u,False,0,2,62.80292147706035,True,fault_test,0.04,True,True,quadratic_residual,2,10.0,48.15296684167684
external_dual_three_phase_flt3zu_load_10nm,10.0,3,u,False,1,2,108.49896078351648,True,fault_test,0.04,True,True,quadratic_residual,2,10.0,48.15296684167684
external_dual_three_phase_flt3zu_load_10nm,10.0,3,u,False,2,2,205.36867578753487,True,fault_test,0.04,True,True,quadratic_residual,2,10.0,48.15296684167684
external_dual_three_phase_flt3zu_load_10nm,10.0,3,u,False,3,2,416.3828930012012,True,fault_test,0.04,True,True,quadratic_residual,2,10.0,48.15296684167684
external_dual_three_phase_flt3zu_load_10nm,10.0,3,u,False,4,2,705.4059579495337,True,fault_test,0.04,True,True,quadratic_residual,2,10.0,48.15296684167684
external_dual_three_phase_flt3zu_load_10nm,10.0,3,u,False,5,2,1103.0908700388904,True,fault_test,0.04,True,True,quadratic_residual,2,10.0,48.15296684167684
external_dual_three_phase_flt3zu_load_10nm,10.0,3,u,False,6,2,1581.2088149718736,True,fault_test,0.04,True,True,quadratic_residual,2,10.0,48.15296684167684
external_dual_three_phase_flt3zu_load_10nm,10.0,3,u,False,7,2,2464.049293631959,True,fault_test,0.04,True,True,quadratic_residual,2,10.0,48.15296684167684
external_dual_three_phase_flt4zv_load_10nm,10.0,4,v,False,0,2,47.32347767937704,True,fault_test,0.08,False,False,quadratic_residual,2,10.0,48.15296684167684
external_dual_three_phase_flt4zv_load_10nm,10.0,4,v,False,1,2,99.71637817724204,True,fault_test,0.04,True,True,quadratic_residual,2,10.0,48.15296684167684
external_dual_three_phase_flt4zv_load_10nm,10.0,4,v,False,2,2,191.64533021833154,True,fault_test,0.04,True,True,quadratic_residual,2,10.0,48.15296684167684
external_dual_three_phase_flt4zv_load_10nm,10.0,4,v,False,3,2,326.4848374478532,True,fault_test,0.04,True,True,quadratic_residual,2,10.0,48.15296684167684
external_dual_three_phase_flt4zv_load_10nm,10.0,4,v,False,4,2,526.4999308942492,True,fault_test,0.04,True,True,quadratic_residual,2,10.0,48.15296684167684
external_dual_three_phase_flt4zv_load_10nm,10.0,4,v,False,5,2,791.5473382692486,True,fault_test,0.04,True,True,quadratic_residual,2,10.0,48.15296684167684
external_dual_three_phase_flt4zv_load_10nm,10.0,4,v,False,6,2,1166.6362910038722,True,fault_test,0.04,True,True,quadratic_residual,2,10.0,48.15296684167684
external_dual_three_phase_flt4zv_load_10nm,10.0,4,v,False,7,2,1745.198759092156,True,fault_test,0.04,True,True,quadratic_residual,2,10.0,48.15296684167684
external_dual_three_phase_flt5zu_load_10nm,10.0,5,u,False,0,2,66.68771617488257,True,fault_test,0.04,True,True,quadratic_residual,2,10.0,48.15296684167684
external_dual_three_phase_flt5zu_load_10nm,10.0,5,u,False,1,2,85.84436454382023,True,fault_test,0.04,True,True,quadratic_residual,2,10.0,48.15296684167684
external_dual_three_phase_flt5zu_load_10nm,10.0,5,u,False,2,2,215.1353568954159,True,fault_test,0.04,True,True,quadratic_residual,2,10.0,48.15296684167684
external_dual_three_phase_flt5zu_load_10nm,10.0,5,u,False,3,2,319.5888643767531,True,fault_test,0.04,True,True,quadratic_residual,2,10.0,48.15296684167684
external_dual_three_phase_flt5zu_load_10nm,10.0,5,u,False,4,2,503.55437209939805,True,fault_test,0.04,True,True,quadratic_residual,2,10.0,48.15296684167684
external_dual_three_phase_flt5zu_load_10nm,10.0,5,u,False,5,2,744.8358295964456,True,fault_test,0.04,True,True,quadratic_residual,2,10.0,48.15296684167684
external_dual_three_phase_flt5zu_load_10nm,10.0,5,u,False,6,2,1107.3674453996646,True,fault_test,0.04,True,True,quadratic_residual,2,10.0,48.15296684167684
external_dual_three_phase_flt5zu_load_10nm,10.0,5,u,False,7,2,1686.9033083499112,True,fault_test,0.04,True,True,quadratic_residual,2,10.0,48.15296684167684
external_dual_three_phase_flt6zu_load_10nm,10.0,6,u,False,0,2,62.66775614908423,True,fault_test,0.04,True,True,quadratic_residual,2,10.0,48.15296684167684
external_dual_three_phase_flt6zu_load_10nm,10.0,6,u,False,1,2,106.648592490454,True,fault_test,0.04,True,True,quadratic_residual,2,10.0,48.15296684167684
external_dual_three_phase_flt6zu_load_10nm,10.0,6,u,False,2,2,205.5218883899405,True,fault_test,0.04,True,True,quadratic_residual,2,10.0,48.15296684167684
external_dual_three_phase_flt6zu_load_10nm,10.0,6,u,False,3,2,335.152965878396,True,fault_test,0.04,True,True,quadratic_residual,2,10.0,48.15296684167684
external_dual_three_phase_flt6zu_load_10nm,10.0,6,u,False,4,2,540.6297229067973,True,fault_test,0.04,True,True,quadratic_residual,2,10.0,48.15296684167684
external_dual_three_phase_flt6zu_load_10nm,10.0,6,u,False,5,2,808.9846114735194,True,fault_test,0.04,True,True,quadratic_residual,2,10.0,48.15296684167684
external_dual_three_phase_flt6zu_load_10nm,10.0,6,u,False,6,2,1177.8671564696779,True,fault_test,0.04,True,True,quadratic_residual,2,10.0,48.15296684167684
external_dual_three_phase_flt6zu_load_10nm,10.0,6,u,False,7,2,1811.991125060999,True,fault_test,0.04,True,True,quadratic_residual,2,10.0,48.15296684167684
external_dual_three_phase_flt0z_load_10nm,10.0,0,,True,0,2,48.39950506375352,True,health_test,0.04,True,True,spline_residual,2,10.0,47.5294110531931
external_dual_three_phase_flt0z_load_10nm,10.0,0,,True,1,2,7.138347768597755,True,health_test,0.2,False,False,spline_residual,2,10.0,47.5294110531931
external_dual_three_phase_flt0z_load_10nm,10.0,0,,True,2,2,1.8164322654173812,True,health_test,0.44,False,False,spline_residual,2,10.0,47.5294110531931
external_dual_three_phase_flt0z_load_10nm,10.0,0,,True,3,2,1.344949706940834,True,health_test,0.88,False,False,spline_residual,2,10.0,47.5294110531931
external_dual_three_phase_flt0z_load_10nm,10.0,0,,True,4,2,1.775357375132261,True,health_test,0.44,False,False,spline_residual,2,10.0,47.5294110531931
external_dual_three_phase_flt0z_load_10nm,10.0,0,,True,5,2,1.7446205462139435,True,health_test,0.44,False,False,spline_residual,2,10.0,47.5294110531931
external_dual_three_phase_flt0z_load_10nm,10.0,0,,True,6,2,1.8016613990278392,True,health_test,0.44,False,False,spline_residual,2,10.0,47.5294110531931
external_dual_three_phase_flt0z_load_10nm,10.0,0,,True,7,2,2.0124832286027874,True,health_test,0.36,False,False,spline_residual,2,10.0,47.5294110531931
external_dual_three_phase_flt0z_load_20nm,20.0,0,,True,0,2,41.70035315402072,True,calibration,,False,False,spline_residual,2,10.0,47.5294110531931
external_dual_three_phase_flt0z_load_20nm,20.0,0,,True,1,2,6.047334472684403,True,calibration,,False,False,spline_residual,2,10.0,47.5294110531931
external_dual_three_phase_flt0z_load_20nm,20.0,0,,True,2,2,2.0232117275774333,True,calibration,,False,False,spline_residual,2,10.0,47.5294110531931
external_dual_three_phase_flt0z_load_20nm,20.0,0,,True,3,2,1.4203059137841503,True,calibration,,False,False,spline_residual,2,10.0,47.5294110531931
external_dual_three_phase_flt0z_load_20nm,20.0,0,,True,4,2,1.3160736746980928,True,calibration,,False,False,spline_residual,2,10.0,47.5294110531931
external_dual_three_phase_flt0z_load_20nm,20.0,0,,True,5,2,1.4341571212999162,True,calibration,,False,False,spline_residual,2,10.0,47.5294110531931
external_dual_three_phase_flt0z_load_20nm,20.0,0,,True,6,2,1.5132383146796422,True,calibration,,False,False,spline_residual,2,10.0,47.5294110531931
external_dual_three_phase_flt0z_load_20nm,20.0,0,,True,7,2,1.6487065106391432,True,calibration,,False,False,spline_residual,2,10.0,47.5294110531931
external_dual_three_phase_flt0z_load_25nm,25.0,0,,True,0,2,41.09021583115611,True,calibration,,False,False,spline_residual,2,10.0,47.5294110531931
external_dual_three_phase_flt0z_load_25nm,25.0,0,,True,1,2,7.224100309079181,True,calibration,,False,False,spline_residual,2,10.0,47.5294110531931
external_dual_three_phase_flt0z_load_25nm,25.0,0,,True,2,2,1.9989767666485778,True,calibration,,False,False,spline_residual,2,10.0,47.5294110531931
external_dual_three_phase_flt0z_load_25nm,25.0,0,,True,3,2,1.4428052178215123,True,calibration,,False,False,spline_residual,2,10.0,47.5294110531931
external_dual_three_phase_flt0z_load_25nm,25.0,0,,True,4,2,1.387715094016827,True,calibration,,False,False,spline_residual,2,10.0,47.5294110531931
external_dual_three_phase_flt0z_load_25nm,25.0,0,,True,5,2,1.3740966303894724,True,calibration,,False,False,spline_residual,2,10.0,47.5294110531931
external_dual_three_phase_flt0z_load_25nm,25.0,0,,True,6,2,1.5492924626530455,True,calibration,,False,False,spline_residual,2,10.0,47.5294110531931
external_dual_three_phase_flt0z_load_25nm,25.0,0,,True,7,2,2.031788884881279,True,calibration,,False,False,spline_residual,2,10.0,47.5294110531931
external_dual_three_phase_flt0z_load_30nm,30.0,0,,True,0,2,47.5294110531931,True,calibration,,False,False,spline_residual,2,10.0,47.5294110531931
external_dual_three_phase_flt0z_load_30nm,30.0,0,,True,1,2,6.2225549475324495,True,calibration,,False,False,spline_residual,2,10.0,47.5294110531931
external_dual_three_phase_flt0z_load_30nm,30.0,0,,True,2,2,1.5290423438947462,True,calibration,,False,False,spline_residual,2,10.0,47.5294110531931
external_dual_three_phase_flt0z_load_30nm,30.0,0,,True,3,2,1.440407592890811,True,calibration,,False,False,spline_residual,2,10.0,47.5294110531931
external_dual_three_phase_flt0z_load_30nm,30.0,0,,True,4,2,1.3236913675268638,True,calibration,,False,False,spline_residual,2,10.0,47.5294110531931
external_dual_three_phase_flt0z_load_30nm,30.0,0,,True,5,2,1.1692723469573605,True,calibration,,False,False,spline_residual,2,10.0,47.5294110531931
external_dual_three_phase_flt0z_load_30nm,30.0,0,,True,6,2,1.5114022048517661,True,calibration,,False,False,spline_residual,2,10.0,47.5294110531931
external_dual_three_phase_flt0z_load_30nm,30.0,0,,True,7,2,1.9748021527515913,True,calibration,,False,False,spline_residual,2,10.0,47.5294110531931
external_dual_three_phase_flt1zu_load_10nm,10.0,1,u,False,0,2,52.84073490899099,True,fault_test,0.04,True,True,spline_residual,2,10.0,47.5294110531931
external_dual_three_phase_flt1zu_load_10nm,10.0,1,u,False,1,2,24.78651387293919,True,fault_test,0.16,False,False,spline_residual,2,10.0,47.5294110531931
external_dual_three_phase_flt1zu_load_10nm,10.0,1,u,False,2,2,23.683344958806376,True,fault_test,0.16,False,False,spline_residual,2,10.0,47.5294110531931
external_dual_three_phase_flt1zu_load_10nm,10.0,1,u,False,3,2,45.591463071444565,True,fault_test,0.08,False,False,spline_residual,2,10.0,47.5294110531931
external_dual_three_phase_flt1zu_load_10nm,10.0,1,u,False,4,2,87.90389888929235,True,fault_test,0.04,True,True,spline_residual,2,10.0,47.5294110531931
external_dual_three_phase_flt1zu_load_10nm,10.0,1,u,False,5,2,195.98820020112316,True,fault_test,0.04,True,True,spline_residual,2,10.0,47.5294110531931
external_dual_three_phase_flt1zu_load_10nm,10.0,1,u,False,6,2,327.78245659641595,True,fault_test,0.04,True,True,spline_residual,2,10.0,47.5294110531931
external_dual_three_phase_flt1zu_load_10nm,10.0,1,u,False,7,2,599.2799615579945,True,fault_test,0.04,True,True,spline_residual,2,10.0,47.5294110531931
external_dual_three_phase_flt2zv_load_10nm,10.0,2,v,False,0,2,41.83901024812927,True,fault_test,0.08,False,False,spline_residual,2,10.0,47.5294110531931
external_dual_three_phase_flt2zv_load_10nm,10.0,2,v,False,1,2,38.83295551854505,True,fault_test,0.16,False,False,spline_residual,2,10.0,47.5294110531931
external_dual_three_phase_flt2zv_load_10nm,10.0,2,v,False,2,2,130.07250434872938,True,fault_test,0.04,True,True,spline_residual,2,10.0,47.5294110531931
external_dual_three_phase_flt2zv_load_10nm,10.0,2,v,False,3,2,248.24657628378245,True,fault_test,0.04,True,True,spline_residual,2,10.0,47.5294110531931
external_dual_three_phase_flt2zv_load_10nm,10.0,2,v,False,4,2,460.446123429482,True,fault_test,0.04,True,True,spline_residual,2,10.0,47.5294110531931
external_dual_three_phase_flt2zv_load_10nm,10.0,2,v,False,5,2,752.171278913426,True,fault_test,0.04,True,True,spline_residual,2,10.0,47.5294110531931
external_dual_three_phase_flt2zv_load_10nm,10.0,2,v,False,6,2,1151.6677377566687,True,fault_test,0.04,True,True,spline_residual,2,10.0,47.5294110531931
external_dual_three_phase_flt2zv_load_10nm,10.0,2,v,False,7,2,1822.4892914532847,True,fault_test,0.04,True,True,spline_residual,2,10.0,47.5294110531931
external_dual_three_phase_flt3zu_load_10nm,10.0,3,u,False,0,2,81.27171255268314,True,fault_test,0.04,True,True,spline_residual,2,10.0,47.5294110531931
external_dual_three_phase_flt3zu_load_10nm,10.0,3,u,False,1,2,201.55535881829059,True,fault_test,0.04,True,True,spline_residual,2,10.0,47.5294110531931
external_dual_three_phase_flt3zu_load_10nm,10.0,3,u,False,2,2,364.8006689926963,True,fault_test,0.04,True,True,spline_residual,2,10.0,47.5294110531931
external_dual_three_phase_flt3zu_load_10nm,10.0,3,u,False,3,2,686.270267237825,True,fault_test,0.04,True,True,spline_residual,2,10.0,47.5294110531931
external_dual_three_phase_flt3zu_load_10nm,10.0,3,u,False,4,2,1106.7254669861068,True,fault_test,0.04,True,True,spline_residual,2,10.0,47.5294110531931
external_dual_three_phase_flt3zu_load_10nm,10.0,3,u,False,5,2,1631.5621081535403,True,fault_test,0.04,True,True,spline_residual,2,10.0,47.5294110531931
external_dual_three_phase_flt3zu_load_10nm,10.0,3,u,False,6,2,2254.447298006775,True,fault_test,0.04,True,True,spline_residual,2,10.0,47.5294110531931
external_dual_three_phase_flt3zu_load_10nm,10.0,3,u,False,7,2,3393.5649392416644,True,fault_test,0.04,True,True,spline_residual,2,10.0,47.5294110531931
external_dual_three_phase_flt4zv_load_10nm,10.0,4,v,False,0,2,49.818574115997905,True,fault_test,0.04,True,True,spline_residual,2,10.0,47.5294110531931
external_dual_three_phase_flt4zv_load_10nm,10.0,4,v,False,1,2,131.36616032116603,True,fault_test,0.04,True,True,spline_residual,2,10.0,47.5294110531931
external_dual_three_phase_flt4zv_load_10nm,10.0,4,v,False,2,2,262.36719587274024,True,fault_test,0.04,True,True,spline_residual,2,10.0,47.5294110531931
external_dual_three_phase_flt4zv_load_10nm,10.0,4,v,False,3,2,459.29195128372436,True,fault_test,0.04,True,True,spline_residual,2,10.0,47.5294110531931
external_dual_three_phase_flt4zv_load_10nm,10.0,4,v,False,4,2,749.9019522861314,True,fault_test,0.04,True,True,spline_residual,2,10.0,47.5294110531931
external_dual_three_phase_flt4zv_load_10nm,10.0,4,v,False,5,2,1120.2988287107848,True,fault_test,0.04,True,True,spline_residual,2,10.0,47.5294110531931
external_dual_three_phase_flt4zv_load_10nm,10.0,4,v,False,6,2,1629.6072501232134,True,fault_test,0.04,True,True,spline_residual,2,10.0,47.5294110531931
external_dual_three_phase_flt4zv_load_10nm,10.0,4,v,False,7,2,2411.1935153429863,True,fault_test,0.04,True,True,spline_residual,2,10.0,47.5294110531931
external_dual_three_phase_flt5zu_load_10nm,10.0,5,u,False,0,2,91.84065385402408,True,fault_test,0.04,True,True,spline_residual,2,10.0,47.5294110531931
external_dual_three_phase_flt5zu_load_10nm,10.0,5,u,False,1,2,124.15874587297523,True,fault_test,0.04,True,True,spline_residual,2,10.0,47.5294110531931
external_dual_three_phase_flt5zu_load_10nm,10.0,5,u,False,2,2,278.3404525360052,True,fault_test,0.04,True,True,spline_residual,2,10.0,47.5294110531931
external_dual_three_phase_flt5zu_load_10nm,10.0,5,u,False,3,2,395.3193560860186,True,fault_test,0.04,True,True,spline_residual,2,10.0,47.5294110531931
external_dual_three_phase_flt5zu_load_10nm,10.0,5,u,False,4,2,616.7427169027649,True,fault_test,0.04,True,True,spline_residual,2,10.0,47.5294110531931
external_dual_three_phase_flt5zu_load_10nm,10.0,5,u,False,5,2,899.2322897610624,True,fault_test,0.04,True,True,spline_residual,2,10.0,47.5294110531931
external_dual_three_phase_flt5zu_load_10nm,10.0,5,u,False,6,2,1336.5647292442168,True,fault_test,0.04,True,True,spline_residual,2,10.0,47.5294110531931
external_dual_three_phase_flt5zu_load_10nm,10.0,5,u,False,7,2,2075.652705554229,True,fault_test,0.04,True,True,spline_residual,2,10.0,47.5294110531931
external_dual_three_phase_flt6zu_load_10nm,10.0,6,u,False,0,2,84.15260756494746,True,fault_test,0.04,True,True,spline_residual,2,10.0,47.5294110531931
external_dual_three_phase_flt6zu_load_10nm,10.0,6,u,False,1,2,142.6408663307109,True,fault_test,0.04,True,True,spline_residual,2,10.0,47.5294110531931
external_dual_three_phase_flt6zu_load_10nm,10.0,6,u,False,2,2,262.84950063132567,True,fault_test,0.04,True,True,spline_residual,2,10.0,47.5294110531931
external_dual_three_phase_flt6zu_load_10nm,10.0,6,u,False,3,2,409.91185120594594,True,fault_test,0.04,True,True,spline_residual,2,10.0,47.5294110531931
external_dual_three_phase_flt6zu_load_10nm,10.0,6,u,False,4,2,654.7278154532084,True,fault_test,0.04,True,True,spline_residual,2,10.0,47.5294110531931
external_dual_three_phase_flt6zu_load_10nm,10.0,6,u,False,5,2,977.1972300141368,True,fault_test,0.04,True,True,spline_residual,2,10.0,47.5294110531931
external_dual_three_phase_flt6zu_load_10nm,10.0,6,u,False,6,2,1425.9751641644932,True,fault_test,0.04,True,True,spline_residual,2,10.0,47.5294110531931
external_dual_three_phase_flt6zu_load_10nm,10.0,6,u,False,7,2,2240.596149712883,True,fault_test,0.04,True,True,spline_residual,2,10.0,47.5294110531931
external_dual_three_phase_flt0z_load_10nm,10.0,0,,True,0,2,103.35251175788807,True,health_test,0.04,True,True,spline_local_scale,2,10.0,22.401630922966557
external_dual_three_phase_flt0z_load_10nm,10.0,0,,True,1,2,49.67936048718428,True,health_test,0.04,True,True,spline_local_scale,2,10.0,22.401630922966557
external_dual_three_phase_flt0z_load_10nm,10.0,0,,True,2,2,30.437644605131254,True,health_test,0.04,True,True,spline_local_scale,2,10.0,22.401630922966557
external_dual_three_phase_flt0z_load_10nm,10.0,0,,True,3,2,29.268541920717624,True,health_test,0.04,True,True,spline_local_scale,2,10.0,22.401630922966557
external_dual_three_phase_flt0z_load_10nm,10.0,0,,True,4,2,28.84502798485577,True,health_test,0.04,True,True,spline_local_scale,2,10.0,22.401630922966557
external_dual_three_phase_flt0z_load_10nm,10.0,0,,True,5,2,26.91632070176785,True,health_test,0.04,True,True,spline_local_scale,2,10.0,22.401630922966557
external_dual_three_phase_flt0z_load_10nm,10.0,0,,True,6,2,29.689571932477342,True,health_test,0.04,True,True,spline_local_scale,2,10.0,22.401630922966557
external_dual_three_phase_flt0z_load_10nm,10.0,0,,True,7,2,35.41910284513311,True,health_test,0.04,True,True,spline_local_scale,2,10.0,22.401630922966557
external_dual_three_phase_flt0z_load_20nm,20.0,0,,True,0,2,22.401630922966557,True,calibration,,False,False,spline_local_scale,2,10.0,22.401630922966557
external_dual_three_phase_flt0z_load_20nm,20.0,0,,True,1,2,11.30124201937725,True,calibration,,False,False,spline_local_scale,2,10.0,22.401630922966557
external_dual_three_phase_flt0z_load_20nm,20.0,0,,True,2,2,7.75618557747087,True,calibration,,False,False,spline_local_scale,2,10.0,22.401630922966557
external_dual_three_phase_flt0z_load_20nm,20.0,0,,True,3,2,6.820955839546122,True,calibration,,False,False,spline_local_scale,2,10.0,22.401630922966557
external_dual_three_phase_flt0z_load_20nm,20.0,0,,True,4,2,4.634573301588377,True,calibration,,False,False,spline_local_scale,2,10.0,22.401630922966557
external_dual_three_phase_flt0z_load_20nm,20.0,0,,True,5,2,3.4406352860816716,True,calibration,,False,False,spline_local_scale,2,10.0,22.401630922966557
external_dual_three_phase_flt0z_load_20nm,20.0,0,,True,6,2,2.3264873217343864,True,calibration,,False,False,spline_local_scale,2,10.0,22.401630922966557
external_dual_three_phase_flt0z_load_20nm,20.0,0,,True,7,2,3.6726870438299346,True,calibration,,False,False,spline_local_scale,2,10.0,22.401630922966557
external_dual_three_phase_flt0z_load_25nm,25.0,0,,True,0,2,15.872035802634462,True,calibration,,False,False,spline_local_scale,2,10.0,22.401630922966557
external_dual_three_phase_flt0z_load_25nm,25.0,0,,True,1,2,14.085194418560642,True,calibration,,False,False,spline_local_scale,2,10.0,22.401630922966557
external_dual_three_phase_flt0z_load_25nm,25.0,0,,True,2,2,9.66313037275223,True,calibration,,False,False,spline_local_scale,2,10.0,22.401630922966557
external_dual_three_phase_flt0z_load_25nm,25.0,0,,True,3,2,6.145377321199799,True,calibration,,False,False,spline_local_scale,2,10.0,22.401630922966557
external_dual_three_phase_flt0z_load_25nm,25.0,0,,True,4,2,4.100018617325692,True,calibration,,False,False,spline_local_scale,2,10.0,22.401630922966557
external_dual_three_phase_flt0z_load_25nm,25.0,0,,True,5,2,1.6265101054550142,True,calibration,,False,False,spline_local_scale,2,10.0,22.401630922966557
external_dual_three_phase_flt0z_load_25nm,25.0,0,,True,6,2,2.037865108750433,True,calibration,,False,False,spline_local_scale,2,10.0,22.401630922966557
external_dual_three_phase_flt0z_load_25nm,25.0,0,,True,7,2,2.9593461236130496,True,calibration,,False,False,spline_local_scale,2,10.0,22.401630922966557
external_dual_three_phase_flt0z_load_30nm,30.0,0,,True,0,2,14.289712990487278,True,calibration,,False,False,spline_local_scale,2,10.0,22.401630922966557
external_dual_three_phase_flt0z_load_30nm,30.0,0,,True,1,2,13.849530297040825,True,calibration,,False,False,spline_local_scale,2,10.0,22.401630922966557
external_dual_three_phase_flt0z_load_30nm,30.0,0,,True,2,2,7.2332840879586335,True,calibration,,False,False,spline_local_scale,2,10.0,22.401630922966557
external_dual_three_phase_flt0z_load_30nm,30.0,0,,True,3,2,5.295426001676876,True,calibration,,False,False,spline_local_scale,2,10.0,22.401630922966557
external_dual_three_phase_flt0z_load_30nm,30.0,0,,True,4,2,3.2136132189702753,True,calibration,,False,False,spline_local_scale,2,10.0,22.401630922966557
external_dual_three_phase_flt0z_load_30nm,30.0,0,,True,5,2,1.8505361639839493,True,calibration,,False,False,spline_local_scale,2,10.0,22.401630922966557
external_dual_three_phase_flt0z_load_30nm,30.0,0,,True,6,2,2.130253612341439,True,calibration,,False,False,spline_local_scale,2,10.0,22.401630922966557
external_dual_three_phase_flt0z_load_30nm,30.0,0,,True,7,2,3.2191850993839726,True,calibration,,False,False,spline_local_scale,2,10.0,22.401630922966557
external_dual_three_phase_flt1zu_load_10nm,10.0,1,u,False,0,2,134.94844655815916,True,fault_test,0.04,True,True,spline_local_scale,2,10.0,22.401630922966557
external_dual_three_phase_flt1zu_load_10nm,10.0,1,u,False,1,2,92.37902189163066,True,fault_test,0.04,True,True,spline_local_scale,2,10.0,22.401630922966557
external_dual_three_phase_flt1zu_load_10nm,10.0,1,u,False,2,2,83.092673235305,True,fault_test,0.04,True,True,spline_local_scale,2,10.0,22.401630922966557
external_dual_three_phase_flt1zu_load_10nm,10.0,1,u,False,3,2,156.44468618138654,True,fault_test,0.04,True,True,spline_local_scale,2,10.0,22.401630922966557
external_dual_three_phase_flt1zu_load_10nm,10.0,1,u,False,4,2,311.310462252125,True,fault_test,0.04,True,True,spline_local_scale,2,10.0,22.401630922966557
external_dual_three_phase_flt1zu_load_10nm,10.0,1,u,False,5,2,783.2218988735301,True,fault_test,0.04,True,True,spline_local_scale,2,10.0,22.401630922966557
external_dual_three_phase_flt1zu_load_10nm,10.0,1,u,False,6,2,1461.8115423339686,True,fault_test,0.04,True,True,spline_local_scale,2,10.0,22.401630922966557
external_dual_three_phase_flt1zu_load_10nm,10.0,1,u,False,7,2,3380.3476952057326,True,fault_test,0.04,True,True,spline_local_scale,2,10.0,22.401630922966557
external_dual_three_phase_flt2zv_load_10nm,10.0,2,v,False,0,2,107.57532648906437,True,fault_test,0.04,True,True,spline_local_scale,2,10.0,22.401630922966557
external_dual_three_phase_flt2zv_load_10nm,10.0,2,v,False,1,2,212.59237854378267,True,fault_test,0.04,True,True,spline_local_scale,2,10.0,22.401630922966557
external_dual_three_phase_flt2zv_load_10nm,10.0,2,v,False,2,2,668.9018536263645,True,fault_test,0.04,True,True,spline_local_scale,2,10.0,22.401630922966557
external_dual_three_phase_flt2zv_load_10nm,10.0,2,v,False,3,2,1218.7050130266928,True,fault_test,0.04,True,True,spline_local_scale,2,10.0,22.401630922966557
external_dual_three_phase_flt2zv_load_10nm,10.0,2,v,False,4,2,2150.48780248514,True,fault_test,0.04,True,True,spline_local_scale,2,10.0,22.401630922966557
external_dual_three_phase_flt2zv_load_10nm,10.0,2,v,False,5,2,3422.2831847216958,True,fault_test,0.04,True,True,spline_local_scale,2,10.0,22.401630922966557
external_dual_three_phase_flt2zv_load_10nm,10.0,2,v,False,6,2,5373.122270631533,True,fault_test,0.04,True,True,spline_local_scale,2,10.0,22.401630922966557
external_dual_three_phase_flt2zv_load_10nm,10.0,2,v,False,7,2,9230.756377073525,True,fault_test,0.04,True,True,spline_local_scale,2,10.0,22.401630922966557
external_dual_three_phase_flt3zu_load_10nm,10.0,3,u,False,0,2,294.5043869629141,True,fault_test,0.04,True,True,spline_local_scale,2,10.0,22.401630922966557
external_dual_three_phase_flt3zu_load_10nm,10.0,3,u,False,1,2,648.4631260436236,True,fault_test,0.04,True,True,spline_local_scale,2,10.0,22.401630922966557
external_dual_three_phase_flt3zu_load_10nm,10.0,3,u,False,2,2,1184.645193187252,True,fault_test,0.04,True,True,spline_local_scale,2,10.0,22.401630922966557
external_dual_three_phase_flt3zu_load_10nm,10.0,3,u,False,3,2,2313.849145804536,True,fault_test,0.04,True,True,spline_local_scale,2,10.0,22.401630922966557
external_dual_three_phase_flt3zu_load_10nm,10.0,3,u,False,4,2,3967.993039064065,True,fault_test,0.04,True,True,spline_local_scale,2,10.0,22.401630922966557
external_dual_three_phase_flt3zu_load_10nm,10.0,3,u,False,5,2,6490.440909787732,True,fault_test,0.04,True,True,spline_local_scale,2,10.0,22.401630922966557
external_dual_three_phase_flt3zu_load_10nm,10.0,3,u,False,6,2,9563.569645730262,True,fault_test,0.04,True,True,spline_local_scale,2,10.0,22.401630922966557
external_dual_three_phase_flt3zu_load_10nm,10.0,3,u,False,7,2,17475.27124734946,True,fault_test,0.04,True,True,spline_local_scale,2,10.0,22.401630922966557
external_dual_three_phase_flt4zv_load_10nm,10.0,4,v,False,0,2,228.2736914137731,True,fault_test,0.04,True,True,spline_local_scale,2,10.0,22.401630922966557
external_dual_three_phase_flt4zv_load_10nm,10.0,4,v,False,1,2,651.8088021741289,True,fault_test,0.04,True,True,spline_local_scale,2,10.0,22.401630922966557
external_dual_three_phase_flt4zv_load_10nm,10.0,4,v,False,2,2,1272.1633213179284,True,fault_test,0.04,True,True,spline_local_scale,2,10.0,22.401630922966557
external_dual_three_phase_flt4zv_load_10nm,10.0,4,v,False,3,2,2155.4576144934945,True,fault_test,0.04,True,True,spline_local_scale,2,10.0,22.401630922966557
external_dual_three_phase_flt4zv_load_10nm,10.0,4,v,False,4,2,3362.178535129354,True,fault_test,0.04,True,True,spline_local_scale,2,10.0,22.401630922966557
external_dual_three_phase_flt4zv_load_10nm,10.0,4,v,False,5,2,4927.425735420862,True,fault_test,0.04,True,True,spline_local_scale,2,10.0,22.401630922966557
external_dual_three_phase_flt4zv_load_10nm,10.0,4,v,False,6,2,7552.134953287219,True,fault_test,0.04,True,True,spline_local_scale,2,10.0,22.401630922966557
external_dual_three_phase_flt4zv_load_10nm,10.0,4,v,False,7,2,12228.448838805198,True,fault_test,0.04,True,True,spline_local_scale,2,10.0,22.401630922966557
external_dual_three_phase_flt5zu_load_10nm,10.0,5,u,False,0,2,275.50613262820974,True,fault_test,0.04,True,True,spline_local_scale,2,10.0,22.401630922966557
external_dual_three_phase_flt5zu_load_10nm,10.0,5,u,False,1,2,455.7269969500377,True,fault_test,0.04,True,True,spline_local_scale,2,10.0,22.401630922966557
external_dual_three_phase_flt5zu_load_10nm,10.0,5,u,False,2,2,1212.6201650137284,True,fault_test,0.04,True,True,spline_local_scale,2,10.0,22.401630922966557
external_dual_three_phase_flt5zu_load_10nm,10.0,5,u,False,3,2,1928.7962145924096,True,fault_test,0.04,True,True,spline_local_scale,2,10.0,22.401630922966557
external_dual_three_phase_flt5zu_load_10nm,10.0,5,u,False,4,2,3159.8923604450047,True,fault_test,0.04,True,True,spline_local_scale,2,10.0,22.401630922966557
external_dual_three_phase_flt5zu_load_10nm,10.0,5,u,False,5,2,5043.995410839712,True,fault_test,0.04,True,True,spline_local_scale,2,10.0,22.401630922966557
external_dual_three_phase_flt5zu_load_10nm,10.0,5,u,False,6,2,7414.740780714814,True,fault_test,0.04,True,True,spline_local_scale,2,10.0,22.401630922966557
external_dual_three_phase_flt5zu_load_10nm,10.0,5,u,False,7,2,13145.726735279426,True,fault_test,0.04,True,True,spline_local_scale,2,10.0,22.401630922966557
external_dual_three_phase_flt6zu_load_10nm,10.0,6,u,False,0,2,272.67255731061255,True,fault_test,0.04,True,True,spline_local_scale,2,10.0,22.401630922966557
external_dual_three_phase_flt6zu_load_10nm,10.0,6,u,False,1,2,572.8265165860158,True,fault_test,0.04,True,True,spline_local_scale,2,10.0,22.401630922966557
external_dual_three_phase_flt6zu_load_10nm,10.0,6,u,False,2,2,1163.9237789905114,True,fault_test,0.04,True,True,spline_local_scale,2,10.0,22.401630922966557
external_dual_three_phase_flt6zu_load_10nm,10.0,6,u,False,3,2,2049.091309397968,True,fault_test,0.04,True,True,spline_local_scale,2,10.0,22.401630922966557
external_dual_three_phase_flt6zu_load_10nm,10.0,6,u,False,4,2,3536.119843206313,True,fault_test,0.04,True,True,spline_local_scale,2,10.0,22.401630922966557
external_dual_three_phase_flt6zu_load_10nm,10.0,6,u,False,5,2,5509.078195662703,True,fault_test,0.04,True,True,spline_local_scale,2,10.0,22.401630922966557
external_dual_three_phase_flt6zu_load_10nm,10.0,6,u,False,6,2,7919.751362346794,True,fault_test,0.04,True,True,spline_local_scale,2,10.0,22.401630922966557
external_dual_three_phase_flt6zu_load_10nm,10.0,6,u,False,7,2,13602.680166775446,True,fault_test,0.04,True,True,spline_local_scale,2,10.0,22.401630922966557
external_dual_three_phase_flt0z_load_10nm,10.0,0,,True,0,2,0.46506338858134694,True,health_test,0.12,False,False,isolation_forest,2,10.0,0.473576130573777
external_dual_three_phase_flt0z_load_10nm,10.0,0,,True,1,2,0.3832255152366965,True,health_test,0.16,False,False,isolation_forest,2,10.0,0.473576130573777
external_dual_three_phase_flt0z_load_10nm,10.0,0,,True,2,2,0.3843640224482068,True,health_test,0.16,False,False,isolation_forest,2,10.0,0.473576130573777
external_dual_three_phase_flt0z_load_10nm,10.0,0,,True,3,2,0.3665974997373401,True,health_test,0.28,False,False,isolation_forest,2,10.0,0.473576130573777
external_dual_three_phase_flt0z_load_10nm,10.0,0,,True,4,2,0.3641218176606366,True,health_test,0.32,False,False,isolation_forest,2,10.0,0.473576130573777
external_dual_three_phase_flt0z_load_10nm,10.0,0,,True,5,2,0.3669088980754313,True,health_test,0.28,False,False,isolation_forest,2,10.0,0.473576130573777
external_dual_three_phase_flt0z_load_10nm,10.0,0,,True,6,2,0.3680309666785761,True,health_test,0.28,False,False,isolation_forest,2,10.0,0.473576130573777
external_dual_three_phase_flt0z_load_10nm,10.0,0,,True,7,2,0.377579092820406,True,health_test,0.2,False,False,isolation_forest,2,10.0,0.473576130573777
external_dual_three_phase_flt0z_load_20nm,20.0,0,,True,0,2,0.45345616942342787,True,calibration,,False,False,isolation_forest,2,10.0,0.473576130573777
external_dual_three_phase_flt0z_load_20nm,20.0,0,,True,1,2,0.36822636664179226,True,calibration,,False,False,isolation_forest,2,10.0,0.473576130573777
external_dual_three_phase_flt0z_load_20nm,20.0,0,,True,2,2,0.36530160479354007,True,calibration,,False,False,isolation_forest,2,10.0,0.473576130573777
external_dual_three_phase_flt0z_load_20nm,20.0,0,,True,3,2,0.35233144038435465,True,calibration,,False,False,isolation_forest,2,10.0,0.473576130573777
external_dual_three_phase_flt0z_load_20nm,20.0,0,,True,4,2,0.34883404064012485,True,calibration,,False,False,isolation_forest,2,10.0,0.473576130573777
external_dual_three_phase_flt0z_load_20nm,20.0,0,,True,5,2,0.3478825370804482,True,calibration,,False,False,isolation_forest,2,10.0,0.473576130573777
external_dual_three_phase_flt0z_load_20nm,20.0,0,,True,6,2,0.35856578338083955,True,calibration,,False,False,isolation_forest,2,10.0,0.473576130573777
external_dual_three_phase_flt0z_load_20nm,20.0,0,,True,7,2,0.36177757304348906,True,calibration,,False,False,isolation_forest,2,10.0,0.473576130573777
external_dual_three_phase_flt0z_load_25nm,25.0,0,,True,0,2,0.46671775653843317,True,calibration,,False,False,isolation_forest,2,10.0,0.473576130573777
external_dual_three_phase_flt0z_load_25nm,25.0,0,,True,1,2,0.3806517688542185,True,calibration,,False,False,isolation_forest,2,10.0,0.473576130573777
external_dual_three_phase_flt0z_load_25nm,25.0,0,,True,2,2,0.35773725330736594,True,calibration,,False,False,isolation_forest,2,10.0,0.473576130573777
external_dual_three_phase_flt0z_load_25nm,25.0,0,,True,3,2,0.3510695041744338,True,calibration,,False,False,isolation_forest,2,10.0,0.473576130573777
external_dual_three_phase_flt0z_load_25nm,25.0,0,,True,4,2,0.35030435236532875,True,calibration,,False,False,isolation_forest,2,10.0,0.473576130573777
external_dual_three_phase_flt0z_load_25nm,25.0,0,,True,5,2,0.34893145624946714,True,calibration,,False,False,isolation_forest,2,10.0,0.473576130573777
external_dual_three_phase_flt0z_load_25nm,25.0,0,,True,6,2,0.3492747435394501,True,calibration,,False,False,isolation_forest,2,10.0,0.473576130573777
external_dual_three_phase_flt0z_load_25nm,25.0,0,,True,7,2,0.3576671730411575,True,calibration,,False,False,isolation_forest,2,10.0,0.473576130573777
external_dual_three_phase_flt0z_load_30nm,30.0,0,,True,0,2,0.473576130573777,True,calibration,,False,False,isolation_forest,2,10.0,0.473576130573777
external_dual_three_phase_flt0z_load_30nm,30.0,0,,True,1,2,0.37030374414341605,True,calibration,,False,False,isolation_forest,2,10.0,0.473576130573777
external_dual_three_phase_flt0z_load_30nm,30.0,0,,True,2,2,0.35753005322478126,True,calibration,,False,False,isolation_forest,2,10.0,0.473576130573777
external_dual_three_phase_flt0z_load_30nm,30.0,0,,True,3,2,0.35081497782173754,True,calibration,,False,False,isolation_forest,2,10.0,0.473576130573777
external_dual_three_phase_flt0z_load_30nm,30.0,0,,True,4,2,0.35386768378908695,True,calibration,,False,False,isolation_forest,2,10.0,0.473576130573777
external_dual_three_phase_flt0z_load_30nm,30.0,0,,True,5,2,0.3483384410300772,True,calibration,,False,False,isolation_forest,2,10.0,0.473576130573777
external_dual_three_phase_flt0z_load_30nm,30.0,0,,True,6,2,0.3520635351784761,True,calibration,,False,False,isolation_forest,2,10.0,0.473576130573777
external_dual_three_phase_flt0z_load_30nm,30.0,0,,True,7,2,0.3552244235510967,True,calibration,,False,False,isolation_forest,2,10.0,0.473576130573777
external_dual_three_phase_flt1zu_load_10nm,10.0,1,u,False,0,2,0.489159314669331,True,fault_test,0.04,True,True,isolation_forest,2,10.0,0.473576130573777
external_dual_three_phase_flt1zu_load_10nm,10.0,1,u,False,1,2,0.4273583822259339,True,fault_test,0.16,False,False,isolation_forest,2,10.0,0.473576130573777
external_dual_three_phase_flt1zu_load_10nm,10.0,1,u,False,2,2,0.43632167244568715,True,fault_test,0.16,False,False,isolation_forest,2,10.0,0.473576130573777
external_dual_three_phase_flt1zu_load_10nm,10.0,1,u,False,3,2,0.4520037427989044,True,fault_test,0.16,False,False,isolation_forest,2,10.0,0.473576130573777
external_dual_three_phase_flt1zu_load_10nm,10.0,1,u,False,4,2,0.466096240150626,True,fault_test,0.12,False,False,isolation_forest,2,10.0,0.473576130573777
external_dual_three_phase_flt1zu_load_10nm,10.0,1,u,False,5,2,0.4947950401219285,True,fault_test,0.04,True,True,isolation_forest,2,10.0,0.473576130573777
external_dual_three_phase_flt1zu_load_10nm,10.0,1,u,False,6,2,0.5232987367391707,True,fault_test,0.04,True,True,isolation_forest,2,10.0,0.473576130573777
external_dual_three_phase_flt1zu_load_10nm,10.0,1,u,False,7,2,0.5347874475460491,True,fault_test,0.04,True,True,isolation_forest,2,10.0,0.473576130573777
external_dual_three_phase_flt2zv_load_10nm,10.0,2,v,False,0,2,0.45903480602998353,True,fault_test,0.12,False,False,isolation_forest,2,10.0,0.473576130573777
external_dual_three_phase_flt2zv_load_10nm,10.0,2,v,False,1,2,0.44138784099136297,True,fault_test,0.16,False,False,isolation_forest,2,10.0,0.473576130573777
external_dual_three_phase_flt2zv_load_10nm,10.0,2,v,False,2,2,0.5093801880236254,True,fault_test,0.04,True,True,isolation_forest,2,10.0,0.473576130573777
external_dual_three_phase_flt2zv_load_10nm,10.0,2,v,False,3,2,0.5485352109204457,True,fault_test,0.04,True,True,isolation_forest,2,10.0,0.473576130573777
external_dual_three_phase_flt2zv_load_10nm,10.0,2,v,False,4,2,0.5711787630331497,True,fault_test,0.04,True,True,isolation_forest,2,10.0,0.473576130573777
external_dual_three_phase_flt2zv_load_10nm,10.0,2,v,False,5,2,0.5867109320083816,True,fault_test,0.04,True,True,isolation_forest,2,10.0,0.473576130573777
external_dual_three_phase_flt2zv_load_10nm,10.0,2,v,False,6,2,0.6033110879604154,True,fault_test,0.04,True,True,isolation_forest,2,10.0,0.473576130573777
external_dual_three_phase_flt2zv_load_10nm,10.0,2,v,False,7,2,0.60726800566052,True,fault_test,0.04,True,True,isolation_forest,2,10.0,0.473576130573777
external_dual_three_phase_flt3zu_load_10nm,10.0,3,u,False,0,2,0.49530676101916693,True,fault_test,0.04,True,True,isolation_forest,2,10.0,0.473576130573777
external_dual_three_phase_flt3zu_load_10nm,10.0,3,u,False,1,2,0.487281572295289,True,fault_test,0.04,True,True,isolation_forest,2,10.0,0.473576130573777
external_dual_three_phase_flt3zu_load_10nm,10.0,3,u,False,2,2,0.5100897338969925,True,fault_test,0.04,True,True,isolation_forest,2,10.0,0.473576130573777
external_dual_three_phase_flt3zu_load_10nm,10.0,3,u,False,3,2,0.5583601643592356,True,fault_test,0.04,True,True,isolation_forest,2,10.0,0.473576130573777
external_dual_three_phase_flt3zu_load_10nm,10.0,3,u,False,4,2,0.5767718153581187,True,fault_test,0.04,True,True,isolation_forest,2,10.0,0.473576130573777
external_dual_three_phase_flt3zu_load_10nm,10.0,3,u,False,5,2,0.5787376143213082,True,fault_test,0.04,True,True,isolation_forest,2,10.0,0.473576130573777
external_dual_three_phase_flt3zu_load_10nm,10.0,3,u,False,6,2,0.5861672103563517,True,fault_test,0.04,True,True,isolation_forest,2,10.0,0.473576130573777
external_dual_three_phase_flt3zu_load_10nm,10.0,3,u,False,7,2,0.5936039863467905,True,fault_test,0.04,True,True,isolation_forest,2,10.0,0.473576130573777
external_dual_three_phase_flt4zv_load_10nm,10.0,4,v,False,0,2,0.4617193698496231,True,fault_test,0.12,False,False,isolation_forest,2,10.0,0.473576130573777
external_dual_three_phase_flt4zv_load_10nm,10.0,4,v,False,1,2,0.4952398619628261,True,fault_test,0.04,True,True,isolation_forest,2,10.0,0.473576130573777
external_dual_three_phase_flt4zv_load_10nm,10.0,4,v,False,2,2,0.5491311835600027,True,fault_test,0.04,True,True,isolation_forest,2,10.0,0.473576130573777
external_dual_three_phase_flt4zv_load_10nm,10.0,4,v,False,3,2,0.5803679711119641,True,fault_test,0.04,True,True,isolation_forest,2,10.0,0.473576130573777
external_dual_three_phase_flt4zv_load_10nm,10.0,4,v,False,4,2,0.5967032473616732,True,fault_test,0.04,True,True,isolation_forest,2,10.0,0.473576130573777
external_dual_three_phase_flt4zv_load_10nm,10.0,4,v,False,5,2,0.5958996562766905,True,fault_test,0.04,True,True,isolation_forest,2,10.0,0.473576130573777
external_dual_three_phase_flt4zv_load_10nm,10.0,4,v,False,6,2,0.5952230068103725,True,fault_test,0.04,True,True,isolation_forest,2,10.0,0.473576130573777
external_dual_three_phase_flt4zv_load_10nm,10.0,4,v,False,7,2,0.6138082788850505,True,fault_test,0.04,True,True,isolation_forest,2,10.0,0.473576130573777
external_dual_three_phase_flt5zu_load_10nm,10.0,5,u,False,0,2,0.5099023665590225,True,fault_test,0.04,True,True,isolation_forest,2,10.0,0.473576130573777
external_dual_three_phase_flt5zu_load_10nm,10.0,5,u,False,1,2,0.49906325607657914,True,fault_test,0.04,True,True,isolation_forest,2,10.0,0.473576130573777
external_dual_three_phase_flt5zu_load_10nm,10.0,5,u,False,2,2,0.5325580603946318,True,fault_test,0.04,True,True,isolation_forest,2,10.0,0.473576130573777
external_dual_three_phase_flt5zu_load_10nm,10.0,5,u,False,3,2,0.5599994092306755,True,fault_test,0.04,True,True,isolation_forest,2,10.0,0.473576130573777
external_dual_three_phase_flt5zu_load_10nm,10.0,5,u,False,4,2,0.5627531887108943,True,fault_test,0.04,True,True,isolation_forest,2,10.0,0.473576130573777
external_dual_three_phase_flt5zu_load_10nm,10.0,5,u,False,5,2,0.5755288389653191,True,fault_test,0.04,True,True,isolation_forest,2,10.0,0.473576130573777
external_dual_three_phase_flt5zu_load_10nm,10.0,5,u,False,6,2,0.5868245195947883,True,fault_test,0.04,True,True,isolation_forest,2,10.0,0.473576130573777
external_dual_three_phase_flt5zu_load_10nm,10.0,5,u,False,7,2,0.5920975850799105,True,fault_test,0.04,True,True,isolation_forest,2,10.0,0.473576130573777
external_dual_three_phase_flt6zu_load_10nm,10.0,6,u,False,0,2,0.5068461594080268,True,fault_test,0.04,True,True,isolation_forest,2,10.0,0.473576130573777
external_dual_three_phase_flt6zu_load_10nm,10.0,6,u,False,1,2,0.5133195825581726,True,fault_test,0.04,True,True,isolation_forest,2,10.0,0.473576130573777
external_dual_three_phase_flt6zu_load_10nm,10.0,6,u,False,2,2,0.5363303445958226,True,fault_test,0.04,True,True,isolation_forest,2,10.0,0.473576130573777
external_dual_three_phase_flt6zu_load_10nm,10.0,6,u,False,3,2,0.5601453806112077,True,fault_test,0.04,True,True,isolation_forest,2,10.0,0.473576130573777
external_dual_three_phase_flt6zu_load_10nm,10.0,6,u,False,4,2,0.5688613137944049,True,fault_test,0.04,True,True,isolation_forest,2,10.0,0.473576130573777
external_dual_three_phase_flt6zu_load_10nm,10.0,6,u,False,5,2,0.5754670752177787,True,fault_test,0.04,True,True,isolation_forest,2,10.0,0.473576130573777
external_dual_three_phase_flt6zu_load_10nm,10.0,6,u,False,6,2,0.5889869488979339,True,fault_test,0.04,True,True,isolation_forest,2,10.0,0.473576130573777
external_dual_three_phase_flt6zu_load_10nm,10.0,6,u,False,7,2,0.5908605074781988,True,fault_test,0.04,True,True,isolation_forest,2,10.0,0.473576130573777
external_dual_three_phase_flt0z_load_10nm,10.0,0,,True,0,2,70068.00411803865,True,health_test,0.08,False,False,min_cov_det,2,10.0,73103.95287606509
external_dual_three_phase_flt0z_load_10nm,10.0,0,,True,1,2,3802.924819038111,True,health_test,0.16,False,False,min_cov_det,2,10.0,73103.95287606509
external_dual_three_phase_flt0z_load_10nm,10.0,0,,True,2,2,136.59409208723946,True,health_test,0.28,False,False,min_cov_det,2,10.0,73103.95287606509
external_dual_three_phase_flt0z_load_10nm,10.0,0,,True,3,2,126.68231666516438,True,health_test,0.28,False,False,min_cov_det,2,10.0,73103.95287606509
external_dual_three_phase_flt0z_load_10nm,10.0,0,,True,4,2,145.4760754365081,True,health_test,0.28,False,False,min_cov_det,2,10.0,73103.95287606509
external_dual_three_phase_flt0z_load_10nm,10.0,0,,True,5,2,126.82126031768485,True,health_test,0.28,False,False,min_cov_det,2,10.0,73103.95287606509
external_dual_three_phase_flt0z_load_10nm,10.0,0,,True,6,2,115.2599486789103,True,health_test,0.28,False,False,min_cov_det,2,10.0,73103.95287606509
external_dual_three_phase_flt0z_load_10nm,10.0,0,,True,7,2,143.8375395831519,True,health_test,0.28,False,False,min_cov_det,2,10.0,73103.95287606509
external_dual_three_phase_flt0z_load_20nm,20.0,0,,True,0,2,65604.96248177027,True,calibration,,False,False,min_cov_det,2,10.0,73103.95287606509
external_dual_three_phase_flt0z_load_20nm,20.0,0,,True,1,2,3147.8280636497857,True,calibration,,False,False,min_cov_det,2,10.0,73103.95287606509
external_dual_three_phase_flt0z_load_20nm,20.0,0,,True,2,2,99.87666055826213,True,calibration,,False,False,min_cov_det,2,10.0,73103.95287606509
external_dual_three_phase_flt0z_load_20nm,20.0,0,,True,3,2,64.21687022724406,True,calibration,,False,False,min_cov_det,2,10.0,73103.95287606509
external_dual_three_phase_flt0z_load_20nm,20.0,0,,True,4,2,40.460339906022085,True,calibration,,False,False,min_cov_det,2,10.0,73103.95287606509
external_dual_three_phase_flt0z_load_20nm,20.0,0,,True,5,2,43.22885377512493,True,calibration,,False,False,min_cov_det,2,10.0,73103.95287606509
external_dual_three_phase_flt0z_load_20nm,20.0,0,,True,6,2,35.80974029414583,True,calibration,,False,False,min_cov_det,2,10.0,73103.95287606509
external_dual_three_phase_flt0z_load_20nm,20.0,0,,True,7,2,44.52479269578087,True,calibration,,False,False,min_cov_det,2,10.0,73103.95287606509
external_dual_three_phase_flt0z_load_25nm,25.0,0,,True,0,2,68106.72290771561,True,calibration,,False,False,min_cov_det,2,10.0,73103.95287606509
external_dual_three_phase_flt0z_load_25nm,25.0,0,,True,1,2,3557.7230159485666,True,calibration,,False,False,min_cov_det,2,10.0,73103.95287606509
external_dual_three_phase_flt0z_load_25nm,25.0,0,,True,2,2,63.098115072963374,True,calibration,,False,False,min_cov_det,2,10.0,73103.95287606509
external_dual_three_phase_flt0z_load_25nm,25.0,0,,True,3,2,22.591840830992645,True,calibration,,False,False,min_cov_det,2,10.0,73103.95287606509
external_dual_three_phase_flt0z_load_25nm,25.0,0,,True,4,2,29.290864744840487,True,calibration,,False,False,min_cov_det,2,10.0,73103.95287606509
external_dual_three_phase_flt0z_load_25nm,25.0,0,,True,5,2,22.318583228847878,True,calibration,,False,False,min_cov_det,2,10.0,73103.95287606509
external_dual_three_phase_flt0z_load_25nm,25.0,0,,True,6,2,22.10600944881904,True,calibration,,False,False,min_cov_det,2,10.0,73103.95287606509
external_dual_three_phase_flt0z_load_25nm,25.0,0,,True,7,2,40.111264409047855,True,calibration,,False,False,min_cov_det,2,10.0,73103.95287606509
external_dual_three_phase_flt0z_load_30nm,30.0,0,,True,0,2,73103.95287606509,True,calibration,,False,False,min_cov_det,2,10.0,73103.95287606509
external_dual_three_phase_flt0z_load_30nm,30.0,0,,True,1,2,3361.9315211699623,True,calibration,,False,False,min_cov_det,2,10.0,73103.95287606509
external_dual_three_phase_flt0z_load_30nm,30.0,0,,True,2,2,51.79768088470699,True,calibration,,False,False,min_cov_det,2,10.0,73103.95287606509
external_dual_three_phase_flt0z_load_30nm,30.0,0,,True,3,2,20.899231552837026,True,calibration,,False,False,min_cov_det,2,10.0,73103.95287606509
external_dual_three_phase_flt0z_load_30nm,30.0,0,,True,4,2,29.03613729711031,True,calibration,,False,False,min_cov_det,2,10.0,73103.95287606509
external_dual_three_phase_flt0z_load_30nm,30.0,0,,True,5,2,22.893346835785525,True,calibration,,False,False,min_cov_det,2,10.0,73103.95287606509
external_dual_three_phase_flt0z_load_30nm,30.0,0,,True,6,2,19.158316504482247,True,calibration,,False,False,min_cov_det,2,10.0,73103.95287606509
external_dual_three_phase_flt0z_load_30nm,30.0,0,,True,7,2,36.35945865323794,True,calibration,,False,False,min_cov_det,2,10.0,73103.95287606509
external_dual_three_phase_flt1zu_load_10nm,10.0,1,u,False,0,2,71755.82311365627,True,fault_test,0.08,False,False,min_cov_det,2,10.0,73103.95287606509
external_dual_three_phase_flt1zu_load_10nm,10.0,1,u,False,1,2,3321.7082439132305,True,fault_test,0.24,False,False,min_cov_det,2,10.0,73103.95287606509
external_dual_three_phase_flt1zu_load_10nm,10.0,1,u,False,2,2,2239.8190595006877,True,fault_test,0.28,False,False,min_cov_det,2,10.0,73103.95287606509
external_dual_three_phase_flt1zu_load_10nm,10.0,1,u,False,3,2,4269.351481923678,True,fault_test,0.16,False,False,min_cov_det,2,10.0,73103.95287606509
external_dual_three_phase_flt1zu_load_10nm,10.0,1,u,False,4,2,5069.5636668598145,True,fault_test,0.16,False,False,min_cov_det,2,10.0,73103.95287606509
external_dual_three_phase_flt1zu_load_10nm,10.0,1,u,False,5,2,8463.51127036989,True,fault_test,0.16,False,False,min_cov_det,2,10.0,73103.95287606509
external_dual_three_phase_flt1zu_load_10nm,10.0,1,u,False,6,2,11984.663721652065,True,fault_test,0.16,False,False,min_cov_det,2,10.0,73103.95287606509
external_dual_three_phase_flt1zu_load_10nm,10.0,1,u,False,7,2,20704.34392704584,True,fault_test,0.16,False,False,min_cov_det,2,10.0,73103.95287606509
external_dual_three_phase_flt2zv_load_10nm,10.0,2,v,False,0,2,67735.84214935271,True,fault_test,0.12,False,False,min_cov_det,2,10.0,73103.95287606509
external_dual_three_phase_flt2zv_load_10nm,10.0,2,v,False,1,2,3624.1657291607858,True,fault_test,0.16,False,False,min_cov_det,2,10.0,73103.95287606509
external_dual_three_phase_flt2zv_load_10nm,10.0,2,v,False,2,2,8470.912568432122,True,fault_test,0.16,False,False,min_cov_det,2,10.0,73103.95287606509
external_dual_three_phase_flt2zv_load_10nm,10.0,2,v,False,3,2,28430.666738757347,True,fault_test,0.16,False,False,min_cov_det,2,10.0,73103.95287606509
external_dual_three_phase_flt2zv_load_10nm,10.0,2,v,False,4,2,67077.76617849043,True,fault_test,0.12,False,False,min_cov_det,2,10.0,73103.95287606509
external_dual_three_phase_flt2zv_load_10nm,10.0,2,v,False,5,2,127596.65007212882,True,fault_test,0.04,True,True,min_cov_det,2,10.0,73103.95287606509
external_dual_three_phase_flt2zv_load_10nm,10.0,2,v,False,6,2,227188.48511724093,True,fault_test,0.04,True,True,min_cov_det,2,10.0,73103.95287606509
external_dual_three_phase_flt2zv_load_10nm,10.0,2,v,False,7,2,359240.3385261454,True,fault_test,0.04,True,True,min_cov_det,2,10.0,73103.95287606509
external_dual_three_phase_flt3zu_load_10nm,10.0,3,u,False,0,2,60585.31197629262,True,fault_test,0.16,False,False,min_cov_det,2,10.0,73103.95287606509
external_dual_three_phase_flt3zu_load_10nm,10.0,3,u,False,1,2,4850.795261673228,True,fault_test,0.16,False,False,min_cov_det,2,10.0,73103.95287606509
external_dual_three_phase_flt3zu_load_10nm,10.0,3,u,False,2,2,7900.3211753993755,True,fault_test,0.16,False,False,min_cov_det,2,10.0,73103.95287606509
external_dual_three_phase_flt3zu_load_10nm,10.0,3,u,False,3,2,14350.806557642924,True,fault_test,0.16,False,False,min_cov_det,2,10.0,73103.95287606509
external_dual_three_phase_flt3zu_load_10nm,10.0,3,u,False,4,2,20146.37155457318,True,fault_test,0.16,False,False,min_cov_det,2,10.0,73103.95287606509
external_dual_three_phase_flt3zu_load_10nm,10.0,3,u,False,5,2,23308.528753179588,True,fault_test,0.16,False,False,min_cov_det,2,10.0,73103.95287606509
external_dual_three_phase_flt3zu_load_10nm,10.0,3,u,False,6,2,32130.0255569023,True,fault_test,0.16,False,False,min_cov_det,2,10.0,73103.95287606509
external_dual_three_phase_flt3zu_load_10nm,10.0,3,u,False,7,2,40595.6715495198,True,fault_test,0.16,False,False,min_cov_det,2,10.0,73103.95287606509
external_dual_three_phase_flt4zv_load_10nm,10.0,4,v,False,0,2,71705.45838831327,True,fault_test,0.08,False,False,min_cov_det,2,10.0,73103.95287606509
external_dual_three_phase_flt4zv_load_10nm,10.0,4,v,False,1,2,8933.471708270743,True,fault_test,0.16,False,False,min_cov_det,2,10.0,73103.95287606509
external_dual_three_phase_flt4zv_load_10nm,10.0,4,v,False,2,2,29794.40885630519,True,fault_test,0.16,False,False,min_cov_det,2,10.0,73103.95287606509
external_dual_three_phase_flt4zv_load_10nm,10.0,4,v,False,3,2,75343.00237563171,True,fault_test,0.04,True,True,min_cov_det,2,10.0,73103.95287606509
external_dual_three_phase_flt4zv_load_10nm,10.0,4,v,False,4,2,139265.1743759034,True,fault_test,0.04,True,True,min_cov_det,2,10.0,73103.95287606509
external_dual_three_phase_flt4zv_load_10nm,10.0,4,v,False,5,2,231408.384945996,True,fault_test,0.04,True,True,min_cov_det,2,10.0,73103.95287606509
external_dual_three_phase_flt4zv_load_10nm,10.0,4,v,False,6,2,365543.1106127114,True,fault_test,0.04,True,True,min_cov_det,2,10.0,73103.95287606509
external_dual_three_phase_flt4zv_load_10nm,10.0,4,v,False,7,2,530684.5156248322,True,fault_test,0.04,True,True,min_cov_det,2,10.0,73103.95287606509
external_dual_three_phase_flt5zu_load_10nm,10.0,5,u,False,0,2,73265.1954285384,True,fault_test,0.04,True,True,min_cov_det,2,10.0,73103.95287606509
external_dual_three_phase_flt5zu_load_10nm,10.0,5,u,False,1,2,5443.337291462013,True,fault_test,0.16,False,False,min_cov_det,2,10.0,73103.95287606509
external_dual_three_phase_flt5zu_load_10nm,10.0,5,u,False,2,2,10196.696108666634,True,fault_test,0.16,False,False,min_cov_det,2,10.0,73103.95287606509
external_dual_three_phase_flt5zu_load_10nm,10.0,5,u,False,3,2,11371.728455614766,True,fault_test,0.16,False,False,min_cov_det,2,10.0,73103.95287606509
external_dual_three_phase_flt5zu_load_10nm,10.0,5,u,False,4,2,14500.837023554746,True,fault_test,0.16,False,False,min_cov_det,2,10.0,73103.95287606509
external_dual_three_phase_flt5zu_load_10nm,10.0,5,u,False,5,2,20469.66230846162,True,fault_test,0.16,False,False,min_cov_det,2,10.0,73103.95287606509
external_dual_three_phase_flt5zu_load_10nm,10.0,5,u,False,6,2,38205.5416084279,True,fault_test,0.16,False,False,min_cov_det,2,10.0,73103.95287606509
external_dual_three_phase_flt5zu_load_10nm,10.0,5,u,False,7,2,63977.53690256463,True,fault_test,0.16,False,False,min_cov_det,2,10.0,73103.95287606509
external_dual_three_phase_flt6zu_load_10nm,10.0,6,u,False,0,2,70317.04974756688,True,fault_test,0.08,False,False,min_cov_det,2,10.0,73103.95287606509
external_dual_three_phase_flt6zu_load_10nm,10.0,6,u,False,1,2,5388.915560364977,True,fault_test,0.16,False,False,min_cov_det,2,10.0,73103.95287606509
external_dual_three_phase_flt6zu_load_10nm,10.0,6,u,False,2,2,7190.781092932535,True,fault_test,0.16,False,False,min_cov_det,2,10.0,73103.95287606509
external_dual_three_phase_flt6zu_load_10nm,10.0,6,u,False,3,2,11310.39786153896,True,fault_test,0.16,False,False,min_cov_det,2,10.0,73103.95287606509
external_dual_three_phase_flt6zu_load_10nm,10.0,6,u,False,4,2,15845.82826528845,True,fault_test,0.16,False,False,min_cov_det,2,10.0,73103.95287606509
external_dual_three_phase_flt6zu_load_10nm,10.0,6,u,False,5,2,21178.49349899684,True,fault_test,0.16,False,False,min_cov_det,2,10.0,73103.95287606509
external_dual_three_phase_flt6zu_load_10nm,10.0,6,u,False,6,2,43774.33560301207,True,fault_test,0.16,False,False,min_cov_det,2,10.0,73103.95287606509
external_dual_three_phase_flt6zu_load_10nm,10.0,6,u,False,7,2,70764.5728739476,True,fault_test,0.08,False,False,min_cov_det,2,10.0,73103.95287606509
external_dual_three_phase_flt0z_load_15nm,15.0,0,,True,0,2,39.214862001579114,True,health_test,0.08,False,False,unconditioned_residual,3,15.0,40.32099453704743
external_dual_three_phase_flt0z_load_15nm,15.0,0,,True,1,2,2.102641527419213,True,health_test,0.24,False,False,unconditioned_residual,3,15.0,40.32099453704743
external_dual_three_phase_flt0z_load_15nm,15.0,0,,True,2,2,0.4689402149082933,True,health_test,0.68,False,False,unconditioned_residual,3,15.0,40.32099453704743
external_dual_three_phase_flt0z_load_15nm,15.0,0,,True,3,2,0.42730996583682923,True,health_test,0.72,False,False,unconditioned_residual,3,15.0,40.32099453704743
external_dual_three_phase_flt0z_load_15nm,15.0,0,,True,4,2,0.3904199075996209,True,health_test,0.84,False,False,unconditioned_residual,3,15.0,40.32099453704743
external_dual_three_phase_flt0z_load_15nm,15.0,0,,True,5,2,0.3625712735852314,True,health_test,0.92,False,False,unconditioned_residual,3,15.0,40.32099453704743
external_dual_three_phase_flt0z_load_15nm,15.0,0,,True,6,2,0.4685723557799032,True,health_test,0.68,False,False,unconditioned_residual,3,15.0,40.32099453704743
external_dual_three_phase_flt0z_load_15nm,15.0,0,,True,7,2,0.805396929130979,True,health_test,0.36,False,False,unconditioned_residual,3,15.0,40.32099453704743
external_dual_three_phase_flt0z_load_25nm,25.0,0,,True,0,2,36.790523346735625,True,calibration,,False,False,unconditioned_residual,3,15.0,40.32099453704743
external_dual_three_phase_flt0z_load_25nm,25.0,0,,True,1,2,2.1872006585410397,True,calibration,,False,False,unconditioned_residual,3,15.0,40.32099453704743
external_dual_three_phase_flt0z_load_25nm,25.0,0,,True,2,2,0.45363954678786655,True,calibration,,False,False,unconditioned_residual,3,15.0,40.32099453704743
external_dual_three_phase_flt0z_load_25nm,25.0,0,,True,3,2,0.39292494673098716,True,calibration,,False,False,unconditioned_residual,3,15.0,40.32099453704743
external_dual_three_phase_flt0z_load_25nm,25.0,0,,True,4,2,0.35423839804861834,True,calibration,,False,False,unconditioned_residual,3,15.0,40.32099453704743
external_dual_three_phase_flt0z_load_25nm,25.0,0,,True,5,2,0.35153770284998653,True,calibration,,False,False,unconditioned_residual,3,15.0,40.32099453704743
external_dual_three_phase_flt0z_load_25nm,25.0,0,,True,6,2,0.4963391690221798,True,calibration,,False,False,unconditioned_residual,3,15.0,40.32099453704743
external_dual_three_phase_flt0z_load_25nm,25.0,0,,True,7,2,0.770938308422413,True,calibration,,False,False,unconditioned_residual,3,15.0,40.32099453704743
external_dual_three_phase_flt0z_load_30nm,30.0,0,,True,0,2,40.32099453704743,True,calibration,,False,False,unconditioned_residual,3,15.0,40.32099453704743
external_dual_three_phase_flt0z_load_30nm,30.0,0,,True,1,2,2.0026658461694877,True,calibration,,False,False,unconditioned_residual,3,15.0,40.32099453704743
external_dual_three_phase_flt0z_load_30nm,30.0,0,,True,2,2,0.4112845365002814,True,calibration,,False,False,unconditioned_residual,3,15.0,40.32099453704743
external_dual_three_phase_flt0z_load_30nm,30.0,0,,True,3,2,0.40467383859643447,True,calibration,,False,False,unconditioned_residual,3,15.0,40.32099453704743
external_dual_three_phase_flt0z_load_30nm,30.0,0,,True,4,2,0.37097824162639065,True,calibration,,False,False,unconditioned_residual,3,15.0,40.32099453704743
external_dual_three_phase_flt0z_load_30nm,30.0,0,,True,5,2,0.38052525005573645,True,calibration,,False,False,unconditioned_residual,3,15.0,40.32099453704743
external_dual_three_phase_flt0z_load_30nm,30.0,0,,True,6,2,0.49318385464024017,True,calibration,,False,False,unconditioned_residual,3,15.0,40.32099453704743
external_dual_three_phase_flt0z_load_30nm,30.0,0,,True,7,2,0.7740241984944856,True,calibration,,False,False,unconditioned_residual,3,15.0,40.32099453704743
external_dual_three_phase_flt0z_load_5nm,5.0,0,,True,0,2,38.08006878857261,True,calibration,,False,False,unconditioned_residual,3,15.0,40.32099453704743
external_dual_three_phase_flt0z_load_5nm,5.0,0,,True,1,2,2.186496451489763,True,calibration,,False,False,unconditioned_residual,3,15.0,40.32099453704743
external_dual_three_phase_flt0z_load_5nm,5.0,0,,True,2,2,0.511634502994001,True,calibration,,False,False,unconditioned_residual,3,15.0,40.32099453704743
external_dual_three_phase_flt0z_load_5nm,5.0,0,,True,3,2,0.5934883366097738,True,calibration,,False,False,unconditioned_residual,3,15.0,40.32099453704743
external_dual_three_phase_flt0z_load_5nm,5.0,0,,True,4,2,0.6221032089246806,True,calibration,,False,False,unconditioned_residual,3,15.0,40.32099453704743
external_dual_three_phase_flt0z_load_5nm,5.0,0,,True,5,2,0.7228478773980194,True,calibration,,False,False,unconditioned_residual,3,15.0,40.32099453704743
external_dual_three_phase_flt0z_load_5nm,5.0,0,,True,6,2,1.0553822494151575,True,calibration,,False,False,unconditioned_residual,3,15.0,40.32099453704743
external_dual_three_phase_flt0z_load_5nm,5.0,0,,True,7,2,1.7668485261472935,True,calibration,,False,False,unconditioned_residual,3,15.0,40.32099453704743
external_dual_three_phase_flt1zu_load_15nm,15.0,1,u,False,0,2,36.0633646539969,True,fault_test,0.16,False,False,unconditioned_residual,3,15.0,40.32099453704743
external_dual_three_phase_flt1zu_load_15nm,15.0,1,u,False,1,2,2.4196584408003003,True,fault_test,0.16,False,False,unconditioned_residual,3,15.0,40.32099453704743
external_dual_three_phase_flt1zu_load_15nm,15.0,1,u,False,2,2,1.1045414124986561,True,fault_test,0.32,False,False,unconditioned_residual,3,15.0,40.32099453704743
external_dual_three_phase_flt1zu_load_15nm,15.0,1,u,False,3,2,1.494223624124672,True,fault_test,0.32,False,False,unconditioned_residual,3,15.0,40.32099453704743
external_dual_three_phase_flt1zu_load_15nm,15.0,1,u,False,4,2,2.5796802104754897,True,fault_test,0.16,False,False,unconditioned_residual,3,15.0,40.32099453704743
external_dual_three_phase_flt1zu_load_15nm,15.0,1,u,False,5,2,4.828781648489212,True,fault_test,0.16,False,False,unconditioned_residual,3,15.0,40.32099453704743
external_dual_three_phase_flt1zu_load_15nm,15.0,1,u,False,6,2,9.326372156056998,True,fault_test,0.16,False,False,unconditioned_residual,3,15.0,40.32099453704743
external_dual_three_phase_flt1zu_load_15nm,15.0,1,u,False,7,2,16.272504029254947,True,fault_test,0.16,False,False,unconditioned_residual,3,15.0,40.32099453704743
external_dual_three_phase_flt2zv_load_15nm,15.0,2,v,False,0,2,37.472206236353514,True,fault_test,0.12,False,False,unconditioned_residual,3,15.0,40.32099453704743
external_dual_three_phase_flt2zv_load_15nm,15.0,2,v,False,1,2,2.1469105072368686,True,fault_test,0.24,False,False,unconditioned_residual,3,15.0,40.32099453704743
external_dual_three_phase_flt2zv_load_15nm,15.0,2,v,False,2,2,3.6590811056366777,True,fault_test,0.16,False,False,unconditioned_residual,3,15.0,40.32099453704743
external_dual_three_phase_flt2zv_load_15nm,15.0,2,v,False,3,2,9.981897064932221,True,fault_test,0.16,False,False,unconditioned_residual,3,15.0,40.32099453704743
external_dual_three_phase_flt2zv_load_15nm,15.0,2,v,False,4,2,20.719465032044447,True,fault_test,0.16,False,False,unconditioned_residual,3,15.0,40.32099453704743
external_dual_three_phase_flt2zv_load_15nm,15.0,2,v,False,5,2,36.97633601193414,True,fault_test,0.12,False,False,unconditioned_residual,3,15.0,40.32099453704743
external_dual_three_phase_flt2zv_load_15nm,15.0,2,v,False,6,2,62.307920817655514,True,fault_test,0.04,True,True,unconditioned_residual,3,15.0,40.32099453704743
external_dual_three_phase_flt2zv_load_15nm,15.0,2,v,False,7,2,100.26348370960733,True,fault_test,0.04,True,True,unconditioned_residual,3,15.0,40.32099453704743
external_dual_three_phase_flt3zu_load_15nm,15.0,3,u,False,0,2,39.87862866635254,True,fault_test,0.08,False,False,unconditioned_residual,3,15.0,40.32099453704743
external_dual_three_phase_flt3zu_load_15nm,15.0,3,u,False,1,2,4.3214595358824806,True,fault_test,0.16,False,False,unconditioned_residual,3,15.0,40.32099453704743
external_dual_three_phase_flt3zu_load_15nm,15.0,3,u,False,2,2,7.596923136342477,True,fault_test,0.16,False,False,unconditioned_residual,3,15.0,40.32099453704743
external_dual_three_phase_flt3zu_load_15nm,15.0,3,u,False,3,2,15.818715910981904,True,fault_test,0.16,False,False,unconditioned_residual,3,15.0,40.32099453704743
external_dual_three_phase_flt3zu_load_15nm,15.0,3,u,False,4,2,27.011294990182392,True,fault_test,0.16,False,False,unconditioned_residual,3,15.0,40.32099453704743
external_dual_three_phase_flt3zu_load_15nm,15.0,3,u,False,5,2,40.32651946138111,True,fault_test,0.04,True,True,unconditioned_residual,3,15.0,40.32099453704743
external_dual_three_phase_flt3zu_load_15nm,15.0,3,u,False,6,2,63.51573372690153,True,fault_test,0.04,True,True,unconditioned_residual,3,15.0,40.32099453704743
external_dual_three_phase_flt3zu_load_15nm,15.0,3,u,False,7,2,94.99264606136768,True,fault_test,0.04,True,True,unconditioned_residual,3,15.0,40.32099453704743
external_dual_three_phase_flt4zv_load_15nm,15.0,4,v,False,0,2,36.52723771835474,True,fault_test,0.16,False,False,unconditioned_residual,3,15.0,40.32099453704743
external_dual_three_phase_flt4zv_load_15nm,15.0,4,v,False,1,2,3.9681398591997157,True,fault_test,0.16,False,False,unconditioned_residual,3,15.0,40.32099453704743
external_dual_three_phase_flt4zv_load_15nm,15.0,4,v,False,2,2,10.980827289951016,True,fault_test,0.16,False,False,unconditioned_residual,3,15.0,40.32099453704743
external_dual_three_phase_flt4zv_load_15nm,15.0,4,v,False,3,2,22.72677463248751,True,fault_test,0.16,False,False,unconditioned_residual,3,15.0,40.32099453704743
external_dual_three_phase_flt4zv_load_15nm,15.0,4,v,False,4,2,40.15672803895036,True,fault_test,0.08,False,False,unconditioned_residual,3,15.0,40.32099453704743
external_dual_three_phase_flt4zv_load_15nm,15.0,4,v,False,5,2,62.796092375220155,True,fault_test,0.04,True,True,unconditioned_residual,3,15.0,40.32099453704743
external_dual_three_phase_flt4zv_load_15nm,15.0,4,v,False,6,2,94.20068283799597,True,fault_test,0.04,True,True,unconditioned_residual,3,15.0,40.32099453704743
external_dual_three_phase_flt4zv_load_15nm,15.0,4,v,False,7,2,142.31112623573057,True,fault_test,0.04,True,True,unconditioned_residual,3,15.0,40.32099453704743
external_dual_three_phase_flt5zu_load_15nm,15.0,5,u,False,0,2,36.691134947857954,True,fault_test,0.16,False,False,unconditioned_residual,3,15.0,40.32099453704743
external_dual_three_phase_flt5zu_load_15nm,15.0,5,u,False,1,2,4.464361035532441,True,fault_test,0.16,False,False,unconditioned_residual,3,15.0,40.32099453704743
external_dual_three_phase_flt5zu_load_15nm,15.0,5,u,False,2,2,6.912635937407293,True,fault_test,0.16,False,False,unconditioned_residual,3,15.0,40.32099453704743
external_dual_three_phase_flt5zu_load_15nm,15.0,5,u,False,3,2,11.947868332920976,True,fault_test,0.16,False,False,unconditioned_residual,3,15.0,40.32099453704743
external_dual_three_phase_flt5zu_load_15nm,15.0,5,u,False,4,2,18.656528193043552,True,fault_test,0.16,False,False,unconditioned_residual,3,15.0,40.32099453704743
external_dual_three_phase_flt5zu_load_15nm,15.0,5,u,False,5,2,26.29350402071409,True,fault_test,0.16,False,False,unconditioned_residual,3,15.0,40.32099453704743
external_dual_three_phase_flt5zu_load_15nm,15.0,5,u,False,6,2,41.53294430804768,True,fault_test,0.04,True,True,unconditioned_residual,3,15.0,40.32099453704743
external_dual_three_phase_flt5zu_load_15nm,15.0,5,u,False,7,2,63.5297945566449,True,fault_test,0.04,True,True,unconditioned_residual,3,15.0,40.32099453704743
external_dual_three_phase_flt6zu_load_15nm,15.0,6,u,False,0,2,39.558868667003445,True,fault_test,0.08,False,False,unconditioned_residual,3,15.0,40.32099453704743
external_dual_three_phase_flt6zu_load_15nm,15.0,6,u,False,1,2,5.181362533236703,True,fault_test,0.16,False,False,unconditioned_residual,3,15.0,40.32099453704743
external_dual_three_phase_flt6zu_load_15nm,15.0,6,u,False,2,2,7.607724292976744,True,fault_test,0.16,False,False,unconditioned_residual,3,15.0,40.32099453704743
external_dual_three_phase_flt6zu_load_15nm,15.0,6,u,False,3,2,11.646648040676585,True,fault_test,0.16,False,False,unconditioned_residual,3,15.0,40.32099453704743
external_dual_three_phase_flt6zu_load_15nm,15.0,6,u,False,4,2,19.66361345206313,True,fault_test,0.16,False,False,unconditioned_residual,3,15.0,40.32099453704743
external_dual_three_phase_flt6zu_load_15nm,15.0,6,u,False,5,2,28.248103024927822,True,fault_test,0.16,False,False,unconditioned_residual,3,15.0,40.32099453704743
external_dual_three_phase_flt6zu_load_15nm,15.0,6,u,False,6,2,44.95648507338352,True,fault_test,0.04,True,True,unconditioned_residual,3,15.0,40.32099453704743
external_dual_three_phase_flt6zu_load_15nm,15.0,6,u,False,7,2,67.32028530687428,True,fault_test,0.04,True,True,unconditioned_residual,3,15.0,40.32099453704743
external_dual_three_phase_flt0z_load_15nm,15.0,0,,True,0,2,48.90745520071803,True,health_test,0.12,False,False,linear_residual,3,15.0,50.70479982357014
external_dual_three_phase_flt0z_load_15nm,15.0,0,,True,1,2,6.6056338768708756,True,health_test,0.24,False,False,linear_residual,3,15.0,50.70479982357014
external_dual_three_phase_flt0z_load_15nm,15.0,0,,True,2,2,1.5968461991464524,True,health_test,0.6,False,False,linear_residual,3,15.0,50.70479982357014
external_dual_three_phase_flt0z_load_15nm,15.0,0,,True,3,2,1.3604744491906107,True,health_test,0.6,False,False,linear_residual,3,15.0,50.70479982357014
external_dual_three_phase_flt0z_load_15nm,15.0,0,,True,4,2,1.2384899738759212,True,health_test,0.64,False,False,linear_residual,3,15.0,50.70479982357014
external_dual_three_phase_flt0z_load_15nm,15.0,0,,True,5,2,0.9988517956638792,True,health_test,0.72,False,False,linear_residual,3,15.0,50.70479982357014
external_dual_three_phase_flt0z_load_15nm,15.0,0,,True,6,2,1.5775675375410816,True,health_test,0.6,False,False,linear_residual,3,15.0,50.70479982357014
external_dual_three_phase_flt0z_load_15nm,15.0,0,,True,7,2,2.888329718717479,True,health_test,0.52,False,False,linear_residual,3,15.0,50.70479982357014
external_dual_three_phase_flt0z_load_25nm,25.0,0,,True,0,2,43.094048244543885,True,calibration,,False,False,linear_residual,3,15.0,50.70479982357014
external_dual_three_phase_flt0z_load_25nm,25.0,0,,True,1,2,6.303930045791757,True,calibration,,False,False,linear_residual,3,15.0,50.70479982357014
external_dual_three_phase_flt0z_load_25nm,25.0,0,,True,2,2,1.1268332207522544,True,calibration,,False,False,linear_residual,3,15.0,50.70479982357014
external_dual_three_phase_flt0z_load_25nm,25.0,0,,True,3,2,0.7604157891031191,True,calibration,,False,False,linear_residual,3,15.0,50.70479982357014
external_dual_three_phase_flt0z_load_25nm,25.0,0,,True,4,2,0.5701271991072179,True,calibration,,False,False,linear_residual,3,15.0,50.70479982357014
external_dual_three_phase_flt0z_load_25nm,25.0,0,,True,5,2,0.5184850988643346,True,calibration,,False,False,linear_residual,3,15.0,50.70479982357014
external_dual_three_phase_flt0z_load_25nm,25.0,0,,True,6,2,1.3214322420417348,True,calibration,,False,False,linear_residual,3,15.0,50.70479982357014
external_dual_three_phase_flt0z_load_25nm,25.0,0,,True,7,2,2.849645708142279,True,calibration,,False,False,linear_residual,3,15.0,50.70479982357014
external_dual_three_phase_flt0z_load_30nm,30.0,0,,True,0,2,50.70479982357014,True,calibration,,False,False,linear_residual,3,15.0,50.70479982357014
external_dual_three_phase_flt0z_load_30nm,30.0,0,,True,1,2,5.581738612884747,True,calibration,,False,False,linear_residual,3,15.0,50.70479982357014
external_dual_three_phase_flt0z_load_30nm,30.0,0,,True,2,2,0.7558641570070256,True,calibration,,False,False,linear_residual,3,15.0,50.70479982357014
external_dual_three_phase_flt0z_load_30nm,30.0,0,,True,3,2,0.6857725288480636,True,calibration,,False,False,linear_residual,3,15.0,50.70479982357014
external_dual_three_phase_flt0z_load_30nm,30.0,0,,True,4,2,0.4990090471655775,True,calibration,,False,False,linear_residual,3,15.0,50.70479982357014
external_dual_three_phase_flt0z_load_30nm,30.0,0,,True,5,2,0.4476118000378846,True,calibration,,False,False,linear_residual,3,15.0,50.70479982357014
external_dual_three_phase_flt0z_load_30nm,30.0,0,,True,6,2,1.2239310796451974,True,calibration,,False,False,linear_residual,3,15.0,50.70479982357014
external_dual_three_phase_flt0z_load_30nm,30.0,0,,True,7,2,2.7157270088933267,True,calibration,,False,False,linear_residual,3,15.0,50.70479982357014
external_dual_three_phase_flt0z_load_5nm,5.0,0,,True,0,2,49.34762429928743,True,calibration,,False,False,linear_residual,3,15.0,50.70479982357014
external_dual_three_phase_flt0z_load_5nm,5.0,0,,True,1,2,8.769832462814517,True,calibration,,False,False,linear_residual,3,15.0,50.70479982357014
external_dual_three_phase_flt0z_load_5nm,5.0,0,,True,2,2,3.736727055580728,True,calibration,,False,False,linear_residual,3,15.0,50.70479982357014
external_dual_three_phase_flt0z_load_5nm,5.0,0,,True,3,2,3.035000932498126,True,calibration,,False,False,linear_residual,3,15.0,50.70479982357014
external_dual_three_phase_flt0z_load_5nm,5.0,0,,True,4,2,3.2612225546893394,True,calibration,,False,False,linear_residual,3,15.0,50.70479982357014
external_dual_three_phase_flt0z_load_5nm,5.0,0,,True,5,2,3.490158293947182,True,calibration,,False,False,linear_residual,3,15.0,50.70479982357014
external_dual_three_phase_flt0z_load_5nm,5.0,0,,True,6,2,5.77441460582944,True,calibration,,False,False,linear_residual,3,15.0,50.70479982357014
external_dual_three_phase_flt0z_load_5nm,5.0,0,,True,7,2,10.208439859621258,True,calibration,,False,False,linear_residual,3,15.0,50.70479982357014
external_dual_three_phase_flt1zu_load_15nm,15.0,1,u,False,0,2,49.83037403054699,True,fault_test,0.08,False,False,linear_residual,3,15.0,50.70479982357014
external_dual_three_phase_flt1zu_load_15nm,15.0,1,u,False,1,2,10.257657063941576,True,fault_test,0.16,False,False,linear_residual,3,15.0,50.70479982357014
external_dual_three_phase_flt1zu_load_15nm,15.0,1,u,False,2,2,10.555808055722522,True,fault_test,0.16,False,False,linear_residual,3,15.0,50.70479982357014
external_dual_three_phase_flt1zu_load_15nm,15.0,1,u,False,3,2,18.750689499889063,True,fault_test,0.16,False,False,linear_residual,3,15.0,50.70479982357014
external_dual_three_phase_flt1zu_load_15nm,15.0,1,u,False,4,2,40.999237160310365,True,fault_test,0.16,False,False,linear_residual,3,15.0,50.70479982357014
external_dual_three_phase_flt1zu_load_15nm,15.0,1,u,False,5,2,82.14344964401788,True,fault_test,0.04,True,True,linear_residual,3,15.0,50.70479982357014
external_dual_three_phase_flt1zu_load_15nm,15.0,1,u,False,6,2,161.4727748412468,True,fault_test,0.04,True,True,linear_residual,3,15.0,50.70479982357014
external_dual_three_phase_flt1zu_load_15nm,15.0,1,u,False,7,2,294.58604920909687,True,fault_test,0.04,True,True,linear_residual,3,15.0,50.70479982357014
external_dual_three_phase_flt2zv_load_15nm,15.0,2,v,False,0,2,45.71039335826207,True,fault_test,0.12,False,False,linear_residual,3,15.0,50.70479982357014
external_dual_three_phase_flt2zv_load_15nm,15.0,2,v,False,1,2,24.548068275501812,True,fault_test,0.16,False,False,linear_residual,3,15.0,50.70479982357014
external_dual_three_phase_flt2zv_load_15nm,15.0,2,v,False,2,2,58.05196756696624,True,fault_test,0.04,True,True,linear_residual,3,15.0,50.70479982357014
external_dual_three_phase_flt2zv_load_15nm,15.0,2,v,False,3,2,125.47454339131065,True,fault_test,0.04,True,True,linear_residual,3,15.0,50.70479982357014
external_dual_three_phase_flt2zv_load_15nm,15.0,2,v,False,4,2,230.17163794330764,True,fault_test,0.04,True,True,linear_residual,3,15.0,50.70479982357014
external_dual_three_phase_flt2zv_load_15nm,15.0,2,v,False,5,2,379.6717441268829,True,fault_test,0.04,True,True,linear_residual,3,15.0,50.70479982357014
external_dual_three_phase_flt2zv_load_15nm,15.0,2,v,False,6,2,594.9327091385618,True,fault_test,0.04,True,True,linear_residual,3,15.0,50.70479982357014
external_dual_three_phase_flt2zv_load_15nm,15.0,2,v,False,7,2,965.74647325604,True,fault_test,0.04,True,True,linear_residual,3,15.0,50.70479982357014
external_dual_three_phase_flt3zu_load_15nm,15.0,3,u,False,0,2,58.0407049375381,True,fault_test,0.04,True,True,linear_residual,3,15.0,50.70479982357014
external_dual_three_phase_flt3zu_load_15nm,15.0,3,u,False,1,2,80.85525063544608,True,fault_test,0.04,True,True,linear_residual,3,15.0,50.70479982357014
external_dual_three_phase_flt3zu_load_15nm,15.0,3,u,False,2,2,137.12917076814472,True,fault_test,0.04,True,True,linear_residual,3,15.0,50.70479982357014
external_dual_three_phase_flt3zu_load_15nm,15.0,3,u,False,3,2,281.1599691491885,True,fault_test,0.04,True,True,linear_residual,3,15.0,50.70479982357014
external_dual_three_phase_flt3zu_load_15nm,15.0,3,u,False,4,2,513.063950529564,True,fault_test,0.04,True,True,linear_residual,3,15.0,50.70479982357014
external_dual_three_phase_flt3zu_load_15nm,15.0,3,u,False,5,2,786.3085126134216,True,fault_test,0.04,True,True,linear_residual,3,15.0,50.70479982357014
external_dual_three_phase_flt3zu_load_15nm,15.0,3,u,False,6,2,1223.3766580617657,True,fault_test,0.04,True,True,linear_residual,3,15.0,50.70479982357014
external_dual_three_phase_flt3zu_load_15nm,15.0,3,u,False,7,2,1884.2430534340788,True,fault_test,0.04,True,True,linear_residual,3,15.0,50.70479982357014
external_dual_three_phase_flt4zv_load_15nm,15.0,4,v,False,0,2,45.38515468126575,True,fault_test,0.12,False,False,linear_residual,3,15.0,50.70479982357014
external_dual_three_phase_flt4zv_load_15nm,15.0,4,v,False,1,2,63.249505547489306,True,fault_test,0.04,True,True,linear_residual,3,15.0,50.70479982357014
external_dual_three_phase_flt4zv_load_15nm,15.0,4,v,False,2,2,134.67951277595108,True,fault_test,0.04,True,True,linear_residual,3,15.0,50.70479982357014
external_dual_three_phase_flt4zv_load_15nm,15.0,4,v,False,3,2,239.14905686382914,True,fault_test,0.04,True,True,linear_residual,3,15.0,50.70479982357014
external_dual_three_phase_flt4zv_load_15nm,15.0,4,v,False,4,2,399.67356415057293,True,fault_test,0.04,True,True,linear_residual,3,15.0,50.70479982357014
external_dual_three_phase_flt4zv_load_15nm,15.0,4,v,False,5,2,620.2071051513441,True,fault_test,0.04,True,True,linear_residual,3,15.0,50.70479982357014
external_dual_three_phase_flt4zv_load_15nm,15.0,4,v,False,6,2,900.9021481753887,True,fault_test,0.04,True,True,linear_residual,3,15.0,50.70479982357014
external_dual_three_phase_flt4zv_load_15nm,15.0,4,v,False,7,2,1413.35365790269,True,fault_test,0.04,True,True,linear_residual,3,15.0,50.70479982357014
external_dual_three_phase_flt5zu_load_15nm,15.0,5,u,False,0,2,71.19855836631073,True,fault_test,0.04,True,True,linear_residual,3,15.0,50.70479982357014
external_dual_three_phase_flt5zu_load_15nm,15.0,5,u,False,1,2,87.93742730834339,True,fault_test,0.04,True,True,linear_residual,3,15.0,50.70479982357014
external_dual_three_phase_flt5zu_load_15nm,15.0,5,u,False,2,2,131.77266592219047,True,fault_test,0.04,True,True,linear_residual,3,15.0,50.70479982357014
external_dual_three_phase_flt5zu_load_15nm,15.0,5,u,False,3,2,234.58453885510147,True,fault_test,0.04,True,True,linear_residual,3,15.0,50.70479982357014
external_dual_three_phase_flt5zu_load_15nm,15.0,5,u,False,4,2,377.353171783838,True,fault_test,0.04,True,True,linear_residual,3,15.0,50.70479982357014
external_dual_three_phase_flt5zu_load_15nm,15.0,5,u,False,5,2,549.4464969782063,True,fault_test,0.04,True,True,linear_residual,3,15.0,50.70479982357014
external_dual_three_phase_flt5zu_load_15nm,15.0,5,u,False,6,2,796.8641759622592,True,fault_test,0.04,True,True,linear_residual,3,15.0,50.70479982357014
external_dual_three_phase_flt5zu_load_15nm,15.0,5,u,False,7,2,1178.3734831801219,True,fault_test,0.04,True,True,linear_residual,3,15.0,50.70479982357014
external_dual_three_phase_flt6zu_load_15nm,15.0,6,u,False,0,2,67.4088414845379,True,fault_test,0.04,True,True,linear_residual,3,15.0,50.70479982357014
external_dual_three_phase_flt6zu_load_15nm,15.0,6,u,False,1,2,103.99199919819597,True,fault_test,0.04,True,True,linear_residual,3,15.0,50.70479982357014
external_dual_three_phase_flt6zu_load_15nm,15.0,6,u,False,2,2,149.147328368496,True,fault_test,0.04,True,True,linear_residual,3,15.0,50.70479982357014
external_dual_three_phase_flt6zu_load_15nm,15.0,6,u,False,3,2,244.0224275237779,True,fault_test,0.04,True,True,linear_residual,3,15.0,50.70479982357014
external_dual_three_phase_flt6zu_load_15nm,15.0,6,u,False,4,2,393.8018859750534,True,fault_test,0.04,True,True,linear_residual,3,15.0,50.70479982357014
external_dual_three_phase_flt6zu_load_15nm,15.0,6,u,False,5,2,583.0671405537427,True,fault_test,0.04,True,True,linear_residual,3,15.0,50.70479982357014
external_dual_three_phase_flt6zu_load_15nm,15.0,6,u,False,6,2,856.4262115969142,True,fault_test,0.04,True,True,linear_residual,3,15.0,50.70479982357014
external_dual_three_phase_flt6zu_load_15nm,15.0,6,u,False,7,2,1241.2144635790064,True,fault_test,0.04,True,True,linear_residual,3,15.0,50.70479982357014
external_dual_three_phase_flt0z_load_15nm,15.0,0,,True,0,2,45.87817422365183,True,health_test,0.08,False,False,quadratic_residual,3,15.0,48.06088527696723
external_dual_three_phase_flt0z_load_15nm,15.0,0,,True,1,2,5.948987196690968,True,health_test,0.28,False,False,quadratic_residual,3,15.0,48.06088527696723
external_dual_three_phase_flt0z_load_15nm,15.0,0,,True,2,2,1.16527978602956,True,health_test,0.6,False,False,quadratic_residual,3,15.0,48.06088527696723
external_dual_three_phase_flt0z_load_15nm,15.0,0,,True,3,2,0.880003152164158,True,health_test,0.72,False,False,quadratic_residual,3,15.0,48.06088527696723
external_dual_three_phase_flt0z_load_15nm,15.0,0,,True,4,2,0.783210274591022,True,health_test,0.72,False,False,quadratic_residual,3,15.0,48.06088527696723
external_dual_three_phase_flt0z_load_15nm,15.0,0,,True,5,2,0.787377514948977,True,health_test,0.72,False,False,quadratic_residual,3,15.0,48.06088527696723
external_dual_three_phase_flt0z_load_15nm,15.0,0,,True,6,2,1.5133650143915869,True,health_test,0.6,False,False,quadratic_residual,3,15.0,48.06088527696723
external_dual_three_phase_flt0z_load_15nm,15.0,0,,True,7,2,4.234144496415245,True,health_test,0.36,False,False,quadratic_residual,3,15.0,48.06088527696723
external_dual_three_phase_flt0z_load_25nm,25.0,0,,True,0,2,40.945282892923636,True,calibration,,False,False,quadratic_residual,3,15.0,48.06088527696723
external_dual_three_phase_flt0z_load_25nm,25.0,0,,True,1,2,5.990457234481869,True,calibration,,False,False,quadratic_residual,3,15.0,48.06088527696723
external_dual_three_phase_flt0z_load_25nm,25.0,0,,True,2,2,1.153643907836635,True,calibration,,False,False,quadratic_residual,3,15.0,48.06088527696723
external_dual_three_phase_flt0z_load_25nm,25.0,0,,True,3,2,0.7115653498624348,True,calibration,,False,False,quadratic_residual,3,15.0,48.06088527696723
external_dual_three_phase_flt0z_load_25nm,25.0,0,,True,4,2,0.5072635478269596,True,calibration,,False,False,quadratic_residual,3,15.0,48.06088527696723
external_dual_three_phase_flt0z_load_25nm,25.0,0,,True,5,2,0.6399801953259188,True,calibration,,False,False,quadratic_residual,3,15.0,48.06088527696723
external_dual_three_phase_flt0z_load_25nm,25.0,0,,True,6,2,0.9293887254019657,True,calibration,,False,False,quadratic_residual,3,15.0,48.06088527696723
external_dual_three_phase_flt0z_load_25nm,25.0,0,,True,7,2,2.8949620350554612,True,calibration,,False,False,quadratic_residual,3,15.0,48.06088527696723
external_dual_three_phase_flt0z_load_30nm,30.0,0,,True,0,2,48.06088527696723,True,calibration,,False,False,quadratic_residual,3,15.0,48.06088527696723
external_dual_three_phase_flt0z_load_30nm,30.0,0,,True,1,2,5.556270387348278,True,calibration,,False,False,quadratic_residual,3,15.0,48.06088527696723
external_dual_three_phase_flt0z_load_30nm,30.0,0,,True,2,2,1.0886086441452556,True,calibration,,False,False,quadratic_residual,3,15.0,48.06088527696723
external_dual_three_phase_flt0z_load_30nm,30.0,0,,True,3,2,0.7560560986564094,True,calibration,,False,False,quadratic_residual,3,15.0,48.06088527696723
external_dual_three_phase_flt0z_load_30nm,30.0,0,,True,4,2,0.5452500878748836,True,calibration,,False,False,quadratic_residual,3,15.0,48.06088527696723
external_dual_three_phase_flt0z_load_30nm,30.0,0,,True,5,2,0.622082803638823,True,calibration,,False,False,quadratic_residual,3,15.0,48.06088527696723
external_dual_three_phase_flt0z_load_30nm,30.0,0,,True,6,2,0.7637812862407606,True,calibration,,False,False,quadratic_residual,3,15.0,48.06088527696723
external_dual_three_phase_flt0z_load_30nm,30.0,0,,True,7,2,2.5612940829715236,True,calibration,,False,False,quadratic_residual,3,15.0,48.06088527696723
external_dual_three_phase_flt0z_load_5nm,5.0,0,,True,0,2,45.416655695869714,True,calibration,,False,False,quadratic_residual,3,15.0,48.06088527696723
external_dual_three_phase_flt0z_load_5nm,5.0,0,,True,1,2,8.193661721326976,True,calibration,,False,False,quadratic_residual,3,15.0,48.06088527696723
external_dual_three_phase_flt0z_load_5nm,5.0,0,,True,2,2,3.411910100426642,True,calibration,,False,False,quadratic_residual,3,15.0,48.06088527696723
external_dual_three_phase_flt0z_load_5nm,5.0,0,,True,3,2,2.639073510102881,True,calibration,,False,False,quadratic_residual,3,15.0,48.06088527696723
external_dual_three_phase_flt0z_load_5nm,5.0,0,,True,4,2,2.615298854117718,True,calibration,,False,False,quadratic_residual,3,15.0,48.06088527696723
external_dual_three_phase_flt0z_load_5nm,5.0,0,,True,5,2,3.3386118384984504,True,calibration,,False,False,quadratic_residual,3,15.0,48.06088527696723
external_dual_three_phase_flt0z_load_5nm,5.0,0,,True,6,2,4.539739479708707,True,calibration,,False,False,quadratic_residual,3,15.0,48.06088527696723
external_dual_three_phase_flt0z_load_5nm,5.0,0,,True,7,2,7.4751721961810595,True,calibration,,False,False,quadratic_residual,3,15.0,48.06088527696723
external_dual_three_phase_flt1zu_load_15nm,15.0,1,u,False,0,2,48.64347996473423,True,fault_test,0.04,True,True,quadratic_residual,3,15.0,48.06088527696723
external_dual_three_phase_flt1zu_load_15nm,15.0,1,u,False,1,2,10.419858202064649,True,fault_test,0.16,False,False,quadratic_residual,3,15.0,48.06088527696723
external_dual_three_phase_flt1zu_load_15nm,15.0,1,u,False,2,2,13.304881770738834,True,fault_test,0.16,False,False,quadratic_residual,3,15.0,48.06088527696723
external_dual_three_phase_flt1zu_load_15nm,15.0,1,u,False,3,2,24.162806621481714,True,fault_test,0.16,False,False,quadratic_residual,3,15.0,48.06088527696723
external_dual_three_phase_flt1zu_load_15nm,15.0,1,u,False,4,2,55.08659277953156,True,fault_test,0.04,True,True,quadratic_residual,3,15.0,48.06088527696723
external_dual_three_phase_flt1zu_load_15nm,15.0,1,u,False,5,2,107.17125530961042,True,fault_test,0.04,True,True,quadratic_residual,3,15.0,48.06088527696723
external_dual_three_phase_flt1zu_load_15nm,15.0,1,u,False,6,2,202.4900901617438,True,fault_test,0.04,True,True,quadratic_residual,3,15.0,48.06088527696723
external_dual_three_phase_flt1zu_load_15nm,15.0,1,u,False,7,2,369.2194657757582,True,fault_test,0.04,True,True,quadratic_residual,3,15.0,48.06088527696723
external_dual_three_phase_flt2zv_load_15nm,15.0,2,v,False,0,2,42.504243169515306,True,fault_test,0.12,False,False,quadratic_residual,3,15.0,48.06088527696723
external_dual_three_phase_flt2zv_load_15nm,15.0,2,v,False,1,2,28.639089462840793,True,fault_test,0.16,False,False,quadratic_residual,3,15.0,48.06088527696723
external_dual_three_phase_flt2zv_load_15nm,15.0,2,v,False,2,2,67.90929850913238,True,fault_test,0.04,True,True,quadratic_residual,3,15.0,48.06088527696723
external_dual_three_phase_flt2zv_load_15nm,15.0,2,v,False,3,2,150.0636483642943,True,fault_test,0.04,True,True,quadratic_residual,3,15.0,48.06088527696723
external_dual_three_phase_flt2zv_load_15nm,15.0,2,v,False,4,2,280.732310541619,True,fault_test,0.04,True,True,quadratic_residual,3,15.0,48.06088527696723
external_dual_three_phase_flt2zv_load_15nm,15.0,2,v,False,5,2,468.8502901072539,True,fault_test,0.04,True,True,quadratic_residual,3,15.0,48.06088527696723
external_dual_three_phase_flt2zv_load_15nm,15.0,2,v,False,6,2,750.2230517556495,True,fault_test,0.04,True,True,quadratic_residual,3,15.0,48.06088527696723
external_dual_three_phase_flt2zv_load_15nm,15.0,2,v,False,7,2,1226.7952527659272,True,fault_test,0.04,True,True,quadratic_residual,3,15.0,48.06088527696723
external_dual_three_phase_flt3zu_load_15nm,15.0,3,u,False,0,2,59.660846291561114,True,fault_test,0.04,True,True,quadratic_residual,3,15.0,48.06088527696723
external_dual_three_phase_flt3zu_load_15nm,15.0,3,u,False,1,2,112.82459199148873,True,fault_test,0.04,True,True,quadratic_residual,3,15.0,48.06088527696723
external_dual_three_phase_flt3zu_load_15nm,15.0,3,u,False,2,2,192.97885635433542,True,fault_test,0.04,True,True,quadratic_residual,3,15.0,48.06088527696723
external_dual_three_phase_flt3zu_load_15nm,15.0,3,u,False,3,2,382.1309630144485,True,fault_test,0.04,True,True,quadratic_residual,3,15.0,48.06088527696723
external_dual_three_phase_flt3zu_load_15nm,15.0,3,u,False,4,2,684.4633309609874,True,fault_test,0.04,True,True,quadratic_residual,3,15.0,48.06088527696723
external_dual_three_phase_flt3zu_load_15nm,15.0,3,u,False,5,2,1023.6489590004188,True,fault_test,0.04,True,True,quadratic_residual,3,15.0,48.06088527696723
external_dual_three_phase_flt3zu_load_15nm,15.0,3,u,False,6,2,1563.0899007464159,True,fault_test,0.04,True,True,quadratic_residual,3,15.0,48.06088527696723
external_dual_three_phase_flt3zu_load_15nm,15.0,3,u,False,7,2,2382.9148180508055,True,fault_test,0.04,True,True,quadratic_residual,3,15.0,48.06088527696723
external_dual_three_phase_flt4zv_load_15nm,15.0,4,v,False,0,2,43.734319640951504,True,fault_test,0.12,False,False,quadratic_residual,3,15.0,48.06088527696723
external_dual_three_phase_flt4zv_load_15nm,15.0,4,v,False,1,2,76.01995689548463,True,fault_test,0.04,True,True,quadratic_residual,3,15.0,48.06088527696723
external_dual_three_phase_flt4zv_load_15nm,15.0,4,v,False,2,2,164.55467735979448,True,fault_test,0.04,True,True,quadratic_residual,3,15.0,48.06088527696723
external_dual_three_phase_flt4zv_load_15nm,15.0,4,v,False,3,2,297.18205691123757,True,fault_test,0.04,True,True,quadratic_residual,3,15.0,48.06088527696723
external_dual_three_phase_flt4zv_load_15nm,15.0,4,v,False,4,2,498.7300687773689,True,fault_test,0.04,True,True,quadratic_residual,3,15.0,48.06088527696723
external_dual_three_phase_flt4zv_load_15nm,15.0,4,v,False,5,2,772.1482202313514,True,fault_test,0.04,True,True,quadratic_residual,3,15.0,48.06088527696723
external_dual_three_phase_flt4zv_load_15nm,15.0,4,v,False,6,2,1134.5908461936992,True,fault_test,0.04,True,True,quadratic_residual,3,15.0,48.06088527696723
external_dual_three_phase_flt4zv_load_15nm,15.0,4,v,False,7,2,1773.001220765527,True,fault_test,0.04,True,True,quadratic_residual,3,15.0,48.06088527696723
external_dual_three_phase_flt5zu_load_15nm,15.0,5,u,False,0,2,80.58055083995528,True,fault_test,0.04,True,True,quadratic_residual,3,15.0,48.06088527696723
external_dual_three_phase_flt5zu_load_15nm,15.0,5,u,False,1,2,115.46414393416954,True,fault_test,0.04,True,True,quadratic_residual,3,15.0,48.06088527696723
external_dual_three_phase_flt5zu_load_15nm,15.0,5,u,False,2,2,164.56921541782756,True,fault_test,0.04,True,True,quadratic_residual,3,15.0,48.06088527696723
external_dual_three_phase_flt5zu_load_15nm,15.0,5,u,False,3,2,277.145311690143,True,fault_test,0.04,True,True,quadratic_residual,3,15.0,48.06088527696723
external_dual_three_phase_flt5zu_load_15nm,15.0,5,u,False,4,2,444.06132603480455,True,fault_test,0.04,True,True,quadratic_residual,3,15.0,48.06088527696723
external_dual_three_phase_flt5zu_load_15nm,15.0,5,u,False,5,2,633.6321779204305,True,fault_test,0.04,True,True,quadratic_residual,3,15.0,48.06088527696723
external_dual_three_phase_flt5zu_load_15nm,15.0,5,u,False,6,2,923.1932088447004,True,fault_test,0.04,True,True,quadratic_residual,3,15.0,48.06088527696723
external_dual_three_phase_flt5zu_load_15nm,15.0,5,u,False,7,2,1392.065956464487,True,fault_test,0.04,True,True,quadratic_residual,3,15.0,48.06088527696723
external_dual_three_phase_flt6zu_load_15nm,15.0,6,u,False,0,2,71.84411525182571,True,fault_test,0.04,True,True,quadratic_residual,3,15.0,48.06088527696723
external_dual_three_phase_flt6zu_load_15nm,15.0,6,u,False,1,2,133.48007814901501,True,fault_test,0.04,True,True,quadratic_residual,3,15.0,48.06088527696723
external_dual_three_phase_flt6zu_load_15nm,15.0,6,u,False,2,2,184.31214681409045,True,fault_test,0.04,True,True,quadratic_residual,3,15.0,48.06088527696723
external_dual_three_phase_flt6zu_load_15nm,15.0,6,u,False,3,2,287.07589629669667,True,fault_test,0.04,True,True,quadratic_residual,3,15.0,48.06088527696723
external_dual_three_phase_flt6zu_load_15nm,15.0,6,u,False,4,2,458.99193952713483,True,fault_test,0.04,True,True,quadratic_residual,3,15.0,48.06088527696723
external_dual_three_phase_flt6zu_load_15nm,15.0,6,u,False,5,2,670.5644526193335,True,fault_test,0.04,True,True,quadratic_residual,3,15.0,48.06088527696723
external_dual_three_phase_flt6zu_load_15nm,15.0,6,u,False,6,2,991.2695835880861,True,fault_test,0.04,True,True,quadratic_residual,3,15.0,48.06088527696723
external_dual_three_phase_flt6zu_load_15nm,15.0,6,u,False,7,2,1465.7064826087499,True,fault_test,0.04,True,True,quadratic_residual,3,15.0,48.06088527696723
external_dual_three_phase_flt0z_load_15nm,15.0,0,,True,0,2,45.368209767571194,True,health_test,0.08,False,False,spline_residual,3,15.0,47.28431872625241
external_dual_three_phase_flt0z_load_15nm,15.0,0,,True,1,2,6.246315534427188,True,health_test,0.28,False,False,spline_residual,3,15.0,47.28431872625241
external_dual_three_phase_flt0z_load_15nm,15.0,0,,True,2,2,0.9854969143109679,True,health_test,0.8,False,False,spline_residual,3,15.0,47.28431872625241
external_dual_three_phase_flt0z_load_15nm,15.0,0,,True,3,2,0.9348345941510625,True,health_test,0.84,False,False,spline_residual,3,15.0,47.28431872625241
external_dual_three_phase_flt0z_load_15nm,15.0,0,,True,4,2,0.8878902218772783,True,health_test,0.88,False,False,spline_residual,3,15.0,47.28431872625241
external_dual_three_phase_flt0z_load_15nm,15.0,0,,True,5,2,0.6578026020320664,True,health_test,1.0,False,False,spline_residual,3,15.0,47.28431872625241
external_dual_three_phase_flt0z_load_15nm,15.0,0,,True,6,2,1.2326639556570465,True,health_test,0.64,False,False,spline_residual,3,15.0,47.28431872625241
external_dual_three_phase_flt0z_load_15nm,15.0,0,,True,7,2,1.472264798475482,True,health_test,0.6,False,False,spline_residual,3,15.0,47.28431872625241
external_dual_three_phase_flt0z_load_25nm,25.0,0,,True,0,2,39.19064953907907,True,calibration,,False,False,spline_residual,3,15.0,47.28431872625241
external_dual_three_phase_flt0z_load_25nm,25.0,0,,True,1,2,6.870669828288287,True,calibration,,False,False,spline_residual,3,15.0,47.28431872625241
external_dual_three_phase_flt0z_load_25nm,25.0,0,,True,2,2,1.4558169411752535,True,calibration,,False,False,spline_residual,3,15.0,47.28431872625241
external_dual_three_phase_flt0z_load_25nm,25.0,0,,True,3,2,0.9718503738524403,True,calibration,,False,False,spline_residual,3,15.0,47.28431872625241
external_dual_three_phase_flt0z_load_25nm,25.0,0,,True,4,2,0.8364123416494159,True,calibration,,False,False,spline_residual,3,15.0,47.28431872625241
external_dual_three_phase_flt0z_load_25nm,25.0,0,,True,5,2,0.8132293896122048,True,calibration,,False,False,spline_residual,3,15.0,47.28431872625241
external_dual_three_phase_flt0z_load_25nm,25.0,0,,True,6,2,1.184244293101831,True,calibration,,False,False,spline_residual,3,15.0,47.28431872625241
external_dual_three_phase_flt0z_load_25nm,25.0,0,,True,7,2,1.7304579814292314,True,calibration,,False,False,spline_residual,3,15.0,47.28431872625241
external_dual_three_phase_flt0z_load_30nm,30.0,0,,True,0,2,47.28431872625241,True,calibration,,False,False,spline_residual,3,15.0,47.28431872625241
external_dual_three_phase_flt0z_load_30nm,30.0,0,,True,1,2,5.920916613319063,True,calibration,,False,False,spline_residual,3,15.0,47.28431872625241
external_dual_three_phase_flt0z_load_30nm,30.0,0,,True,2,2,1.096370380795967,True,calibration,,False,False,spline_residual,3,15.0,47.28431872625241
external_dual_three_phase_flt0z_load_30nm,30.0,0,,True,3,2,1.0254765808619222,True,calibration,,False,False,spline_residual,3,15.0,47.28431872625241
external_dual_three_phase_flt0z_load_30nm,30.0,0,,True,4,2,0.9276209034812628,True,calibration,,False,False,spline_residual,3,15.0,47.28431872625241
external_dual_three_phase_flt0z_load_30nm,30.0,0,,True,5,2,0.7319879809074332,True,calibration,,False,False,spline_residual,3,15.0,47.28431872625241
external_dual_three_phase_flt0z_load_30nm,30.0,0,,True,6,2,1.1841063050033263,True,calibration,,False,False,spline_residual,3,15.0,47.28431872625241
external_dual_three_phase_flt0z_load_30nm,30.0,0,,True,7,2,1.5669320993382887,True,calibration,,False,False,spline_residual,3,15.0,47.28431872625241
external_dual_three_phase_flt0z_load_5nm,5.0,0,,True,0,2,44.73699038758596,True,calibration,,False,False,spline_residual,3,15.0,47.28431872625241
external_dual_three_phase_flt0z_load_5nm,5.0,0,,True,1,2,7.44876633255657,True,calibration,,False,False,spline_residual,3,15.0,47.28431872625241
external_dual_three_phase_flt0z_load_5nm,5.0,0,,True,2,2,2.266644916231507,True,calibration,,False,False,spline_residual,3,15.0,47.28431872625241
external_dual_three_phase_flt0z_load_5nm,5.0,0,,True,3,2,2.5056894617420506,True,calibration,,False,False,spline_residual,3,15.0,47.28431872625241
external_dual_three_phase_flt0z_load_5nm,5.0,0,,True,4,2,3.3255134761672704,True,calibration,,False,False,spline_residual,3,15.0,47.28431872625241
external_dual_three_phase_flt0z_load_5nm,5.0,0,,True,5,2,3.9084372048838683,True,calibration,,False,False,spline_residual,3,15.0,47.28431872625241
external_dual_three_phase_flt0z_load_5nm,5.0,0,,True,6,2,5.279277570838877,True,calibration,,False,False,spline_residual,3,15.0,47.28431872625241
external_dual_three_phase_flt0z_load_5nm,5.0,0,,True,7,2,10.128430954795283,True,calibration,,False,False,spline_residual,3,15.0,47.28431872625241
external_dual_three_phase_flt1zu_load_15nm,15.0,1,u,False,0,2,47.64278654323375,True,fault_test,0.04,True,True,spline_residual,3,15.0,47.28431872625241
external_dual_three_phase_flt1zu_load_15nm,15.0,1,u,False,1,2,10.15727398094742,True,fault_test,0.16,False,False,spline_residual,3,15.0,47.28431872625241
external_dual_three_phase_flt1zu_load_15nm,15.0,1,u,False,2,2,12.921033181903557,True,fault_test,0.16,False,False,spline_residual,3,15.0,47.28431872625241
external_dual_three_phase_flt1zu_load_15nm,15.0,1,u,False,3,2,23.669455489818795,True,fault_test,0.16,False,False,spline_residual,3,15.0,47.28431872625241
external_dual_three_phase_flt1zu_load_15nm,15.0,1,u,False,4,2,51.022690074829384,True,fault_test,0.04,True,True,spline_residual,3,15.0,47.28431872625241
external_dual_three_phase_flt1zu_load_15nm,15.0,1,u,False,5,2,96.54876392482345,True,fault_test,0.04,True,True,spline_residual,3,15.0,47.28431872625241
external_dual_three_phase_flt1zu_load_15nm,15.0,1,u,False,6,2,178.4390579787077,True,fault_test,0.04,True,True,spline_residual,3,15.0,47.28431872625241
external_dual_three_phase_flt1zu_load_15nm,15.0,1,u,False,7,2,346.9221586801408,True,fault_test,0.04,True,True,spline_residual,3,15.0,47.28431872625241
external_dual_three_phase_flt2zv_load_15nm,15.0,2,v,False,0,2,41.22311255263628,True,fault_test,0.12,False,False,spline_residual,3,15.0,47.28431872625241
external_dual_three_phase_flt2zv_load_15nm,15.0,2,v,False,1,2,25.572802508074606,True,fault_test,0.16,False,False,spline_residual,3,15.0,47.28431872625241
external_dual_three_phase_flt2zv_load_15nm,15.0,2,v,False,2,2,60.344938837604616,True,fault_test,0.04,True,True,spline_residual,3,15.0,47.28431872625241
external_dual_three_phase_flt2zv_load_15nm,15.0,2,v,False,3,2,134.45513073668707,True,fault_test,0.04,True,True,spline_residual,3,15.0,47.28431872625241
external_dual_three_phase_flt2zv_load_15nm,15.0,2,v,False,4,2,254.49974535675963,True,fault_test,0.04,True,True,spline_residual,3,15.0,47.28431872625241
external_dual_three_phase_flt2zv_load_15nm,15.0,2,v,False,5,2,428.1085166916537,True,fault_test,0.04,True,True,spline_residual,3,15.0,47.28431872625241
external_dual_three_phase_flt2zv_load_15nm,15.0,2,v,False,6,2,683.2013550577421,True,fault_test,0.04,True,True,spline_residual,3,15.0,47.28431872625241
external_dual_three_phase_flt2zv_load_15nm,15.0,2,v,False,7,2,1133.0244014018115,True,fault_test,0.04,True,True,spline_residual,3,15.0,47.28431872625241
external_dual_three_phase_flt3zu_load_15nm,15.0,3,u,False,0,2,58.02019658833126,True,fault_test,0.04,True,True,spline_residual,3,15.0,47.28431872625241
external_dual_three_phase_flt3zu_load_15nm,15.0,3,u,False,1,2,102.41783038844129,True,fault_test,0.04,True,True,spline_residual,3,15.0,47.28431872625241
external_dual_three_phase_flt3zu_load_15nm,15.0,3,u,False,2,2,174.35906392545203,True,fault_test,0.04,True,True,spline_residual,3,15.0,47.28431872625241
external_dual_three_phase_flt3zu_load_15nm,15.0,3,u,False,3,2,344.16407035859186,True,fault_test,0.04,True,True,spline_residual,3,15.0,47.28431872625241
external_dual_three_phase_flt3zu_load_15nm,15.0,3,u,False,4,2,610.2973355449625,True,fault_test,0.04,True,True,spline_residual,3,15.0,47.28431872625241
external_dual_three_phase_flt3zu_load_15nm,15.0,3,u,False,5,2,906.7294390892835,True,fault_test,0.04,True,True,spline_residual,3,15.0,47.28431872625241
external_dual_three_phase_flt3zu_load_15nm,15.0,3,u,False,6,2,1374.995907087123,True,fault_test,0.04,True,True,spline_residual,3,15.0,47.28431872625241
external_dual_three_phase_flt3zu_load_15nm,15.0,3,u,False,7,2,2152.663019142343,True,fault_test,0.04,True,True,spline_residual,3,15.0,47.28431872625241
external_dual_three_phase_flt4zv_load_15nm,15.0,4,v,False,0,2,41.80381255724224,True,fault_test,0.12,False,False,spline_residual,3,15.0,47.28431872625241
external_dual_three_phase_flt4zv_load_15nm,15.0,4,v,False,1,2,67.95655026475708,True,fault_test,0.04,True,True,spline_residual,3,15.0,47.28431872625241
external_dual_three_phase_flt4zv_load_15nm,15.0,4,v,False,2,2,147.106655845393,True,fault_test,0.04,True,True,spline_residual,3,15.0,47.28431872625241
external_dual_three_phase_flt4zv_load_15nm,15.0,4,v,False,3,2,267.3956688412641,True,fault_test,0.04,True,True,spline_residual,3,15.0,47.28431872625241
external_dual_three_phase_flt4zv_load_15nm,15.0,4,v,False,4,2,453.5627390362167,True,fault_test,0.04,True,True,spline_residual,3,15.0,47.28431872625241
external_dual_three_phase_flt4zv_load_15nm,15.0,4,v,False,5,2,707.0980846305474,True,fault_test,0.04,True,True,spline_residual,3,15.0,47.28431872625241
external_dual_three_phase_flt4zv_load_15nm,15.0,4,v,False,6,2,1038.7421759489919,True,fault_test,0.04,True,True,spline_residual,3,15.0,47.28431872625241
external_dual_three_phase_flt4zv_load_15nm,15.0,4,v,False,7,2,1643.3187840409419,True,fault_test,0.04,True,True,spline_residual,3,15.0,47.28431872625241
external_dual_three_phase_flt5zu_load_15nm,15.0,5,u,False,0,2,77.60026647163156,True,fault_test,0.04,True,True,spline_residual,3,15.0,47.28431872625241
external_dual_three_phase_flt5zu_load_15nm,15.0,5,u,False,1,2,103.22589832197863,True,fault_test,0.04,True,True,spline_residual,3,15.0,47.28431872625241
external_dual_three_phase_flt5zu_load_15nm,15.0,5,u,False,2,2,147.28942129614322,True,fault_test,0.04,True,True,spline_residual,3,15.0,47.28431872625241
external_dual_three_phase_flt5zu_load_15nm,15.0,5,u,False,3,2,250.1371817882346,True,fault_test,0.04,True,True,spline_residual,3,15.0,47.28431872625241
external_dual_three_phase_flt5zu_load_15nm,15.0,5,u,False,4,2,400.2978794994702,True,fault_test,0.04,True,True,spline_residual,3,15.0,47.28431872625241
external_dual_three_phase_flt5zu_load_15nm,15.0,5,u,False,5,2,570.308096091462,True,fault_test,0.04,True,True,spline_residual,3,15.0,47.28431872625241
external_dual_three_phase_flt5zu_load_15nm,15.0,5,u,False,6,2,820.8200307715657,True,fault_test,0.04,True,True,spline_residual,3,15.0,47.28431872625241
external_dual_three_phase_flt5zu_load_15nm,15.0,5,u,False,7,2,1277.1275487973953,True,fault_test,0.04,True,True,spline_residual,3,15.0,47.28431872625241
external_dual_three_phase_flt6zu_load_15nm,15.0,6,u,False,0,2,70.7103009173359,True,fault_test,0.04,True,True,spline_residual,3,15.0,47.28431872625241
external_dual_three_phase_flt6zu_load_15nm,15.0,6,u,False,1,2,119.37664378161492,True,fault_test,0.04,True,True,spline_residual,3,15.0,47.28431872625241
external_dual_three_phase_flt6zu_load_15nm,15.0,6,u,False,2,2,164.9451871809346,True,fault_test,0.04,True,True,spline_residual,3,15.0,47.28431872625241
external_dual_three_phase_flt6zu_load_15nm,15.0,6,u,False,3,2,258.47014831276914,True,fault_test,0.04,True,True,spline_residual,3,15.0,47.28431872625241
external_dual_three_phase_flt6zu_load_15nm,15.0,6,u,False,4,2,413.78676703876226,True,fault_test,0.04,True,True,spline_residual,3,15.0,47.28431872625241
external_dual_three_phase_flt6zu_load_15nm,15.0,6,u,False,5,2,603.7933582382143,True,fault_test,0.04,True,True,spline_residual,3,15.0,47.28431872625241
external_dual_three_phase_flt6zu_load_15nm,15.0,6,u,False,6,2,881.7769860334639,True,fault_test,0.04,True,True,spline_residual,3,15.0,47.28431872625241
external_dual_three_phase_flt6zu_load_15nm,15.0,6,u,False,7,2,1344.515373776162,True,fault_test,0.04,True,True,spline_residual,3,15.0,47.28431872625241
external_dual_three_phase_flt0z_load_15nm,15.0,0,,True,0,2,77.43055128987774,True,health_test,0.04,True,True,spline_local_scale,3,15.0,58.43330658559447
external_dual_three_phase_flt0z_load_15nm,15.0,0,,True,1,2,15.509644980698539,True,health_test,0.28,False,False,spline_local_scale,3,15.0,58.43330658559447
external_dual_three_phase_flt0z_load_15nm,15.0,0,,True,2,2,5.822258145219016,True,health_test,0.6,False,False,spline_local_scale,3,15.0,58.43330658559447
external_dual_three_phase_flt0z_load_15nm,15.0,0,,True,3,2,5.278239757960481,True,health_test,0.6,False,False,spline_local_scale,3,15.0,58.43330658559447
external_dual_three_phase_flt0z_load_15nm,15.0,0,,True,4,2,5.450592269090141,True,health_test,0.6,False,False,spline_local_scale,3,15.0,58.43330658559447
external_dual_three_phase_flt0z_load_15nm,15.0,0,,True,5,2,4.724653573536501,True,health_test,0.6,False,False,spline_local_scale,3,15.0,58.43330658559447
external_dual_three_phase_flt0z_load_15nm,15.0,0,,True,6,2,5.487709646523845,True,health_test,0.6,False,False,spline_local_scale,3,15.0,58.43330658559447
external_dual_three_phase_flt0z_load_15nm,15.0,0,,True,7,2,6.877239499763077,True,health_test,0.48,False,False,spline_local_scale,3,15.0,58.43330658559447
external_dual_three_phase_flt0z_load_25nm,25.0,0,,True,0,2,16.07135863174413,True,calibration,,False,False,spline_local_scale,3,15.0,58.43330658559447
external_dual_three_phase_flt0z_load_25nm,25.0,0,,True,1,2,6.174801507285976,True,calibration,,False,False,spline_local_scale,3,15.0,58.43330658559447
external_dual_three_phase_flt0z_load_25nm,25.0,0,,True,2,2,2.4650207444183208,True,calibration,,False,False,spline_local_scale,3,15.0,58.43330658559447
external_dual_three_phase_flt0z_load_25nm,25.0,0,,True,3,2,1.8466329776756387,True,calibration,,False,False,spline_local_scale,3,15.0,58.43330658559447
external_dual_three_phase_flt0z_load_25nm,25.0,0,,True,4,2,2.435620275059696,True,calibration,,False,False,spline_local_scale,3,15.0,58.43330658559447
external_dual_three_phase_flt0z_load_25nm,25.0,0,,True,5,2,3.531618846673096,True,calibration,,False,False,spline_local_scale,3,15.0,58.43330658559447
external_dual_three_phase_flt0z_load_25nm,25.0,0,,True,6,2,4.308324011252198,True,calibration,,False,False,spline_local_scale,3,15.0,58.43330658559447
external_dual_three_phase_flt0z_load_25nm,25.0,0,,True,7,2,3.0562765381242167,True,calibration,,False,False,spline_local_scale,3,15.0,58.43330658559447
external_dual_three_phase_flt0z_load_30nm,30.0,0,,True,0,2,15.777310623174433,True,calibration,,False,False,spline_local_scale,3,15.0,58.43330658559447
external_dual_three_phase_flt0z_load_30nm,30.0,0,,True,1,2,7.735239662818222,True,calibration,,False,False,spline_local_scale,3,15.0,58.43330658559447
external_dual_three_phase_flt0z_load_30nm,30.0,0,,True,2,2,2.476588542234717,True,calibration,,False,False,spline_local_scale,3,15.0,58.43330658559447
external_dual_three_phase_flt0z_load_30nm,30.0,0,,True,3,2,1.9696068587806215,True,calibration,,False,False,spline_local_scale,3,15.0,58.43330658559447
external_dual_three_phase_flt0z_load_30nm,30.0,0,,True,4,2,3.2036269960727504,True,calibration,,False,False,spline_local_scale,3,15.0,58.43330658559447
external_dual_three_phase_flt0z_load_30nm,30.0,0,,True,5,2,6.39716753005971,True,calibration,,False,False,spline_local_scale,3,15.0,58.43330658559447
external_dual_three_phase_flt0z_load_30nm,30.0,0,,True,6,2,6.283625869771379,True,calibration,,False,False,spline_local_scale,3,15.0,58.43330658559447
external_dual_three_phase_flt0z_load_30nm,30.0,0,,True,7,2,2.998272190421574,True,calibration,,False,False,spline_local_scale,3,15.0,58.43330658559447
external_dual_three_phase_flt0z_load_5nm,5.0,0,,True,0,2,58.43330658559447,True,calibration,,False,False,spline_local_scale,3,15.0,58.43330658559447
external_dual_three_phase_flt0z_load_5nm,5.0,0,,True,1,2,20.313923137213045,True,calibration,,False,False,spline_local_scale,3,15.0,58.43330658559447
external_dual_three_phase_flt0z_load_5nm,5.0,0,,True,2,2,11.024746905532943,True,calibration,,False,False,spline_local_scale,3,15.0,58.43330658559447
external_dual_three_phase_flt0z_load_5nm,5.0,0,,True,3,2,10.090148952178557,True,calibration,,False,False,spline_local_scale,3,15.0,58.43330658559447
external_dual_three_phase_flt0z_load_5nm,5.0,0,,True,4,2,12.480137877158697,True,calibration,,False,False,spline_local_scale,3,15.0,58.43330658559447
external_dual_three_phase_flt0z_load_5nm,5.0,0,,True,5,2,13.938198658382468,True,calibration,,False,False,spline_local_scale,3,15.0,58.43330658559447
external_dual_three_phase_flt0z_load_5nm,5.0,0,,True,6,2,17.001394664524597,True,calibration,,False,False,spline_local_scale,3,15.0,58.43330658559447
external_dual_three_phase_flt0z_load_5nm,5.0,0,,True,7,2,31.238312467156568,True,calibration,,False,False,spline_local_scale,3,15.0,58.43330658559447
external_dual_three_phase_flt1zu_load_15nm,15.0,1,u,False,0,2,60.19727870151117,True,fault_test,0.04,True,True,spline_local_scale,3,15.0,58.43330658559447
external_dual_three_phase_flt1zu_load_15nm,15.0,1,u,False,1,2,27.586784421854112,True,fault_test,0.12,False,False,spline_local_scale,3,15.0,58.43330658559447
external_dual_three_phase_flt1zu_load_15nm,15.0,1,u,False,2,2,34.673579211306276,True,fault_test,0.08,False,False,spline_local_scale,3,15.0,58.43330658559447
external_dual_three_phase_flt1zu_load_15nm,15.0,1,u,False,3,2,62.06866370560773,True,fault_test,0.04,True,True,spline_local_scale,3,15.0,58.43330658559447
external_dual_three_phase_flt1zu_load_15nm,15.0,1,u,False,4,2,120.48953523809362,True,fault_test,0.04,True,True,spline_local_scale,3,15.0,58.43330658559447
external_dual_three_phase_flt1zu_load_15nm,15.0,1,u,False,5,2,245.3219966448335,True,fault_test,0.04,True,True,spline_local_scale,3,15.0,58.43330658559447
external_dual_three_phase_flt1zu_load_15nm,15.0,1,u,False,6,2,504.43004565131145,True,fault_test,0.04,True,True,spline_local_scale,3,15.0,58.43330658559447
external_dual_three_phase_flt1zu_load_15nm,15.0,1,u,False,7,2,1222.0969998278765,True,fault_test,0.04,True,True,spline_local_scale,3,15.0,58.43330658559447
external_dual_three_phase_flt2zv_load_15nm,15.0,2,v,False,0,2,56.05088378832227,True,fault_test,0.08,False,False,spline_local_scale,3,15.0,58.43330658559447
external_dual_three_phase_flt2zv_load_15nm,15.0,2,v,False,1,2,76.94356249755701,True,fault_test,0.04,True,True,spline_local_scale,3,15.0,58.43330658559447
external_dual_three_phase_flt2zv_load_15nm,15.0,2,v,False,2,2,190.78271912542013,True,fault_test,0.04,True,True,spline_local_scale,3,15.0,58.43330658559447
external_dual_three_phase_flt2zv_load_15nm,15.0,2,v,False,3,2,418.9093779922196,True,fault_test,0.04,True,True,spline_local_scale,3,15.0,58.43330658559447
external_dual_three_phase_flt2zv_load_15nm,15.0,2,v,False,4,2,724.7446414784133,True,fault_test,0.04,True,True,spline_local_scale,3,15.0,58.43330658559447
external_dual_three_phase_flt2zv_load_15nm,15.0,2,v,False,5,2,1158.5659588765427,True,fault_test,0.04,True,True,spline_local_scale,3,15.0,58.43330658559447
external_dual_three_phase_flt2zv_load_15nm,15.0,2,v,False,6,2,1873.2510258990492,True,fault_test,0.04,True,True,spline_local_scale,3,15.0,58.43330658559447
external_dual_three_phase_flt2zv_load_15nm,15.0,2,v,False,7,2,3520.601326767981,True,fault_test,0.04,True,True,spline_local_scale,3,15.0,58.43330658559447
external_dual_three_phase_flt3zu_load_15nm,15.0,3,u,False,0,2,104.18544148607239,True,fault_test,0.04,True,True,spline_local_scale,3,15.0,58.43330658559447
external_dual_three_phase_flt3zu_load_15nm,15.0,3,u,False,1,2,252.67563865412242,True,fault_test,0.04,True,True,spline_local_scale,3,15.0,58.43330658559447
external_dual_three_phase_flt3zu_load_15nm,15.0,3,u,False,2,2,417.06377216025203,True,fault_test,0.04,True,True,spline_local_scale,3,15.0,58.43330658559447
external_dual_three_phase_flt3zu_load_15nm,15.0,3,u,False,3,2,818.7479037423573,True,fault_test,0.04,True,True,spline_local_scale,3,15.0,58.43330658559447
external_dual_three_phase_flt3zu_load_15nm,15.0,3,u,False,4,2,1445.7233611968945,True,fault_test,0.04,True,True,spline_local_scale,3,15.0,58.43330658559447
external_dual_three_phase_flt3zu_load_15nm,15.0,3,u,False,5,2,2304.3502389835917,True,fault_test,0.04,True,True,spline_local_scale,3,15.0,58.43330658559447
external_dual_three_phase_flt3zu_load_15nm,15.0,3,u,False,6,2,3797.225893309893,True,fault_test,0.04,True,True,spline_local_scale,3,15.0,58.43330658559447
external_dual_three_phase_flt3zu_load_15nm,15.0,3,u,False,7,2,7204.811616303305,True,fault_test,0.04,True,True,spline_local_scale,3,15.0,58.43330658559447
external_dual_three_phase_flt4zv_load_15nm,15.0,4,v,False,0,2,81.75819980167674,True,fault_test,0.04,True,True,spline_local_scale,3,15.0,58.43330658559447
external_dual_three_phase_flt4zv_load_15nm,15.0,4,v,False,1,2,202.18007682554307,True,fault_test,0.04,True,True,spline_local_scale,3,15.0,58.43330658559447
external_dual_three_phase_flt4zv_load_15nm,15.0,4,v,False,2,2,454.6361830187576,True,fault_test,0.04,True,True,spline_local_scale,3,15.0,58.43330658559447
external_dual_three_phase_flt4zv_load_15nm,15.0,4,v,False,3,2,798.2512411642301,True,fault_test,0.04,True,True,spline_local_scale,3,15.0,58.43330658559447
external_dual_three_phase_flt4zv_load_15nm,15.0,4,v,False,4,2,1225.9176716935553,True,fault_test,0.04,True,True,spline_local_scale,3,15.0,58.43330658559447
external_dual_three_phase_flt4zv_load_15nm,15.0,4,v,False,5,2,1831.0926615868545,True,fault_test,0.04,True,True,spline_local_scale,3,15.0,58.43330658559447
external_dual_three_phase_flt4zv_load_15nm,15.0,4,v,False,6,2,2784.0351046013147,True,fault_test,0.04,True,True,spline_local_scale,3,15.0,58.43330658559447
external_dual_three_phase_flt4zv_load_15nm,15.0,4,v,False,7,2,5007.181627046546,True,fault_test,0.04,True,True,spline_local_scale,3,15.0,58.43330658559447
external_dual_three_phase_flt5zu_load_15nm,15.0,5,u,False,0,2,133.60831602093114,True,fault_test,0.04,True,True,spline_local_scale,3,15.0,58.43330658559447
external_dual_three_phase_flt5zu_load_15nm,15.0,5,u,False,1,2,256.11421034694797,True,fault_test,0.04,True,True,spline_local_scale,3,15.0,58.43330658559447
external_dual_three_phase_flt5zu_load_15nm,15.0,5,u,False,2,2,398.12358169623195,True,fault_test,0.04,True,True,spline_local_scale,3,15.0,58.43330658559447
external_dual_three_phase_flt5zu_load_15nm,15.0,5,u,False,3,2,727.1418835710876,True,fault_test,0.04,True,True,spline_local_scale,3,15.0,58.43330658559447
external_dual_three_phase_flt5zu_load_15nm,15.0,5,u,False,4,2,1164.032909240902,True,fault_test,0.04,True,True,spline_local_scale,3,15.0,58.43330658559447
external_dual_three_phase_flt5zu_load_15nm,15.0,5,u,False,5,2,1741.6026878522619,True,fault_test,0.04,True,True,spline_local_scale,3,15.0,58.43330658559447
external_dual_three_phase_flt5zu_load_15nm,15.0,5,u,False,6,2,2579.1688648378395,True,fault_test,0.04,True,True,spline_local_scale,3,15.0,58.43330658559447
external_dual_three_phase_flt5zu_load_15nm,15.0,5,u,False,7,2,4955.602063967374,True,fault_test,0.04,True,True,spline_local_scale,3,15.0,58.43330658559447
external_dual_three_phase_flt6zu_load_15nm,15.0,6,u,False,0,2,119.5920900396766,True,fault_test,0.04,True,True,spline_local_scale,3,15.0,58.43330658559447
external_dual_three_phase_flt6zu_load_15nm,15.0,6,u,False,1,2,301.6757804903092,True,fault_test,0.04,True,True,spline_local_scale,3,15.0,58.43330658559447
external_dual_three_phase_flt6zu_load_15nm,15.0,6,u,False,2,2,452.7434120948939,True,fault_test,0.04,True,True,spline_local_scale,3,15.0,58.43330658559447
external_dual_three_phase_flt6zu_load_15nm,15.0,6,u,False,3,2,762.0672118381294,True,fault_test,0.04,True,True,spline_local_scale,3,15.0,58.43330658559447
external_dual_three_phase_flt6zu_load_15nm,15.0,6,u,False,4,2,1233.3149359547424,True,fault_test,0.04,True,True,spline_local_scale,3,15.0,58.43330658559447
external_dual_three_phase_flt6zu_load_15nm,15.0,6,u,False,5,2,1856.4128306870814,True,fault_test,0.04,True,True,spline_local_scale,3,15.0,58.43330658559447
external_dual_three_phase_flt6zu_load_15nm,15.0,6,u,False,6,2,2781.5314106727483,True,fault_test,0.04,True,True,spline_local_scale,3,15.0,58.43330658559447
external_dual_three_phase_flt6zu_load_15nm,15.0,6,u,False,7,2,5230.495097784261,True,fault_test,0.04,True,True,spline_local_scale,3,15.0,58.43330658559447
external_dual_three_phase_flt0z_load_15nm,15.0,0,,True,0,2,0.45768945339565026,True,health_test,0.16,False,False,isolation_forest,3,15.0,0.5030672701179747
external_dual_three_phase_flt0z_load_15nm,15.0,0,,True,1,2,0.3882254762941275,True,health_test,0.44,False,False,isolation_forest,3,15.0,0.5030672701179747
external_dual_three_phase_flt0z_load_15nm,15.0,0,,True,2,2,0.36895560692140417,True,health_test,0.48,False,False,isolation_forest,3,15.0,0.5030672701179747
external_dual_three_phase_flt0z_load_15nm,15.0,0,,True,3,2,0.36011197072743145,True,health_test,0.56,False,False,isolation_forest,3,15.0,0.5030672701179747
external_dual_three_phase_flt0z_load_15nm,15.0,0,,True,4,2,0.35774493979446,True,health_test,0.6,False,False,isolation_forest,3,15.0,0.5030672701179747
external_dual_three_phase_flt0z_load_15nm,15.0,0,,True,5,2,0.358132279138715,True,health_test,0.6,False,False,isolation_forest,3,15.0,0.5030672701179747
external_dual_three_phase_flt0z_load_15nm,15.0,0,,True,6,2,0.36276584918194954,True,health_test,0.56,False,False,isolation_forest,3,15.0,0.5030672701179747
external_dual_three_phase_flt0z_load_15nm,15.0,0,,True,7,2,0.37679319125679755,True,health_test,0.44,False,False,isolation_forest,3,15.0,0.5030672701179747
external_dual_three_phase_flt0z_load_25nm,25.0,0,,True,0,2,0.46188719527592254,True,calibration,,False,False,isolation_forest,3,15.0,0.5030672701179747
external_dual_three_phase_flt0z_load_25nm,25.0,0,,True,1,2,0.3679018063465907,True,calibration,,False,False,isolation_forest,3,15.0,0.5030672701179747
external_dual_three_phase_flt0z_load_25nm,25.0,0,,True,2,2,0.35551674209267403,True,calibration,,False,False,isolation_forest,3,15.0,0.5030672701179747
external_dual_three_phase_flt0z_load_25nm,25.0,0,,True,3,2,0.3485962908196809,True,calibration,,False,False,isolation_forest,3,15.0,0.5030672701179747
external_dual_three_phase_flt0z_load_25nm,25.0,0,,True,4,2,0.3419852103781092,True,calibration,,False,False,isolation_forest,3,15.0,0.5030672701179747
external_dual_three_phase_flt0z_load_25nm,25.0,0,,True,5,2,0.34814017194279984,True,calibration,,False,False,isolation_forest,3,15.0,0.5030672701179747
external_dual_three_phase_flt0z_load_25nm,25.0,0,,True,6,2,0.34752516854697263,True,calibration,,False,False,isolation_forest,3,15.0,0.5030672701179747
external_dual_three_phase_flt0z_load_25nm,25.0,0,,True,7,2,0.36311462466231437,True,calibration,,False,False,isolation_forest,3,15.0,0.5030672701179747
external_dual_three_phase_flt0z_load_30nm,30.0,0,,True,0,2,0.460241675060725,True,calibration,,False,False,isolation_forest,3,15.0,0.5030672701179747
external_dual_three_phase_flt0z_load_30nm,30.0,0,,True,1,2,0.37238112579474514,True,calibration,,False,False,isolation_forest,3,15.0,0.5030672701179747
external_dual_three_phase_flt0z_load_30nm,30.0,0,,True,2,2,0.3518503277903133,True,calibration,,False,False,isolation_forest,3,15.0,0.5030672701179747
external_dual_three_phase_flt0z_load_30nm,30.0,0,,True,3,2,0.3450389394923414,True,calibration,,False,False,isolation_forest,3,15.0,0.5030672701179747
external_dual_three_phase_flt0z_load_30nm,30.0,0,,True,4,2,0.3470499917378669,True,calibration,,False,False,isolation_forest,3,15.0,0.5030672701179747
external_dual_three_phase_flt0z_load_30nm,30.0,0,,True,5,2,0.34666927601532865,True,calibration,,False,False,isolation_forest,3,15.0,0.5030672701179747
external_dual_three_phase_flt0z_load_30nm,30.0,0,,True,6,2,0.35210942251869903,True,calibration,,False,False,isolation_forest,3,15.0,0.5030672701179747
external_dual_three_phase_flt0z_load_30nm,30.0,0,,True,7,2,0.35936780225847764,True,calibration,,False,False,isolation_forest,3,15.0,0.5030672701179747
external_dual_three_phase_flt0z_load_5nm,5.0,0,,True,0,2,0.5030672701179747,True,calibration,,False,False,isolation_forest,3,15.0,0.5030672701179747
external_dual_three_phase_flt0z_load_5nm,5.0,0,,True,1,2,0.4235126559845609,True,calibration,,False,False,isolation_forest,3,15.0,0.5030672701179747
external_dual_three_phase_flt0z_load_5nm,5.0,0,,True,2,2,0.4098467142587631,True,calibration,,False,False,isolation_forest,3,15.0,0.5030672701179747
external_dual_three_phase_flt0z_load_5nm,5.0,0,,True,3,2,0.4180731439242888,True,calibration,,False,False,isolation_forest,3,15.0,0.5030672701179747
external_dual_three_phase_flt0z_load_5nm,5.0,0,,True,4,2,0.42482251655304554,True,calibration,,False,False,isolation_forest,3,15.0,0.5030672701179747
external_dual_three_phase_flt0z_load_5nm,5.0,0,,True,5,2,0.4285850009994694,True,calibration,,False,False,isolation_forest,3,15.0,0.5030672701179747
external_dual_three_phase_flt0z_load_5nm,5.0,0,,True,6,2,0.4411702888947177,True,calibration,,False,False,isolation_forest,3,15.0,0.5030672701179747
external_dual_three_phase_flt0z_load_5nm,5.0,0,,True,7,2,0.4576418536739055,True,calibration,,False,False,isolation_forest,3,15.0,0.5030672701179747
external_dual_three_phase_flt1zu_load_15nm,15.0,1,u,False,0,2,0.4701306426251116,True,fault_test,0.08,False,False,isolation_forest,3,15.0,0.5030672701179747
external_dual_three_phase_flt1zu_load_15nm,15.0,1,u,False,1,2,0.4208661019901708,True,fault_test,0.36,False,False,isolation_forest,3,15.0,0.5030672701179747
external_dual_three_phase_flt1zu_load_15nm,15.0,1,u,False,2,2,0.4484879870369856,True,fault_test,0.2,False,False,isolation_forest,3,15.0,0.5030672701179747
external_dual_three_phase_flt1zu_load_15nm,15.0,1,u,False,3,2,0.4462561321691662,True,fault_test,0.2,False,False,isolation_forest,3,15.0,0.5030672701179747
external_dual_three_phase_flt1zu_load_15nm,15.0,1,u,False,4,2,0.4576864164417826,True,fault_test,0.16,False,False,isolation_forest,3,15.0,0.5030672701179747
external_dual_three_phase_flt1zu_load_15nm,15.0,1,u,False,5,2,0.465404583689213,True,fault_test,0.08,False,False,isolation_forest,3,15.0,0.5030672701179747
external_dual_three_phase_flt1zu_load_15nm,15.0,1,u,False,6,2,0.4897100651528958,True,fault_test,0.08,False,False,isolation_forest,3,15.0,0.5030672701179747
external_dual_three_phase_flt1zu_load_15nm,15.0,1,u,False,7,2,0.5220681340217833,True,fault_test,0.04,True,True,isolation_forest,3,15.0,0.5030672701179747
external_dual_three_phase_flt2zv_load_15nm,15.0,2,v,False,0,2,0.46549389114970147,True,fault_test,0.08,False,False,isolation_forest,3,15.0,0.5030672701179747
external_dual_three_phase_flt2zv_load_15nm,15.0,2,v,False,1,2,0.4365438735844489,True,fault_test,0.24,False,False,isolation_forest,3,15.0,0.5030672701179747
external_dual_three_phase_flt2zv_load_15nm,15.0,2,v,False,2,2,0.4744040788339932,True,fault_test,0.08,False,False,isolation_forest,3,15.0,0.5030672701179747
external_dual_three_phase_flt2zv_load_15nm,15.0,2,v,False,3,2,0.5229238889593545,True,fault_test,0.04,True,True,isolation_forest,3,15.0,0.5030672701179747
external_dual_three_phase_flt2zv_load_15nm,15.0,2,v,False,4,2,0.5485035519003411,True,fault_test,0.04,True,True,isolation_forest,3,15.0,0.5030672701179747
external_dual_three_phase_flt2zv_load_15nm,15.0,2,v,False,5,2,0.5793467379489281,True,fault_test,0.04,True,True,isolation_forest,3,15.0,0.5030672701179747
external_dual_three_phase_flt2zv_load_15nm,15.0,2,v,False,6,2,0.5977032487704939,True,fault_test,0.04,True,True,isolation_forest,3,15.0,0.5030672701179747
external_dual_three_phase_flt2zv_load_15nm,15.0,2,v,False,7,2,0.6074447385155113,True,fault_test,0.04,True,True,isolation_forest,3,15.0,0.5030672701179747
external_dual_three_phase_flt3zu_load_15nm,15.0,3,u,False,0,2,0.4778628026936951,True,fault_test,0.08,False,False,isolation_forest,3,15.0,0.5030672701179747
external_dual_three_phase_flt3zu_load_15nm,15.0,3,u,False,1,2,0.47513325594327,True,fault_test,0.08,False,False,isolation_forest,3,15.0,0.5030672701179747
external_dual_three_phase_flt3zu_load_15nm,15.0,3,u,False,2,2,0.49706640271980035,True,fault_test,0.08,False,False,isolation_forest,3,15.0,0.5030672701179747
external_dual_three_phase_flt3zu_load_15nm,15.0,3,u,False,3,2,0.52470722705835,True,fault_test,0.04,True,True,isolation_forest,3,15.0,0.5030672701179747
external_dual_three_phase_flt3zu_load_15nm,15.0,3,u,False,4,2,0.5458239762125161,True,fault_test,0.04,True,True,isolation_forest,3,15.0,0.5030672701179747
external_dual_three_phase_flt3zu_load_15nm,15.0,3,u,False,5,2,0.5515336718911252,True,fault_test,0.04,True,True,isolation_forest,3,15.0,0.5030672701179747
external_dual_three_phase_flt3zu_load_15nm,15.0,3,u,False,6,2,0.5629555422974916,True,fault_test,0.04,True,True,isolation_forest,3,15.0,0.5030672701179747
external_dual_three_phase_flt3zu_load_15nm,15.0,3,u,False,7,2,0.5774120162468113,True,fault_test,0.04,True,True,isolation_forest,3,15.0,0.5030672701179747
external_dual_three_phase_flt4zv_load_15nm,15.0,4,v,False,0,2,0.4759338643793126,True,fault_test,0.08,False,False,isolation_forest,3,15.0,0.5030672701179747
external_dual_three_phase_flt4zv_load_15nm,15.0,4,v,False,1,2,0.480985564955134,True,fault_test,0.08,False,False,isolation_forest,3,15.0,0.5030672701179747
external_dual_three_phase_flt4zv_load_15nm,15.0,4,v,False,2,2,0.5279656548324355,True,fault_test,0.04,True,True,isolation_forest,3,15.0,0.5030672701179747
external_dual_three_phase_flt4zv_load_15nm,15.0,4,v,False,3,2,0.5649960895232632,True,fault_test,0.04,True,True,isolation_forest,3,15.0,0.5030672701179747
external_dual_three_phase_flt4zv_load_15nm,15.0,4,v,False,4,2,0.5944276078104412,True,fault_test,0.04,True,True,isolation_forest,3,15.0,0.5030672701179747
external_dual_three_phase_flt4zv_load_15nm,15.0,4,v,False,5,2,0.6020191362963611,True,fault_test,0.04,True,True,isolation_forest,3,15.0,0.5030672701179747
external_dual_three_phase_flt4zv_load_15nm,15.0,4,v,False,6,2,0.6093916191496955,True,fault_test,0.04,True,True,isolation_forest,3,15.0,0.5030672701179747
external_dual_three_phase_flt4zv_load_15nm,15.0,4,v,False,7,2,0.6164923426878032,True,fault_test,0.04,True,True,isolation_forest,3,15.0,0.5030672701179747
external_dual_three_phase_flt5zu_load_15nm,15.0,5,u,False,0,2,0.5092218746039954,True,fault_test,0.04,True,True,isolation_forest,3,15.0,0.5030672701179747
external_dual_three_phase_flt5zu_load_15nm,15.0,5,u,False,1,2,0.4904874225569761,True,fault_test,0.08,False,False,isolation_forest,3,15.0,0.5030672701179747
external_dual_three_phase_flt5zu_load_15nm,15.0,5,u,False,2,2,0.5075831980930918,True,fault_test,0.04,True,True,isolation_forest,3,15.0,0.5030672701179747
external_dual_three_phase_flt5zu_load_15nm,15.0,5,u,False,3,2,0.5298236389915426,True,fault_test,0.04,True,True,isolation_forest,3,15.0,0.5030672701179747
external_dual_three_phase_flt5zu_load_15nm,15.0,5,u,False,4,2,0.5430255639879878,True,fault_test,0.04,True,True,isolation_forest,3,15.0,0.5030672701179747
external_dual_three_phase_flt5zu_load_15nm,15.0,5,u,False,5,2,0.5477668332256591,True,fault_test,0.04,True,True,isolation_forest,3,15.0,0.5030672701179747
external_dual_three_phase_flt5zu_load_15nm,15.0,5,u,False,6,2,0.5689031992168645,True,fault_test,0.04,True,True,isolation_forest,3,15.0,0.5030672701179747
external_dual_three_phase_flt5zu_load_15nm,15.0,5,u,False,7,2,0.5899859919789702,True,fault_test,0.04,True,True,isolation_forest,3,15.0,0.5030672701179747
external_dual_three_phase_flt6zu_load_15nm,15.0,6,u,False,0,2,0.5055013010674142,True,fault_test,0.04,True,True,isolation_forest,3,15.0,0.5030672701179747
external_dual_three_phase_flt6zu_load_15nm,15.0,6,u,False,1,2,0.4904867389318453,True,fault_test,0.08,False,False,isolation_forest,3,15.0,0.5030672701179747
external_dual_three_phase_flt6zu_load_15nm,15.0,6,u,False,2,2,0.5096723272904209,True,fault_test,0.04,True,True,isolation_forest,3,15.0,0.5030672701179747
external_dual_three_phase_flt6zu_load_15nm,15.0,6,u,False,3,2,0.5255219883087703,True,fault_test,0.04,True,True,isolation_forest,3,15.0,0.5030672701179747
external_dual_three_phase_flt6zu_load_15nm,15.0,6,u,False,4,2,0.5464970842267222,True,fault_test,0.04,True,True,isolation_forest,3,15.0,0.5030672701179747
external_dual_three_phase_flt6zu_load_15nm,15.0,6,u,False,5,2,0.5533411589476867,True,fault_test,0.04,True,True,isolation_forest,3,15.0,0.5030672701179747
external_dual_three_phase_flt6zu_load_15nm,15.0,6,u,False,6,2,0.5734298302268297,True,fault_test,0.04,True,True,isolation_forest,3,15.0,0.5030672701179747
external_dual_three_phase_flt6zu_load_15nm,15.0,6,u,False,7,2,0.5930428918269844,True,fault_test,0.04,True,True,isolation_forest,3,15.0,0.5030672701179747
external_dual_three_phase_flt0z_load_15nm,15.0,0,,True,0,2,306900.19979921705,True,health_test,0.08,False,False,min_cov_det,3,15.0,311779.14390721865
external_dual_three_phase_flt0z_load_15nm,15.0,0,,True,1,2,14559.009567874975,True,health_test,0.2,False,False,min_cov_det,3,15.0,311779.14390721865
external_dual_three_phase_flt0z_load_15nm,15.0,0,,True,2,2,281.28086945060676,True,health_test,0.52,False,False,min_cov_det,3,15.0,311779.14390721865
external_dual_three_phase_flt0z_load_15nm,15.0,0,,True,3,2,96.58468539096532,True,health_test,0.6,False,False,min_cov_det,3,15.0,311779.14390721865
external_dual_three_phase_flt0z_load_15nm,15.0,0,,True,4,2,69.37753465840368,True,health_test,0.6,False,False,min_cov_det,3,15.0,311779.14390721865
external_dual_three_phase_flt0z_load_15nm,15.0,0,,True,5,2,63.22898519850125,True,health_test,0.6,False,False,min_cov_det,3,15.0,311779.14390721865
external_dual_three_phase_flt0z_load_15nm,15.0,0,,True,6,2,98.28210618582601,True,health_test,0.6,False,False,min_cov_det,3,15.0,311779.14390721865
external_dual_three_phase_flt0z_load_15nm,15.0,0,,True,7,2,80.71757424664062,True,health_test,0.6,False,False,min_cov_det,3,15.0,311779.14390721865
external_dual_three_phase_flt0z_load_25nm,25.0,0,,True,0,2,285954.0898500171,True,calibration,,False,False,min_cov_det,3,15.0,311779.14390721865
external_dual_three_phase_flt0z_load_25nm,25.0,0,,True,1,2,14941.49127529171,True,calibration,,False,False,min_cov_det,3,15.0,311779.14390721865
external_dual_three_phase_flt0z_load_25nm,25.0,0,,True,2,2,259.2266112891373,True,calibration,,False,False,min_cov_det,3,15.0,311779.14390721865
external_dual_three_phase_flt0z_load_25nm,25.0,0,,True,3,2,36.56800966895664,True,calibration,,False,False,min_cov_det,3,15.0,311779.14390721865
external_dual_three_phase_flt0z_load_25nm,25.0,0,,True,4,2,38.57418454109041,True,calibration,,False,False,min_cov_det,3,15.0,311779.14390721865
external_dual_three_phase_flt0z_load_25nm,25.0,0,,True,5,2,25.02910736784801,True,calibration,,False,False,min_cov_det,3,15.0,311779.14390721865
external_dual_three_phase_flt0z_load_25nm,25.0,0,,True,6,2,25.247728882704806,True,calibration,,False,False,min_cov_det,3,15.0,311779.14390721865
external_dual_three_phase_flt0z_load_25nm,25.0,0,,True,7,2,52.20363260982313,True,calibration,,False,False,min_cov_det,3,15.0,311779.14390721865
external_dual_three_phase_flt0z_load_30nm,30.0,0,,True,0,2,311779.14390721865,True,calibration,,False,False,min_cov_det,3,15.0,311779.14390721865
external_dual_three_phase_flt0z_load_30nm,30.0,0,,True,1,2,13426.079017817443,True,calibration,,False,False,min_cov_det,3,15.0,311779.14390721865
external_dual_three_phase_flt0z_load_30nm,30.0,0,,True,2,2,218.82354765577864,True,calibration,,False,False,min_cov_det,3,15.0,311779.14390721865
external_dual_three_phase_flt0z_load_30nm,30.0,0,,True,3,2,32.09916129198723,True,calibration,,False,False,min_cov_det,3,15.0,311779.14390721865
external_dual_three_phase_flt0z_load_30nm,30.0,0,,True,4,2,40.61279484329837,True,calibration,,False,False,min_cov_det,3,15.0,311779.14390721865
external_dual_three_phase_flt0z_load_30nm,30.0,0,,True,5,2,32.99169633108123,True,calibration,,False,False,min_cov_det,3,15.0,311779.14390721865
external_dual_three_phase_flt0z_load_30nm,30.0,0,,True,6,2,22.494146615117607,True,calibration,,False,False,min_cov_det,3,15.0,311779.14390721865
external_dual_three_phase_flt0z_load_30nm,30.0,0,,True,7,2,37.89356485137135,True,calibration,,False,False,min_cov_det,3,15.0,311779.14390721865
external_dual_three_phase_flt0z_load_5nm,5.0,0,,True,0,2,289728.4274684302,True,calibration,,False,False,min_cov_det,3,15.0,311779.14390721865
external_dual_three_phase_flt0z_load_5nm,5.0,0,,True,1,2,13557.16813541013,True,calibration,,False,False,min_cov_det,3,15.0,311779.14390721865
external_dual_three_phase_flt0z_load_5nm,5.0,0,,True,2,2,849.0200460999037,True,calibration,,False,False,min_cov_det,3,15.0,311779.14390721865
external_dual_three_phase_flt0z_load_5nm,5.0,0,,True,3,2,1829.6291889441407,True,calibration,,False,False,min_cov_det,3,15.0,311779.14390721865
external_dual_three_phase_flt0z_load_5nm,5.0,0,,True,4,2,7015.211410680408,True,calibration,,False,False,min_cov_det,3,15.0,311779.14390721865
external_dual_three_phase_flt0z_load_5nm,5.0,0,,True,5,2,7408.1167818948115,True,calibration,,False,False,min_cov_det,3,15.0,311779.14390721865
external_dual_three_phase_flt0z_load_5nm,5.0,0,,True,6,2,9178.77703829694,True,calibration,,False,False,min_cov_det,3,15.0,311779.14390721865
external_dual_three_phase_flt0z_load_5nm,5.0,0,,True,7,2,9936.922612314056,True,calibration,,False,False,min_cov_det,3,15.0,311779.14390721865
external_dual_three_phase_flt1zu_load_15nm,15.0,1,u,False,0,2,272132.67772685125,True,fault_test,0.16,False,False,min_cov_det,3,15.0,311779.14390721865
external_dual_three_phase_flt1zu_load_15nm,15.0,1,u,False,1,2,14357.61499709866,True,fault_test,0.2,False,False,min_cov_det,3,15.0,311779.14390721865
external_dual_three_phase_flt1zu_load_15nm,15.0,1,u,False,2,2,1210.4743744524228,True,fault_test,0.48,False,False,min_cov_det,3,15.0,311779.14390721865
external_dual_three_phase_flt1zu_load_15nm,15.0,1,u,False,3,2,1489.483317712166,True,fault_test,0.48,False,False,min_cov_det,3,15.0,311779.14390721865
external_dual_three_phase_flt1zu_load_15nm,15.0,1,u,False,4,2,1692.756832041942,True,fault_test,0.48,False,False,min_cov_det,3,15.0,311779.14390721865
external_dual_three_phase_flt1zu_load_15nm,15.0,1,u,False,5,2,2763.041271190264,True,fault_test,0.44,False,False,min_cov_det,3,15.0,311779.14390721865
external_dual_three_phase_flt1zu_load_15nm,15.0,1,u,False,6,2,4968.669195104902,True,fault_test,0.44,False,False,min_cov_det,3,15.0,311779.14390721865
external_dual_three_phase_flt1zu_load_15nm,15.0,1,u,False,7,2,7336.039700323225,True,fault_test,0.4,False,False,min_cov_det,3,15.0,311779.14390721865
external_dual_three_phase_flt2zv_load_15nm,15.0,2,v,False,0,2,288797.6673782903,True,fault_test,0.12,False,False,min_cov_det,3,15.0,311779.14390721865
external_dual_three_phase_flt2zv_load_15nm,15.0,2,v,False,1,2,14704.325679438844,True,fault_test,0.2,False,False,min_cov_det,3,15.0,311779.14390721865
external_dual_three_phase_flt2zv_load_15nm,15.0,2,v,False,2,2,2702.0770816714326,True,fault_test,0.44,False,False,min_cov_det,3,15.0,311779.14390721865
external_dual_three_phase_flt2zv_load_15nm,15.0,2,v,False,3,2,13421.182665305394,True,fault_test,0.28,False,False,min_cov_det,3,15.0,311779.14390721865
external_dual_three_phase_flt2zv_load_15nm,15.0,2,v,False,4,2,34875.72142735272,True,fault_test,0.16,False,False,min_cov_det,3,15.0,311779.14390721865
external_dual_three_phase_flt2zv_load_15nm,15.0,2,v,False,5,2,71802.03900472453,True,fault_test,0.16,False,False,min_cov_det,3,15.0,311779.14390721865
external_dual_three_phase_flt2zv_load_15nm,15.0,2,v,False,6,2,138523.17706665306,True,fault_test,0.16,False,False,min_cov_det,3,15.0,311779.14390721865
external_dual_three_phase_flt2zv_load_15nm,15.0,2,v,False,7,2,220704.4085739408,True,fault_test,0.16,False,False,min_cov_det,3,15.0,311779.14390721865
external_dual_three_phase_flt3zu_load_15nm,15.0,3,u,False,0,2,304050.5249378729,True,fault_test,0.08,False,False,min_cov_det,3,15.0,311779.14390721865
external_dual_three_phase_flt3zu_load_15nm,15.0,3,u,False,1,2,15231.143042704742,True,fault_test,0.16,False,False,min_cov_det,3,15.0,311779.14390721865
external_dual_three_phase_flt3zu_load_15nm,15.0,3,u,False,2,2,6622.915786734904,True,fault_test,0.44,False,False,min_cov_det,3,15.0,311779.14390721865
external_dual_three_phase_flt3zu_load_15nm,15.0,3,u,False,3,2,11826.997624391255,True,fault_test,0.28,False,False,min_cov_det,3,15.0,311779.14390721865
external_dual_three_phase_flt3zu_load_15nm,15.0,3,u,False,4,2,16782.664574939612,True,fault_test,0.16,False,False,min_cov_det,3,15.0,311779.14390721865
external_dual_three_phase_flt3zu_load_15nm,15.0,3,u,False,5,2,20846.157230866,True,fault_test,0.16,False,False,min_cov_det,3,15.0,311779.14390721865
external_dual_three_phase_flt3zu_load_15nm,15.0,3,u,False,6,2,29625.047024017284,True,fault_test,0.16,False,False,min_cov_det,3,15.0,311779.14390721865
external_dual_three_phase_flt3zu_load_15nm,15.0,3,u,False,7,2,42478.285941797156,True,fault_test,0.16,False,False,min_cov_det,3,15.0,311779.14390721865
external_dual_three_phase_flt4zv_load_15nm,15.0,4,v,False,0,2,284253.40311342484,True,fault_test,0.16,False,False,min_cov_det,3,15.0,311779.14390721865
external_dual_three_phase_flt4zv_load_15nm,15.0,4,v,False,1,2,14100.521514354952,True,fault_test,0.2,False,False,min_cov_det,3,15.0,311779.14390721865
external_dual_three_phase_flt4zv_load_15nm,15.0,4,v,False,2,2,14401.340057833764,True,fault_test,0.2,False,False,min_cov_det,3,15.0,311779.14390721865
external_dual_three_phase_flt4zv_load_15nm,15.0,4,v,False,3,2,41503.83216037401,True,fault_test,0.16,False,False,min_cov_det,3,15.0,311779.14390721865
external_dual_three_phase_flt4zv_load_15nm,15.0,4,v,False,4,2,87205.61282751002,True,fault_test,0.16,False,False,min_cov_det,3,15.0,311779.14390721865
external_dual_three_phase_flt4zv_load_15nm,15.0,4,v,False,5,2,147794.87265208486,True,fault_test,0.16,False,False,min_cov_det,3,15.0,311779.14390721865
external_dual_three_phase_flt4zv_load_15nm,15.0,4,v,False,6,2,245910.43412115527,True,fault_test,0.16,False,False,min_cov_det,3,15.0,311779.14390721865
external_dual_three_phase_flt4zv_load_15nm,15.0,4,v,False,7,2,371856.78130275826,True,fault_test,0.04,True,True,min_cov_det,3,15.0,311779.14390721865
external_dual_three_phase_flt5zu_load_15nm,15.0,5,u,False,0,2,283576.3053012563,True,fault_test,0.16,False,False,min_cov_det,3,15.0,311779.14390721865
external_dual_three_phase_flt5zu_load_15nm,15.0,5,u,False,1,2,18120.582822143544,True,fault_test,0.16,False,False,min_cov_det,3,15.0,311779.14390721865
external_dual_three_phase_flt5zu_load_15nm,15.0,5,u,False,2,2,4978.033501900126,True,fault_test,0.44,False,False,min_cov_det,3,15.0,311779.14390721865
external_dual_three_phase_flt5zu_load_15nm,15.0,5,u,False,3,2,7342.590243530138,True,fault_test,0.4,False,False,min_cov_det,3,15.0,311779.14390721865
external_dual_three_phase_flt5zu_load_15nm,15.0,5,u,False,4,2,9881.993488518698,True,fault_test,0.32,False,False,min_cov_det,3,15.0,311779.14390721865
external_dual_three_phase_flt5zu_load_15nm,15.0,5,u,False,5,2,11665.54667659194,True,fault_test,0.28,False,False,min_cov_det,3,15.0,311779.14390721865
external_dual_three_phase_flt5zu_load_15nm,15.0,5,u,False,6,2,16636.11704809295,True,fault_test,0.16,False,False,min_cov_det,3,15.0,311779.14390721865
external_dual_three_phase_flt5zu_load_15nm,15.0,5,u,False,7,2,26354.500462419892,True,fault_test,0.16,False,False,min_cov_det,3,15.0,311779.14390721865
external_dual_three_phase_flt6zu_load_15nm,15.0,6,u,False,0,2,306666.6872631517,True,fault_test,0.08,False,False,min_cov_det,3,15.0,311779.14390721865
external_dual_three_phase_flt6zu_load_15nm,15.0,6,u,False,1,2,17992.26598925371,True,fault_test,0.16,False,False,min_cov_det,3,15.0,311779.14390721865
external_dual_three_phase_flt6zu_load_15nm,15.0,6,u,False,2,2,5139.7218324099,True,fault_test,0.44,False,False,min_cov_det,3,15.0,311779.14390721865
external_dual_three_phase_flt6zu_load_15nm,15.0,6,u,False,3,2,6576.63760614919,True,fault_test,0.44,False,False,min_cov_det,3,15.0,311779.14390721865
external_dual_three_phase_flt6zu_load_15nm,15.0,6,u,False,4,2,10348.400563609743,True,fault_test,0.28,False,False,min_cov_det,3,15.0,311779.14390721865
external_dual_three_phase_flt6zu_load_15nm,15.0,6,u,False,5,2,12055.69586842642,True,fault_test,0.28,False,False,min_cov_det,3,15.0,311779.14390721865
external_dual_three_phase_flt6zu_load_15nm,15.0,6,u,False,6,2,18563.038175940663,True,fault_test,0.16,False,False,min_cov_det,3,15.0,311779.14390721865
external_dual_three_phase_flt6zu_load_15nm,15.0,6,u,False,7,2,28635.03950571281,True,fault_test,0.16,False,False,min_cov_det,3,15.0,311779.14390721865
external_dual_three_phase_flt0z_load_10nm,10.0,0,,True,0,2,33.77775134301667,True,calibration,,False,False,unconditioned_residual,4,20.0,34.948581109475505
external_dual_three_phase_flt0z_load_10nm,10.0,0,,True,1,2,1.7718465068121123,True,calibration,,False,False,unconditioned_residual,4,20.0,34.948581109475505
external_dual_three_phase_flt0z_load_10nm,10.0,0,,True,2,2,0.3901059985154158,True,calibration,,False,False,unconditioned_residual,4,20.0,34.948581109475505
external_dual_three_phase_flt0z_load_10nm,10.0,0,,True,3,2,0.39927033768908965,True,calibration,,False,False,unconditioned_residual,4,20.0,34.948581109475505
external_dual_three_phase_flt0z_load_10nm,10.0,0,,True,4,2,0.44388042690730856,True,calibration,,False,False,unconditioned_residual,4,20.0,34.948581109475505
external_dual_three_phase_flt0z_load_10nm,10.0,0,,True,5,2,0.41096987859789547,True,calibration,,False,False,unconditioned_residual,4,20.0,34.948581109475505
external_dual_three_phase_flt0z_load_10nm,10.0,0,,True,6,2,0.5266131277840015,True,calibration,,False,False,unconditioned_residual,4,20.0,34.948581109475505
external_dual_three_phase_flt0z_load_10nm,10.0,0,,True,7,2,0.635047124797491,True,calibration,,False,False,unconditioned_residual,4,20.0,34.948581109475505
external_dual_three_phase_flt0z_load_20nm,20.0,0,,True,0,2,32.07990091177395,True,health_test,0.16,False,False,unconditioned_residual,4,20.0,34.948581109475505
external_dual_three_phase_flt0z_load_20nm,20.0,0,,True,1,2,1.5639463483032041,True,health_test,0.28,False,False,unconditioned_residual,4,20.0,34.948581109475505
external_dual_three_phase_flt0z_load_20nm,20.0,0,,True,2,2,0.37789587032948807,True,health_test,0.84,False,False,unconditioned_residual,4,20.0,34.948581109475505
external_dual_three_phase_flt0z_load_20nm,20.0,0,,True,3,2,0.35677127836859684,True,health_test,0.88,False,False,unconditioned_residual,4,20.0,34.948581109475505
external_dual_three_phase_flt0z_load_20nm,20.0,0,,True,4,2,0.3300557228107966,True,health_test,1.0,False,False,unconditioned_residual,4,20.0,34.948581109475505
external_dual_three_phase_flt0z_load_20nm,20.0,0,,True,5,2,0.3222876133124946,True,health_test,1.0,False,False,unconditioned_residual,4,20.0,34.948581109475505
external_dual_three_phase_flt0z_load_20nm,20.0,0,,True,6,2,0.4076639836295831,True,health_test,0.76,False,False,unconditioned_residual,4,20.0,34.948581109475505
external_dual_three_phase_flt0z_load_20nm,20.0,0,,True,7,2,0.6646731483852071,True,health_test,0.44,False,False,unconditioned_residual,4,20.0,34.948581109475505
external_dual_three_phase_flt0z_load_30nm,30.0,0,,True,0,2,34.948581109475505,True,calibration,,False,False,unconditioned_residual,4,20.0,34.948581109475505
external_dual_three_phase_flt0z_load_30nm,30.0,0,,True,1,2,1.6203052717975586,True,calibration,,False,False,unconditioned_residual,4,20.0,34.948581109475505
external_dual_three_phase_flt0z_load_30nm,30.0,0,,True,2,2,0.3580239880369096,True,calibration,,False,False,unconditioned_residual,4,20.0,34.948581109475505
external_dual_three_phase_flt0z_load_30nm,30.0,0,,True,3,2,0.35202231374475135,True,calibration,,False,False,unconditioned_residual,4,20.0,34.948581109475505
external_dual_three_phase_flt0z_load_30nm,30.0,0,,True,4,2,0.33101422569130584,True,calibration,,False,False,unconditioned_residual,4,20.0,34.948581109475505
external_dual_three_phase_flt0z_load_30nm,30.0,0,,True,5,2,0.34282159950964436,True,calibration,,False,False,unconditioned_residual,4,20.0,34.948581109475505
external_dual_three_phase_flt0z_load_30nm,30.0,0,,True,6,2,0.4309530275043285,True,calibration,,False,False,unconditioned_residual,4,20.0,34.948581109475505
external_dual_three_phase_flt0z_load_30nm,30.0,0,,True,7,2,0.6413654133571101,True,calibration,,False,False,unconditioned_residual,4,20.0,34.948581109475505
external_dual_three_phase_flt0z_load_5nm,5.0,0,,True,0,2,33.095203504587715,True,calibration,,False,False,unconditioned_residual,4,20.0,34.948581109475505
external_dual_three_phase_flt0z_load_5nm,5.0,0,,True,1,2,1.7443633549181972,True,calibration,,False,False,unconditioned_residual,4,20.0,34.948581109475505
external_dual_three_phase_flt0z_load_5nm,5.0,0,,True,2,2,0.45033055866368,True,calibration,,False,False,unconditioned_residual,4,20.0,34.948581109475505
external_dual_three_phase_flt0z_load_5nm,5.0,0,,True,3,2,0.5741280799038446,True,calibration,,False,False,unconditioned_residual,4,20.0,34.948581109475505
external_dual_three_phase_flt0z_load_5nm,5.0,0,,True,4,2,0.7109100126849706,True,calibration,,False,False,unconditioned_residual,4,20.0,34.948581109475505
external_dual_three_phase_flt0z_load_5nm,5.0,0,,True,5,2,0.8538461956852393,True,calibration,,False,False,unconditioned_residual,4,20.0,34.948581109475505
external_dual_three_phase_flt0z_load_5nm,5.0,0,,True,6,2,0.7823288293547681,True,calibration,,False,False,unconditioned_residual,4,20.0,34.948581109475505
external_dual_three_phase_flt0z_load_5nm,5.0,0,,True,7,2,1.2490048915303775,True,calibration,,False,False,unconditioned_residual,4,20.0,34.948581109475505
external_dual_three_phase_flt1zu_load_20nm,20.0,1,u,False,0,2,34.600592199619776,True,fault_test,0.08,False,False,unconditioned_residual,4,20.0,34.948581109475505
external_dual_three_phase_flt1zu_load_20nm,20.0,1,u,False,1,2,1.700208727842337,True,fault_test,0.24,False,False,unconditioned_residual,4,20.0,34.948581109475505
external_dual_three_phase_flt1zu_load_20nm,20.0,1,u,False,2,2,0.6374369065701213,True,fault_test,0.48,False,False,unconditioned_residual,4,20.0,34.948581109475505
external_dual_three_phase_flt1zu_load_20nm,20.0,1,u,False,3,2,0.6947217994882593,True,fault_test,0.44,False,False,unconditioned_residual,4,20.0,34.948581109475505
external_dual_three_phase_flt1zu_load_20nm,20.0,1,u,False,4,2,1.1513930357011946,True,fault_test,0.32,False,False,unconditioned_residual,4,20.0,34.948581109475505
external_dual_three_phase_flt1zu_load_20nm,20.0,1,u,False,5,2,2.2695661585780327,True,fault_test,0.16,False,False,unconditioned_residual,4,20.0,34.948581109475505
external_dual_three_phase_flt1zu_load_20nm,20.0,1,u,False,6,2,4.362803157037313,True,fault_test,0.16,False,False,unconditioned_residual,4,20.0,34.948581109475505
external_dual_three_phase_flt1zu_load_20nm,20.0,1,u,False,7,2,7.6247802408559355,True,fault_test,0.16,False,False,unconditioned_residual,4,20.0,34.948581109475505
external_dual_three_phase_flt2zv_load_20nm,20.0,2,v,False,0,2,34.2007245461107,True,fault_test,0.08,False,False,unconditioned_residual,4,20.0,34.948581109475505
external_dual_three_phase_flt2zv_load_20nm,20.0,2,v,False,1,2,1.6944004000456512,True,fault_test,0.24,False,False,unconditioned_residual,4,20.0,34.948581109475505
external_dual_three_phase_flt2zv_load_20nm,20.0,2,v,False,2,2,1.9474603724335555,True,fault_test,0.16,False,False,unconditioned_residual,4,20.0,34.948581109475505
external_dual_three_phase_flt2zv_load_20nm,20.0,2,v,False,3,2,4.1436268073199125,True,fault_test,0.16,False,False,unconditioned_residual,4,20.0,34.948581109475505
external_dual_three_phase_flt2zv_load_20nm,20.0,2,v,False,4,2,8.955132410935306,True,fault_test,0.16,False,False,unconditioned_residual,4,20.0,34.948581109475505
external_dual_three_phase_flt2zv_load_20nm,20.0,2,v,False,5,2,16.250236032050566,True,fault_test,0.16,False,False,unconditioned_residual,4,20.0,34.948581109475505
external_dual_three_phase_flt2zv_load_20nm,20.0,2,v,False,6,2,27.853428339665758,True,fault_test,0.16,False,False,unconditioned_residual,4,20.0,34.948581109475505
external_dual_three_phase_flt2zv_load_20nm,20.0,2,v,False,7,2,47.70110481052822,True,fault_test,0.04,True,True,unconditioned_residual,4,20.0,34.948581109475505
external_dual_three_phase_flt3zu_load_20nm,20.0,3,u,False,0,2,34.71859684132991,True,fault_test,0.08,False,False,unconditioned_residual,4,20.0,34.948581109475505
external_dual_three_phase_flt3zu_load_20nm,20.0,3,u,False,1,2,2.2978603333341385,True,fault_test,0.16,False,False,unconditioned_residual,4,20.0,34.948581109475505
external_dual_three_phase_flt3zu_load_20nm,20.0,3,u,False,2,2,4.06605568639647,True,fault_test,0.16,False,False,unconditioned_residual,4,20.0,34.948581109475505
external_dual_three_phase_flt3zu_load_20nm,20.0,3,u,False,3,2,7.571067596018109,True,fault_test,0.16,False,False,unconditioned_residual,4,20.0,34.948581109475505
external_dual_three_phase_flt3zu_load_20nm,20.0,3,u,False,4,2,12.851529171853713,True,fault_test,0.16,False,False,unconditioned_residual,4,20.0,34.948581109475505
external_dual_three_phase_flt3zu_load_20nm,20.0,3,u,False,5,2,20.178335328163953,True,fault_test,0.16,False,False,unconditioned_residual,4,20.0,34.948581109475505
external_dual_three_phase_flt3zu_load_20nm,20.0,3,u,False,6,2,31.489340175703042,True,fault_test,0.16,False,False,unconditioned_residual,4,20.0,34.948581109475505
external_dual_three_phase_flt3zu_load_20nm,20.0,3,u,False,7,2,48.819800554894954,True,fault_test,0.04,True,True,unconditioned_residual,4,20.0,34.948581109475505
external_dual_three_phase_flt4zv_load_20nm,20.0,4,v,False,0,2,35.14220631442944,True,fault_test,0.04,True,True,unconditioned_residual,4,20.0,34.948581109475505
external_dual_three_phase_flt4zv_load_20nm,20.0,4,v,False,1,2,2.166719455019858,True,fault_test,0.16,False,False,unconditioned_residual,4,20.0,34.948581109475505
external_dual_three_phase_flt4zv_load_20nm,20.0,4,v,False,2,2,5.070704510299591,True,fault_test,0.16,False,False,unconditioned_residual,4,20.0,34.948581109475505
external_dual_three_phase_flt4zv_load_20nm,20.0,4,v,False,3,2,10.647500433688984,True,fault_test,0.16,False,False,unconditioned_residual,4,20.0,34.948581109475505
external_dual_three_phase_flt4zv_load_20nm,20.0,4,v,False,4,2,18.786611640433783,True,fault_test,0.16,False,False,unconditioned_residual,4,20.0,34.948581109475505
external_dual_three_phase_flt4zv_load_20nm,20.0,4,v,False,5,2,30.950578043287464,True,fault_test,0.16,False,False,unconditioned_residual,4,20.0,34.948581109475505
external_dual_three_phase_flt4zv_load_20nm,20.0,4,v,False,6,2,47.927969474620745,True,fault_test,0.04,True,True,unconditioned_residual,4,20.0,34.948581109475505
external_dual_three_phase_flt4zv_load_20nm,20.0,4,v,False,7,2,73.46380015575615,True,fault_test,0.04,True,True,unconditioned_residual,4,20.0,34.948581109475505
external_dual_three_phase_flt5zu_load_20nm,20.0,5,u,False,0,2,33.60206781277402,True,fault_test,0.12,False,False,unconditioned_residual,4,20.0,34.948581109475505
external_dual_three_phase_flt5zu_load_20nm,20.0,5,u,False,1,2,2.6251395727126727,True,fault_test,0.16,False,False,unconditioned_residual,4,20.0,34.948581109475505
external_dual_three_phase_flt5zu_load_20nm,20.0,5,u,False,2,2,3.8232953193239796,True,fault_test,0.16,False,False,unconditioned_residual,4,20.0,34.948581109475505
external_dual_three_phase_flt5zu_load_20nm,20.0,5,u,False,3,2,6.377825677052425,True,fault_test,0.16,False,False,unconditioned_residual,4,20.0,34.948581109475505
external_dual_three_phase_flt5zu_load_20nm,20.0,5,u,False,4,2,9.830912921648364,True,fault_test,0.16,False,False,unconditioned_residual,4,20.0,34.948581109475505
external_dual_three_phase_flt5zu_load_20nm,20.0,5,u,False,5,2,13.395554486875264,True,fault_test,0.16,False,False,unconditioned_residual,4,20.0,34.948581109475505
external_dual_three_phase_flt5zu_load_20nm,20.0,5,u,False,6,2,21.185571055296045,True,fault_test,0.16,False,False,unconditioned_residual,4,20.0,34.948581109475505
external_dual_three_phase_flt5zu_load_20nm,20.0,5,u,False,7,2,31.57364417807691,True,fault_test,0.16,False,False,unconditioned_residual,4,20.0,34.948581109475505
external_dual_three_phase_flt6zu_load_20nm,20.0,6,u,False,0,2,33.32460829735251,True,fault_test,0.12,False,False,unconditioned_residual,4,20.0,34.948581109475505
external_dual_three_phase_flt6zu_load_20nm,20.0,6,u,False,1,2,2.512714834569701,True,fault_test,0.16,False,False,unconditioned_residual,4,20.0,34.948581109475505
external_dual_three_phase_flt6zu_load_20nm,20.0,6,u,False,2,2,4.263713251607628,True,fault_test,0.16,False,False,unconditioned_residual,4,20.0,34.948581109475505
external_dual_three_phase_flt6zu_load_20nm,20.0,6,u,False,3,2,6.524579903965675,True,fault_test,0.16,False,False,unconditioned_residual,4,20.0,34.948581109475505
external_dual_three_phase_flt6zu_load_20nm,20.0,6,u,False,4,2,10.296301104446046,True,fault_test,0.16,False,False,unconditioned_residual,4,20.0,34.948581109475505
external_dual_three_phase_flt6zu_load_20nm,20.0,6,u,False,5,2,14.177444685148998,True,fault_test,0.16,False,False,unconditioned_residual,4,20.0,34.948581109475505
external_dual_three_phase_flt6zu_load_20nm,20.0,6,u,False,6,2,22.11127168925016,True,fault_test,0.16,False,False,unconditioned_residual,4,20.0,34.948581109475505
external_dual_three_phase_flt6zu_load_20nm,20.0,6,u,False,7,2,33.54058737105703,True,fault_test,0.12,False,False,unconditioned_residual,4,20.0,34.948581109475505
external_dual_three_phase_flt0z_load_10nm,10.0,0,,True,0,2,53.72657097398094,True,calibration,,False,False,linear_residual,4,20.0,53.72657097398094
external_dual_three_phase_flt0z_load_10nm,10.0,0,,True,1,2,7.797394856064822,True,calibration,,False,False,linear_residual,4,20.0,53.72657097398094
external_dual_three_phase_flt0z_load_10nm,10.0,0,,True,2,2,2.660412564357979,True,calibration,,False,False,linear_residual,4,20.0,53.72657097398094
external_dual_three_phase_flt0z_load_10nm,10.0,0,,True,3,2,2.0810917256958152,True,calibration,,False,False,linear_residual,4,20.0,53.72657097398094
external_dual_three_phase_flt0z_load_10nm,10.0,0,,True,4,2,2.011562068675378,True,calibration,,False,False,linear_residual,4,20.0,53.72657097398094
external_dual_three_phase_flt0z_load_10nm,10.0,0,,True,5,2,1.8907936510450123,True,calibration,,False,False,linear_residual,4,20.0,53.72657097398094
external_dual_three_phase_flt0z_load_10nm,10.0,0,,True,6,2,2.4264751323919556,True,calibration,,False,False,linear_residual,4,20.0,53.72657097398094
external_dual_three_phase_flt0z_load_10nm,10.0,0,,True,7,2,3.0175476512439507,True,calibration,,False,False,linear_residual,4,20.0,53.72657097398094
external_dual_three_phase_flt0z_load_20nm,20.0,0,,True,0,2,45.073503762526414,True,health_test,0.16,False,False,linear_residual,4,20.0,53.72657097398094
external_dual_three_phase_flt0z_load_20nm,20.0,0,,True,1,2,5.444645437415145,True,health_test,0.32,False,False,linear_residual,4,20.0,53.72657097398094
external_dual_three_phase_flt0z_load_20nm,20.0,0,,True,2,2,1.5862964505954635,True,health_test,0.8,False,False,linear_residual,4,20.0,53.72657097398094
external_dual_three_phase_flt0z_load_20nm,20.0,0,,True,3,2,1.2813964055111997,True,health_test,0.8,False,False,linear_residual,4,20.0,53.72657097398094
external_dual_three_phase_flt0z_load_20nm,20.0,0,,True,4,2,1.002162336741883,True,health_test,0.8,False,False,linear_residual,4,20.0,53.72657097398094
external_dual_three_phase_flt0z_load_20nm,20.0,0,,True,5,2,0.7990000850979541,True,health_test,0.84,False,False,linear_residual,4,20.0,53.72657097398094
external_dual_three_phase_flt0z_load_20nm,20.0,0,,True,6,2,1.1729559095023117,True,health_test,0.8,False,False,linear_residual,4,20.0,53.72657097398094
external_dual_three_phase_flt0z_load_20nm,20.0,0,,True,7,2,2.4842197194190874,True,health_test,0.6,False,False,linear_residual,4,20.0,53.72657097398094
external_dual_three_phase_flt0z_load_30nm,30.0,0,,True,0,2,51.35321394978931,True,calibration,,False,False,linear_residual,4,20.0,53.72657097398094
external_dual_three_phase_flt0z_load_30nm,30.0,0,,True,1,2,5.175860306212675,True,calibration,,False,False,linear_residual,4,20.0,53.72657097398094
external_dual_three_phase_flt0z_load_30nm,30.0,0,,True,2,2,0.6923369380441893,True,calibration,,False,False,linear_residual,4,20.0,53.72657097398094
external_dual_three_phase_flt0z_load_30nm,30.0,0,,True,3,2,0.6151299234611765,True,calibration,,False,False,linear_residual,4,20.0,53.72657097398094
external_dual_three_phase_flt0z_load_30nm,30.0,0,,True,4,2,0.4195343117475046,True,calibration,,False,False,linear_residual,4,20.0,53.72657097398094
external_dual_three_phase_flt0z_load_30nm,30.0,0,,True,5,2,0.35068224008470633,True,calibration,,False,False,linear_residual,4,20.0,53.72657097398094
external_dual_three_phase_flt0z_load_30nm,30.0,0,,True,6,2,0.9193643111975841,True,calibration,,False,False,linear_residual,4,20.0,53.72657097398094
external_dual_three_phase_flt0z_load_30nm,30.0,0,,True,7,2,2.1098312034150033,True,calibration,,False,False,linear_residual,4,20.0,53.72657097398094
external_dual_three_phase_flt0z_load_5nm,5.0,0,,True,0,2,50.62950778405918,True,calibration,,False,False,linear_residual,4,20.0,53.72657097398094
external_dual_three_phase_flt0z_load_5nm,5.0,0,,True,1,2,8.69243513379328,True,calibration,,False,False,linear_residual,4,20.0,53.72657097398094
external_dual_three_phase_flt0z_load_5nm,5.0,0,,True,2,2,3.939401402666288,True,calibration,,False,False,linear_residual,4,20.0,53.72657097398094
external_dual_three_phase_flt0z_load_5nm,5.0,0,,True,3,2,3.2298936091359765,True,calibration,,False,False,linear_residual,4,20.0,53.72657097398094
external_dual_three_phase_flt0z_load_5nm,5.0,0,,True,4,2,3.382284303619748,True,calibration,,False,False,linear_residual,4,20.0,53.72657097398094
external_dual_three_phase_flt0z_load_5nm,5.0,0,,True,5,2,3.823575757738066,True,calibration,,False,False,linear_residual,4,20.0,53.72657097398094
external_dual_three_phase_flt0z_load_5nm,5.0,0,,True,6,2,5.7351991714975,True,calibration,,False,False,linear_residual,4,20.0,53.72657097398094
external_dual_three_phase_flt0z_load_5nm,5.0,0,,True,7,2,9.65713853319124,True,calibration,,False,False,linear_residual,4,20.0,53.72657097398094
external_dual_three_phase_flt1zu_load_20nm,20.0,1,u,False,0,2,52.63797327112455,True,fault_test,0.08,False,False,linear_residual,4,20.0,53.72657097398094
external_dual_three_phase_flt1zu_load_20nm,20.0,1,u,False,1,2,6.30254876019197,True,fault_test,0.28,False,False,linear_residual,4,20.0,53.72657097398094
external_dual_three_phase_flt1zu_load_20nm,20.0,1,u,False,2,2,5.955911659984542,True,fault_test,0.28,False,False,linear_residual,4,20.0,53.72657097398094
external_dual_three_phase_flt1zu_load_20nm,20.0,1,u,False,3,2,7.516189534123329,True,fault_test,0.28,False,False,linear_residual,4,20.0,53.72657097398094
external_dual_three_phase_flt1zu_load_20nm,20.0,1,u,False,4,2,16.03425894240173,True,fault_test,0.16,False,False,linear_residual,4,20.0,53.72657097398094
external_dual_three_phase_flt1zu_load_20nm,20.0,1,u,False,5,2,39.024936716987675,True,fault_test,0.16,False,False,linear_residual,4,20.0,53.72657097398094
external_dual_three_phase_flt1zu_load_20nm,20.0,1,u,False,6,2,80.60663254945621,True,fault_test,0.04,True,True,linear_residual,4,20.0,53.72657097398094
external_dual_three_phase_flt1zu_load_20nm,20.0,1,u,False,7,2,153.68938936933958,True,fault_test,0.04,True,True,linear_residual,4,20.0,53.72657097398094
external_dual_three_phase_flt2zv_load_20nm,20.0,2,v,False,0,2,48.82698157198056,True,fault_test,0.16,False,False,linear_residual,4,20.0,53.72657097398094
external_dual_three_phase_flt2zv_load_20nm,20.0,2,v,False,1,2,11.507342438568996,True,fault_test,0.16,False,False,linear_residual,4,20.0,53.72657097398094
external_dual_three_phase_flt2zv_load_20nm,20.0,2,v,False,2,2,38.0420425030765,True,fault_test,0.16,False,False,linear_residual,4,20.0,53.72657097398094
external_dual_three_phase_flt2zv_load_20nm,20.0,2,v,False,3,2,64.13153641151197,True,fault_test,0.04,True,True,linear_residual,4,20.0,53.72657097398094
external_dual_three_phase_flt2zv_load_20nm,20.0,2,v,False,4,2,124.16621176799168,True,fault_test,0.04,True,True,linear_residual,4,20.0,53.72657097398094
external_dual_three_phase_flt2zv_load_20nm,20.0,2,v,False,5,2,201.76581399135625,True,fault_test,0.04,True,True,linear_residual,4,20.0,53.72657097398094
external_dual_three_phase_flt2zv_load_20nm,20.0,2,v,False,6,2,309.87995986323637,True,fault_test,0.04,True,True,linear_residual,4,20.0,53.72657097398094
external_dual_three_phase_flt2zv_load_20nm,20.0,2,v,False,7,2,536.3483358186313,True,fault_test,0.04,True,True,linear_residual,4,20.0,53.72657097398094
external_dual_three_phase_flt3zu_load_20nm,20.0,3,u,False,0,2,59.27442183874323,True,fault_test,0.04,True,True,linear_residual,4,20.0,53.72657097398094
external_dual_three_phase_flt3zu_load_20nm,20.0,3,u,False,1,2,38.49550549051138,True,fault_test,0.16,False,False,linear_residual,4,20.0,53.72657097398094
external_dual_three_phase_flt3zu_load_20nm,20.0,3,u,False,2,2,72.64612077581647,True,fault_test,0.04,True,True,linear_residual,4,20.0,53.72657097398094
external_dual_three_phase_flt3zu_load_20nm,20.0,3,u,False,3,2,142.45432810309015,True,fault_test,0.04,True,True,linear_residual,4,20.0,53.72657097398094
external_dual_three_phase_flt3zu_load_20nm,20.0,3,u,False,4,2,267.0812915760341,True,fault_test,0.04,True,True,linear_residual,4,20.0,53.72657097398094
external_dual_three_phase_flt3zu_load_20nm,20.0,3,u,False,5,2,439.41817902696505,True,fault_test,0.04,True,True,linear_residual,4,20.0,53.72657097398094
external_dual_three_phase_flt3zu_load_20nm,20.0,3,u,False,6,2,692.988354941838,True,fault_test,0.04,True,True,linear_residual,4,20.0,53.72657097398094
external_dual_three_phase_flt3zu_load_20nm,20.0,3,u,False,7,2,1122.1522164143605,True,fault_test,0.04,True,True,linear_residual,4,20.0,53.72657097398094
external_dual_three_phase_flt4zv_load_20nm,20.0,4,v,False,0,2,51.02205921259425,True,fault_test,0.12,False,False,linear_residual,4,20.0,53.72657097398094
external_dual_three_phase_flt4zv_load_20nm,20.0,4,v,False,1,2,38.040086116145616,True,fault_test,0.16,False,False,linear_residual,4,20.0,53.72657097398094
external_dual_three_phase_flt4zv_load_20nm,20.0,4,v,False,2,2,79.83143693938985,True,fault_test,0.04,True,True,linear_residual,4,20.0,53.72657097398094
external_dual_three_phase_flt4zv_load_20nm,20.0,4,v,False,3,2,133.98560224862956,True,fault_test,0.04,True,True,linear_residual,4,20.0,53.72657097398094
external_dual_three_phase_flt4zv_load_20nm,20.0,4,v,False,4,2,225.32724878760303,True,fault_test,0.04,True,True,linear_residual,4,20.0,53.72657097398094
external_dual_three_phase_flt4zv_load_20nm,20.0,4,v,False,5,2,357.9611131007406,True,fault_test,0.04,True,True,linear_residual,4,20.0,53.72657097398094
external_dual_three_phase_flt4zv_load_20nm,20.0,4,v,False,6,2,528.8935454254522,True,fault_test,0.04,True,True,linear_residual,4,20.0,53.72657097398094
external_dual_three_phase_flt4zv_load_20nm,20.0,4,v,False,7,2,833.8113891906735,True,fault_test,0.04,True,True,linear_residual,4,20.0,53.72657097398094
external_dual_three_phase_flt5zu_load_20nm,20.0,5,u,False,0,2,49.37537181720802,True,fault_test,0.16,False,False,linear_residual,4,20.0,53.72657097398094
external_dual_three_phase_flt5zu_load_20nm,20.0,5,u,False,1,2,40.30560769360271,True,fault_test,0.16,False,False,linear_residual,4,20.0,53.72657097398094
external_dual_three_phase_flt5zu_load_20nm,20.0,5,u,False,2,2,80.29777300455648,True,fault_test,0.04,True,True,linear_residual,4,20.0,53.72657097398094
external_dual_three_phase_flt5zu_load_20nm,20.0,5,u,False,3,2,142.9532164627665,True,fault_test,0.04,True,True,linear_residual,4,20.0,53.72657097398094
external_dual_three_phase_flt5zu_load_20nm,20.0,5,u,False,4,2,225.89561774023036,True,fault_test,0.04,True,True,linear_residual,4,20.0,53.72657097398094
external_dual_three_phase_flt5zu_load_20nm,20.0,5,u,False,5,2,342.2989848265424,True,fault_test,0.04,True,True,linear_residual,4,20.0,53.72657097398094
external_dual_three_phase_flt5zu_load_20nm,20.0,5,u,False,6,2,516.4488801389083,True,fault_test,0.04,True,True,linear_residual,4,20.0,53.72657097398094
external_dual_three_phase_flt5zu_load_20nm,20.0,5,u,False,7,2,769.8674200655023,True,fault_test,0.04,True,True,linear_residual,4,20.0,53.72657097398094
external_dual_three_phase_flt6zu_load_20nm,20.0,6,u,False,0,2,52.25885423573669,True,fault_test,0.08,False,False,linear_residual,4,20.0,53.72657097398094
external_dual_three_phase_flt6zu_load_20nm,20.0,6,u,False,1,2,46.41351928711519,True,fault_test,0.16,False,False,linear_residual,4,20.0,53.72657097398094
external_dual_three_phase_flt6zu_load_20nm,20.0,6,u,False,2,2,95.51718438326205,True,fault_test,0.04,True,True,linear_residual,4,20.0,53.72657097398094
external_dual_three_phase_flt6zu_load_20nm,20.0,6,u,False,3,2,148.8973159356512,True,fault_test,0.04,True,True,linear_residual,4,20.0,53.72657097398094
external_dual_three_phase_flt6zu_load_20nm,20.0,6,u,False,4,2,246.9722702493276,True,fault_test,0.04,True,True,linear_residual,4,20.0,53.72657097398094
external_dual_three_phase_flt6zu_load_20nm,20.0,6,u,False,5,2,368.559201606097,True,fault_test,0.04,True,True,linear_residual,4,20.0,53.72657097398094
external_dual_three_phase_flt6zu_load_20nm,20.0,6,u,False,6,2,535.5888695661037,True,fault_test,0.04,True,True,linear_residual,4,20.0,53.72657097398094
external_dual_three_phase_flt6zu_load_20nm,20.0,6,u,False,7,2,813.681916713981,True,fault_test,0.04,True,True,linear_residual,4,20.0,53.72657097398094
external_dual_three_phase_flt0z_load_10nm,10.0,0,,True,0,2,48.000482232059134,True,calibration,,False,False,quadratic_residual,4,20.0,48.000482232059134
external_dual_three_phase_flt0z_load_10nm,10.0,0,,True,1,2,6.204677793512173,True,calibration,,False,False,quadratic_residual,4,20.0,48.000482232059134
external_dual_three_phase_flt0z_load_10nm,10.0,0,,True,2,2,2.009988235029446,True,calibration,,False,False,quadratic_residual,4,20.0,48.000482232059134
external_dual_three_phase_flt0z_load_10nm,10.0,0,,True,3,2,1.1828148119029382,True,calibration,,False,False,quadratic_residual,4,20.0,48.000482232059134
external_dual_three_phase_flt0z_load_10nm,10.0,0,,True,4,2,1.2160217725861209,True,calibration,,False,False,quadratic_residual,4,20.0,48.000482232059134
external_dual_three_phase_flt0z_load_10nm,10.0,0,,True,5,2,1.2784209611468853,True,calibration,,False,False,quadratic_residual,4,20.0,48.000482232059134
external_dual_three_phase_flt0z_load_10nm,10.0,0,,True,6,2,2.128465860803309,True,calibration,,False,False,quadratic_residual,4,20.0,48.000482232059134
external_dual_three_phase_flt0z_load_10nm,10.0,0,,True,7,2,5.524058999096972,True,calibration,,False,False,quadratic_residual,4,20.0,48.000482232059134
external_dual_three_phase_flt0z_load_20nm,20.0,0,,True,0,2,40.754880965949575,True,health_test,0.16,False,False,quadratic_residual,4,20.0,48.000482232059134
external_dual_three_phase_flt0z_load_20nm,20.0,0,,True,1,2,4.004806563982873,True,health_test,0.4,False,False,quadratic_residual,4,20.0,48.000482232059134
external_dual_three_phase_flt0z_load_20nm,20.0,0,,True,2,2,1.2735444088641077,True,health_test,0.72,False,False,quadratic_residual,4,20.0,48.000482232059134
external_dual_three_phase_flt0z_load_20nm,20.0,0,,True,3,2,0.7764440793812128,True,health_test,0.8,False,False,quadratic_residual,4,20.0,48.000482232059134
external_dual_three_phase_flt0z_load_20nm,20.0,0,,True,4,2,0.36264870288712225,True,health_test,0.88,False,False,quadratic_residual,4,20.0,48.000482232059134
external_dual_three_phase_flt0z_load_20nm,20.0,0,,True,5,2,0.44933066633465735,True,health_test,0.88,False,False,quadratic_residual,4,20.0,48.000482232059134
external_dual_three_phase_flt0z_load_20nm,20.0,0,,True,6,2,0.6614136599642716,True,health_test,0.84,False,False,quadratic_residual,4,20.0,48.000482232059134
external_dual_three_phase_flt0z_load_20nm,20.0,0,,True,7,2,2.526954945053434,True,health_test,0.56,False,False,quadratic_residual,4,20.0,48.000482232059134
external_dual_three_phase_flt0z_load_30nm,30.0,0,,True,0,2,46.76045108358786,True,calibration,,False,False,quadratic_residual,4,20.0,48.000482232059134
external_dual_three_phase_flt0z_load_30nm,30.0,0,,True,1,2,4.102407581917595,True,calibration,,False,False,quadratic_residual,4,20.0,48.000482232059134
external_dual_three_phase_flt0z_load_30nm,30.0,0,,True,2,2,0.7704265181541721,True,calibration,,False,False,quadratic_residual,4,20.0,48.000482232059134
external_dual_three_phase_flt0z_load_30nm,30.0,0,,True,3,2,0.48601018720901157,True,calibration,,False,False,quadratic_residual,4,20.0,48.000482232059134
external_dual_three_phase_flt0z_load_30nm,30.0,0,,True,4,2,0.3050538590857986,True,calibration,,False,False,quadratic_residual,4,20.0,48.000482232059134
external_dual_three_phase_flt0z_load_30nm,30.0,0,,True,5,2,0.35967182482649585,True,calibration,,False,False,quadratic_residual,4,20.0,48.000482232059134
external_dual_three_phase_flt0z_load_30nm,30.0,0,,True,6,2,0.35939393839991096,True,calibration,,False,False,quadratic_residual,4,20.0,48.000482232059134
external_dual_three_phase_flt0z_load_30nm,30.0,0,,True,7,2,1.7433603684571288,True,calibration,,False,False,quadratic_residual,4,20.0,48.000482232059134
external_dual_three_phase_flt0z_load_5nm,5.0,0,,True,0,2,45.78897321809046,True,calibration,,False,False,quadratic_residual,4,20.0,48.000482232059134
external_dual_three_phase_flt0z_load_5nm,5.0,0,,True,1,2,7.821570457660428,True,calibration,,False,False,quadratic_residual,4,20.0,48.000482232059134
external_dual_three_phase_flt0z_load_5nm,5.0,0,,True,2,2,3.9156604215295463,True,calibration,,False,False,quadratic_residual,4,20.0,48.000482232059134
external_dual_three_phase_flt0z_load_5nm,5.0,0,,True,3,2,2.9875325536157296,True,calibration,,False,False,quadratic_residual,4,20.0,48.000482232059134
external_dual_three_phase_flt0z_load_5nm,5.0,0,,True,4,2,3.0414799051719883,True,calibration,,False,False,quadratic_residual,4,20.0,48.000482232059134
external_dual_three_phase_flt0z_load_5nm,5.0,0,,True,5,2,3.4580568394915026,True,calibration,,False,False,quadratic_residual,4,20.0,48.000482232059134
external_dual_three_phase_flt0z_load_5nm,5.0,0,,True,6,2,5.09388681071972,True,calibration,,False,False,quadratic_residual,4,20.0,48.000482232059134
external_dual_three_phase_flt0z_load_5nm,5.0,0,,True,7,2,8.273094510602014,True,calibration,,False,False,quadratic_residual,4,20.0,48.000482232059134
external_dual_three_phase_flt1zu_load_20nm,20.0,1,u,False,0,2,47.313534527832964,True,fault_test,0.08,False,False,quadratic_residual,4,20.0,48.000482232059134
external_dual_three_phase_flt1zu_load_20nm,20.0,1,u,False,1,2,5.788927695986604,True,fault_test,0.28,False,False,quadratic_residual,4,20.0,48.000482232059134
external_dual_three_phase_flt1zu_load_20nm,20.0,1,u,False,2,2,6.6587717051874,True,fault_test,0.24,False,False,quadratic_residual,4,20.0,48.000482232059134
external_dual_three_phase_flt1zu_load_20nm,20.0,1,u,False,3,2,8.927676999664838,True,fault_test,0.16,False,False,quadratic_residual,4,20.0,48.000482232059134
external_dual_three_phase_flt1zu_load_20nm,20.0,1,u,False,4,2,20.10680194882379,True,fault_test,0.16,False,False,quadratic_residual,4,20.0,48.000482232059134
external_dual_three_phase_flt1zu_load_20nm,20.0,1,u,False,5,2,49.18952025421885,True,fault_test,0.04,True,True,quadratic_residual,4,20.0,48.000482232059134
external_dual_three_phase_flt1zu_load_20nm,20.0,1,u,False,6,2,100.15735208409748,True,fault_test,0.04,True,True,quadratic_residual,4,20.0,48.000482232059134
external_dual_three_phase_flt1zu_load_20nm,20.0,1,u,False,7,2,194.43439741851554,True,fault_test,0.04,True,True,quadratic_residual,4,20.0,48.000482232059134
external_dual_three_phase_flt2zv_load_20nm,20.0,2,v,False,0,2,43.27526380209756,True,fault_test,0.16,False,False,quadratic_residual,4,20.0,48.000482232059134
external_dual_three_phase_flt2zv_load_20nm,20.0,2,v,False,1,2,13.505911837333262,True,fault_test,0.16,False,False,quadratic_residual,4,20.0,48.000482232059134
external_dual_three_phase_flt2zv_load_20nm,20.0,2,v,False,2,2,45.129758971547886,True,fault_test,0.16,False,False,quadratic_residual,4,20.0,48.000482232059134
external_dual_three_phase_flt2zv_load_20nm,20.0,2,v,False,3,2,76.70055568201602,True,fault_test,0.04,True,True,quadratic_residual,4,20.0,48.000482232059134
external_dual_three_phase_flt2zv_load_20nm,20.0,2,v,False,4,2,151.4304547825829,True,fault_test,0.04,True,True,quadratic_residual,4,20.0,48.000482232059134
external_dual_three_phase_flt2zv_load_20nm,20.0,2,v,False,5,2,250.18757565506183,True,fault_test,0.04,True,True,quadratic_residual,4,20.0,48.000482232059134
external_dual_three_phase_flt2zv_load_20nm,20.0,2,v,False,6,2,391.35432139059765,True,fault_test,0.04,True,True,quadratic_residual,4,20.0,48.000482232059134
external_dual_three_phase_flt2zv_load_20nm,20.0,2,v,False,7,2,686.1670241985537,True,fault_test,0.04,True,True,quadratic_residual,4,20.0,48.000482232059134
external_dual_three_phase_flt3zu_load_20nm,20.0,3,u,False,0,2,54.42960793120429,True,fault_test,0.04,True,True,quadratic_residual,4,20.0,48.000482232059134
external_dual_three_phase_flt3zu_load_20nm,20.0,3,u,False,1,2,48.88130091994893,True,fault_test,0.04,True,True,quadratic_residual,4,20.0,48.000482232059134
external_dual_three_phase_flt3zu_load_20nm,20.0,3,u,False,2,2,93.88827108707845,True,fault_test,0.04,True,True,quadratic_residual,4,20.0,48.000482232059134
external_dual_three_phase_flt3zu_load_20nm,20.0,3,u,False,3,2,182.57602389808818,True,fault_test,0.04,True,True,quadratic_residual,4,20.0,48.000482232059134
external_dual_three_phase_flt3zu_load_20nm,20.0,3,u,False,4,2,338.218156414115,True,fault_test,0.04,True,True,quadratic_residual,4,20.0,48.000482232059134
external_dual_three_phase_flt3zu_load_20nm,20.0,3,u,False,5,2,551.011504284719,True,fault_test,0.04,True,True,quadratic_residual,4,20.0,48.000482232059134
external_dual_three_phase_flt3zu_load_20nm,20.0,3,u,False,6,2,860.0180183083423,True,fault_test,0.04,True,True,quadratic_residual,4,20.0,48.000482232059134
external_dual_three_phase_flt3zu_load_20nm,20.0,3,u,False,7,2,1397.2639801141509,True,fault_test,0.04,True,True,quadratic_residual,4,20.0,48.000482232059134
external_dual_three_phase_flt4zv_load_20nm,20.0,4,v,False,0,2,45.681777179589666,True,fault_test,0.16,False,False,quadratic_residual,4,20.0,48.000482232059134
external_dual_three_phase_flt4zv_load_20nm,20.0,4,v,False,1,2,46.96391051081715,True,fault_test,0.08,False,False,quadratic_residual,4,20.0,48.000482232059134
external_dual_three_phase_flt4zv_load_20nm,20.0,4,v,False,2,2,97.76237493597182,True,fault_test,0.04,True,True,quadratic_residual,4,20.0,48.000482232059134
external_dual_three_phase_flt4zv_load_20nm,20.0,4,v,False,3,2,166.18257480221482,True,fault_test,0.04,True,True,quadratic_residual,4,20.0,48.000482232059134
external_dual_three_phase_flt4zv_load_20nm,20.0,4,v,False,4,2,281.0163502056747,True,fault_test,0.04,True,True,quadratic_residual,4,20.0,48.000482232059134
external_dual_three_phase_flt4zv_load_20nm,20.0,4,v,False,5,2,447.4720020453756,True,fault_test,0.04,True,True,quadratic_residual,4,20.0,48.000482232059134
external_dual_three_phase_flt4zv_load_20nm,20.0,4,v,False,6,2,666.0013439870818,True,fault_test,0.04,True,True,quadratic_residual,4,20.0,48.000482232059134
external_dual_three_phase_flt4zv_load_20nm,20.0,4,v,False,7,2,1056.047975857685,True,fault_test,0.04,True,True,quadratic_residual,4,20.0,48.000482232059134
external_dual_three_phase_flt5zu_load_20nm,20.0,5,u,False,0,2,48.09436290415976,True,fault_test,0.04,True,True,quadratic_residual,4,20.0,48.000482232059134
external_dual_three_phase_flt5zu_load_20nm,20.0,5,u,False,1,2,50.46243035955226,True,fault_test,0.04,True,True,quadratic_residual,4,20.0,48.000482232059134
external_dual_three_phase_flt5zu_load_20nm,20.0,5,u,False,2,2,98.33497228039403,True,fault_test,0.04,True,True,quadratic_residual,4,20.0,48.000482232059134
external_dual_three_phase_flt5zu_load_20nm,20.0,5,u,False,3,2,169.7143029158111,True,fault_test,0.04,True,True,quadratic_residual,4,20.0,48.000482232059134
external_dual_three_phase_flt5zu_load_20nm,20.0,5,u,False,4,2,267.3664789169782,True,fault_test,0.04,True,True,quadratic_residual,4,20.0,48.000482232059134
external_dual_three_phase_flt5zu_load_20nm,20.0,5,u,False,5,2,403.68708491254074,True,fault_test,0.04,True,True,quadratic_residual,4,20.0,48.000482232059134
external_dual_three_phase_flt5zu_load_20nm,20.0,5,u,False,6,2,612.853056440089,True,fault_test,0.04,True,True,quadratic_residual,4,20.0,48.000482232059134
external_dual_three_phase_flt5zu_load_20nm,20.0,5,u,False,7,2,934.509576514587,True,fault_test,0.04,True,True,quadratic_residual,4,20.0,48.000482232059134
external_dual_three_phase_flt6zu_load_20nm,20.0,6,u,False,0,2,50.405115971195684,True,fault_test,0.04,True,True,quadratic_residual,4,20.0,48.000482232059134
external_dual_three_phase_flt6zu_load_20nm,20.0,6,u,False,1,2,57.115966076818296,True,fault_test,0.04,True,True,quadratic_residual,4,20.0,48.000482232059134
external_dual_three_phase_flt6zu_load_20nm,20.0,6,u,False,2,2,115.69356977418485,True,fault_test,0.04,True,True,quadratic_residual,4,20.0,48.000482232059134
external_dual_three_phase_flt6zu_load_20nm,20.0,6,u,False,3,2,175.89635484589803,True,fault_test,0.04,True,True,quadratic_residual,4,20.0,48.000482232059134
external_dual_three_phase_flt6zu_load_20nm,20.0,6,u,False,4,2,292.0406235537635,True,fault_test,0.04,True,True,quadratic_residual,4,20.0,48.000482232059134
external_dual_three_phase_flt6zu_load_20nm,20.0,6,u,False,5,2,434.0866014281555,True,fault_test,0.04,True,True,quadratic_residual,4,20.0,48.000482232059134
external_dual_three_phase_flt6zu_load_20nm,20.0,6,u,False,6,2,635.4042383663059,True,fault_test,0.04,True,True,quadratic_residual,4,20.0,48.000482232059134
external_dual_three_phase_flt6zu_load_20nm,20.0,6,u,False,7,2,987.9467324496273,True,fault_test,0.04,True,True,quadratic_residual,4,20.0,48.000482232059134
external_dual_three_phase_flt0z_load_10nm,10.0,0,,True,0,2,48.290178661996194,True,calibration,,False,False,spline_residual,4,20.0,48.290178661996194
external_dual_three_phase_flt0z_load_10nm,10.0,0,,True,1,2,6.382591487317954,True,calibration,,False,False,spline_residual,4,20.0,48.290178661996194
external_dual_three_phase_flt0z_load_10nm,10.0,0,,True,2,2,1.7986746348295481,True,calibration,,False,False,spline_residual,4,20.0,48.290178661996194
external_dual_three_phase_flt0z_load_10nm,10.0,0,,True,3,2,1.2538738082928798,True,calibration,,False,False,spline_residual,4,20.0,48.290178661996194
external_dual_three_phase_flt0z_load_10nm,10.0,0,,True,4,2,1.369432918830864,True,calibration,,False,False,spline_residual,4,20.0,48.290178661996194
external_dual_three_phase_flt0z_load_10nm,10.0,0,,True,5,2,1.2175947172325179,True,calibration,,False,False,spline_residual,4,20.0,48.290178661996194
external_dual_three_phase_flt0z_load_10nm,10.0,0,,True,6,2,1.7350904381496428,True,calibration,,False,False,spline_residual,4,20.0,48.290178661996194
external_dual_three_phase_flt0z_load_10nm,10.0,0,,True,7,2,2.6099332953660754,True,calibration,,False,False,spline_residual,4,20.0,48.290178661996194
external_dual_three_phase_flt0z_load_20nm,20.0,0,,True,0,2,40.80550332296728,True,health_test,0.16,False,False,spline_residual,4,20.0,48.290178661996194
external_dual_three_phase_flt0z_load_20nm,20.0,0,,True,1,2,5.031803177106077,True,health_test,0.36,False,False,spline_residual,4,20.0,48.290178661996194
external_dual_three_phase_flt0z_load_20nm,20.0,0,,True,2,2,1.187018991913539,True,health_test,0.8,False,False,spline_residual,4,20.0,48.290178661996194
external_dual_three_phase_flt0z_load_20nm,20.0,0,,True,3,2,0.7094204654603833,True,health_test,0.88,False,False,spline_residual,4,20.0,48.290178661996194
external_dual_three_phase_flt0z_load_20nm,20.0,0,,True,4,2,0.5622340379436099,True,health_test,0.96,False,False,spline_residual,4,20.0,48.290178661996194
external_dual_three_phase_flt0z_load_20nm,20.0,0,,True,5,2,0.5645927887324275,True,health_test,0.96,False,False,spline_residual,4,20.0,48.290178661996194
external_dual_three_phase_flt0z_load_20nm,20.0,0,,True,6,2,1.011438923101548,True,health_test,0.8,False,False,spline_residual,4,20.0,48.290178661996194
external_dual_three_phase_flt0z_load_20nm,20.0,0,,True,7,2,1.5043906460337721,True,health_test,0.64,False,False,spline_residual,4,20.0,48.290178661996194
external_dual_three_phase_flt0z_load_30nm,30.0,0,,True,0,2,47.421580155096,True,calibration,,False,False,spline_residual,4,20.0,48.290178661996194
external_dual_three_phase_flt0z_load_30nm,30.0,0,,True,1,2,5.277022613212015,True,calibration,,False,False,spline_residual,4,20.0,48.290178661996194
external_dual_three_phase_flt0z_load_30nm,30.0,0,,True,2,2,0.7100439864059341,True,calibration,,False,False,spline_residual,4,20.0,48.290178661996194
external_dual_three_phase_flt0z_load_30nm,30.0,0,,True,3,2,0.6346683567287398,True,calibration,,False,False,spline_residual,4,20.0,48.290178661996194
external_dual_three_phase_flt0z_load_30nm,30.0,0,,True,4,2,0.5649025404096446,True,calibration,,False,False,spline_residual,4,20.0,48.290178661996194
external_dual_three_phase_flt0z_load_30nm,30.0,0,,True,5,2,0.5202634432272977,True,calibration,,False,False,spline_residual,4,20.0,48.290178661996194
external_dual_three_phase_flt0z_load_30nm,30.0,0,,True,6,2,1.0100476671127727,True,calibration,,False,False,spline_residual,4,20.0,48.290178661996194
external_dual_three_phase_flt0z_load_30nm,30.0,0,,True,7,2,1.292188016413946,True,calibration,,False,False,spline_residual,4,20.0,48.290178661996194
external_dual_three_phase_flt0z_load_5nm,5.0,0,,True,0,2,45.472489955830824,True,calibration,,False,False,spline_residual,4,20.0,48.290178661996194
external_dual_three_phase_flt0z_load_5nm,5.0,0,,True,1,2,7.271421024971749,True,calibration,,False,False,spline_residual,4,20.0,48.290178661996194
external_dual_three_phase_flt0z_load_5nm,5.0,0,,True,2,2,2.883171652850519,True,calibration,,False,False,spline_residual,4,20.0,48.290178661996194
external_dual_three_phase_flt0z_load_5nm,5.0,0,,True,3,2,3.1272471106002584,True,calibration,,False,False,spline_residual,4,20.0,48.290178661996194
external_dual_three_phase_flt0z_load_5nm,5.0,0,,True,4,2,3.921995147413354,True,calibration,,False,False,spline_residual,4,20.0,48.290178661996194
external_dual_three_phase_flt0z_load_5nm,5.0,0,,True,5,2,4.733455537847204,True,calibration,,False,False,spline_residual,4,20.0,48.290178661996194
external_dual_three_phase_flt0z_load_5nm,5.0,0,,True,6,2,6.669419984533347,True,calibration,,False,False,spline_residual,4,20.0,48.290178661996194
external_dual_three_phase_flt0z_load_5nm,5.0,0,,True,7,2,12.180575106113707,True,calibration,,False,False,spline_residual,4,20.0,48.290178661996194
external_dual_three_phase_flt1zu_load_20nm,20.0,1,u,False,0,2,49.25743637850248,True,fault_test,0.04,True,True,spline_residual,4,20.0,48.290178661996194
external_dual_three_phase_flt1zu_load_20nm,20.0,1,u,False,1,2,7.175018545149026,True,fault_test,0.24,False,False,spline_residual,4,20.0,48.290178661996194
external_dual_three_phase_flt1zu_load_20nm,20.0,1,u,False,2,2,9.039835184126336,True,fault_test,0.2,False,False,spline_residual,4,20.0,48.290178661996194
external_dual_three_phase_flt1zu_load_20nm,20.0,1,u,False,3,2,12.249168783020298,True,fault_test,0.16,False,False,spline_residual,4,20.0,48.290178661996194
external_dual_three_phase_flt1zu_load_20nm,20.0,1,u,False,4,2,25.482418568110887,True,fault_test,0.16,False,False,spline_residual,4,20.0,48.290178661996194
external_dual_three_phase_flt1zu_load_20nm,20.0,1,u,False,5,2,57.72093515084441,True,fault_test,0.04,True,True,spline_residual,4,20.0,48.290178661996194
external_dual_three_phase_flt1zu_load_20nm,20.0,1,u,False,6,2,110.331115424773,True,fault_test,0.04,True,True,spline_residual,4,20.0,48.290178661996194
external_dual_three_phase_flt1zu_load_20nm,20.0,1,u,False,7,2,220.82470407309336,True,fault_test,0.04,True,True,spline_residual,4,20.0,48.290178661996194
external_dual_three_phase_flt2zv_load_20nm,20.0,2,v,False,0,2,44.35987455563448,True,fault_test,0.16,False,False,spline_residual,4,20.0,48.290178661996194
external_dual_three_phase_flt2zv_load_20nm,20.0,2,v,False,1,2,13.674000378164582,True,fault_test,0.16,False,False,spline_residual,4,20.0,48.290178661996194
external_dual_three_phase_flt2zv_load_20nm,20.0,2,v,False,2,2,46.02066556311601,True,fault_test,0.12,False,False,spline_residual,4,20.0,48.290178661996194
external_dual_three_phase_flt2zv_load_20nm,20.0,2,v,False,3,2,79.9190985458097,True,fault_test,0.04,True,True,spline_residual,4,20.0,48.290178661996194
external_dual_three_phase_flt2zv_load_20nm,20.0,2,v,False,4,2,161.9909431746736,True,fault_test,0.04,True,True,spline_residual,4,20.0,48.290178661996194
external_dual_three_phase_flt2zv_load_20nm,20.0,2,v,False,5,2,272.65604262954434,True,fault_test,0.04,True,True,spline_residual,4,20.0,48.290178661996194
external_dual_three_phase_flt2zv_load_20nm,20.0,2,v,False,6,2,426.9642715635738,True,fault_test,0.04,True,True,spline_residual,4,20.0,48.290178661996194
external_dual_three_phase_flt2zv_load_20nm,20.0,2,v,False,7,2,760.2899207914843,True,fault_test,0.04,True,True,spline_residual,4,20.0,48.290178661996194
external_dual_three_phase_flt3zu_load_20nm,20.0,3,u,False,0,2,57.78379649587746,True,fault_test,0.04,True,True,spline_residual,4,20.0,48.290178661996194
external_dual_three_phase_flt3zu_load_20nm,20.0,3,u,False,1,2,63.10030328298275,True,fault_test,0.04,True,True,spline_residual,4,20.0,48.290178661996194
external_dual_three_phase_flt3zu_load_20nm,20.0,3,u,False,2,2,118.76132228759711,True,fault_test,0.04,True,True,spline_residual,4,20.0,48.290178661996194
external_dual_three_phase_flt3zu_load_20nm,20.0,3,u,False,3,2,224.08177037204703,True,fault_test,0.04,True,True,spline_residual,4,20.0,48.290178661996194
external_dual_three_phase_flt3zu_load_20nm,20.0,3,u,False,4,2,397.58975886271355,True,fault_test,0.04,True,True,spline_residual,4,20.0,48.290178661996194
external_dual_three_phase_flt3zu_load_20nm,20.0,3,u,False,5,2,627.5812634216359,True,fault_test,0.04,True,True,spline_residual,4,20.0,48.290178661996194
external_dual_three_phase_flt3zu_load_20nm,20.0,3,u,False,6,2,948.8786505766656,True,fault_test,0.04,True,True,spline_residual,4,20.0,48.290178661996194
external_dual_three_phase_flt3zu_load_20nm,20.0,3,u,False,7,2,1552.3989053186679,True,fault_test,0.04,True,True,spline_residual,4,20.0,48.290178661996194
external_dual_three_phase_flt4zv_load_20nm,20.0,4,v,False,0,2,47.207989610827575,True,fault_test,0.12,False,False,spline_residual,4,20.0,48.290178661996194
external_dual_three_phase_flt4zv_load_20nm,20.0,4,v,False,1,2,49.231544246823894,True,fault_test,0.04,True,True,spline_residual,4,20.0,48.290178661996194
external_dual_three_phase_flt4zv_load_20nm,20.0,4,v,False,2,2,102.04287492968272,True,fault_test,0.04,True,True,spline_residual,4,20.0,48.290178661996194
external_dual_three_phase_flt4zv_load_20nm,20.0,4,v,False,3,2,178.37654402097087,True,fault_test,0.04,True,True,spline_residual,4,20.0,48.290178661996194
external_dual_three_phase_flt4zv_load_20nm,20.0,4,v,False,4,2,306.2627656771764,True,fault_test,0.04,True,True,spline_residual,4,20.0,48.290178661996194
external_dual_three_phase_flt4zv_load_20nm,20.0,4,v,False,5,2,490.95486077029136,True,fault_test,0.04,True,True,spline_residual,4,20.0,48.290178661996194
external_dual_three_phase_flt4zv_load_20nm,20.0,4,v,False,6,2,729.4652866402764,True,fault_test,0.04,True,True,spline_residual,4,20.0,48.290178661996194
external_dual_three_phase_flt4zv_load_20nm,20.0,4,v,False,7,2,1164.6246728016995,True,fault_test,0.04,True,True,spline_residual,4,20.0,48.290178661996194
external_dual_three_phase_flt5zu_load_20nm,20.0,5,u,False,0,2,51.957549878289676,True,fault_test,0.04,True,True,spline_residual,4,20.0,48.290178661996194
external_dual_three_phase_flt5zu_load_20nm,20.0,5,u,False,1,2,58.31737586144376,True,fault_test,0.04,True,True,spline_residual,4,20.0,48.290178661996194
external_dual_three_phase_flt5zu_load_20nm,20.0,5,u,False,2,2,109.62173496049681,True,fault_test,0.04,True,True,spline_residual,4,20.0,48.290178661996194
external_dual_three_phase_flt5zu_load_20nm,20.0,5,u,False,3,2,180.96398190535308,True,fault_test,0.04,True,True,spline_residual,4,20.0,48.290178661996194
external_dual_three_phase_flt5zu_load_20nm,20.0,5,u,False,4,2,282.2926123403005,True,fault_test,0.04,True,True,spline_residual,4,20.0,48.290178661996194
external_dual_three_phase_flt5zu_load_20nm,20.0,5,u,False,5,2,411.8244680107921,True,fault_test,0.04,True,True,spline_residual,4,20.0,48.290178661996194
external_dual_three_phase_flt5zu_load_20nm,20.0,5,u,False,6,2,610.8823116650674,True,fault_test,0.04,True,True,spline_residual,4,20.0,48.290178661996194
external_dual_three_phase_flt5zu_load_20nm,20.0,5,u,False,7,2,958.0795311895517,True,fault_test,0.04,True,True,spline_residual,4,20.0,48.290178661996194
external_dual_three_phase_flt6zu_load_20nm,20.0,6,u,False,0,2,55.50552745512986,True,fault_test,0.04,True,True,spline_residual,4,20.0,48.290178661996194
external_dual_three_phase_flt6zu_load_20nm,20.0,6,u,False,1,2,63.54104919840301,True,fault_test,0.04,True,True,spline_residual,4,20.0,48.290178661996194
external_dual_three_phase_flt6zu_load_20nm,20.0,6,u,False,2,2,126.29116568183677,True,fault_test,0.04,True,True,spline_residual,4,20.0,48.290178661996194
external_dual_three_phase_flt6zu_load_20nm,20.0,6,u,False,3,2,185.3005932425392,True,fault_test,0.04,True,True,spline_residual,4,20.0,48.290178661996194
external_dual_three_phase_flt6zu_load_20nm,20.0,6,u,False,4,2,306.9760331170485,True,fault_test,0.04,True,True,spline_residual,4,20.0,48.290178661996194
external_dual_three_phase_flt6zu_load_20nm,20.0,6,u,False,5,2,441.51826990879937,True,fault_test,0.04,True,True,spline_residual,4,20.0,48.290178661996194
external_dual_three_phase_flt6zu_load_20nm,20.0,6,u,False,6,2,631.5432076204885,True,fault_test,0.04,True,True,spline_residual,4,20.0,48.290178661996194
external_dual_three_phase_flt6zu_load_20nm,20.0,6,u,False,7,2,1008.9908030177097,True,fault_test,0.04,True,True,spline_residual,4,20.0,48.290178661996194
external_dual_three_phase_flt0z_load_10nm,10.0,0,,True,0,2,34.06205340885362,True,calibration,,False,False,spline_local_scale,4,20.0,34.06205340885362
external_dual_three_phase_flt0z_load_10nm,10.0,0,,True,1,2,14.390376862420007,True,calibration,,False,False,spline_local_scale,4,20.0,34.06205340885362
external_dual_three_phase_flt0z_load_10nm,10.0,0,,True,2,2,5.604234459821752,True,calibration,,False,False,spline_local_scale,4,20.0,34.06205340885362
external_dual_three_phase_flt0z_load_10nm,10.0,0,,True,3,2,3.530316011301491,True,calibration,,False,False,spline_local_scale,4,20.0,34.06205340885362
external_dual_three_phase_flt0z_load_10nm,10.0,0,,True,4,2,4.337992826394959,True,calibration,,False,False,spline_local_scale,4,20.0,34.06205340885362
external_dual_three_phase_flt0z_load_10nm,10.0,0,,True,5,2,3.710961570390115,True,calibration,,False,False,spline_local_scale,4,20.0,34.06205340885362
external_dual_three_phase_flt0z_load_10nm,10.0,0,,True,6,2,4.314695606052277,True,calibration,,False,False,spline_local_scale,4,20.0,34.06205340885362
external_dual_three_phase_flt0z_load_10nm,10.0,0,,True,7,2,8.336145228252803,True,calibration,,False,False,spline_local_scale,4,20.0,34.06205340885362
external_dual_three_phase_flt0z_load_20nm,20.0,0,,True,0,2,66.19455400034042,True,health_test,0.04,True,True,spline_local_scale,4,20.0,34.06205340885362
external_dual_three_phase_flt0z_load_20nm,20.0,0,,True,1,2,32.840499210130915,True,health_test,0.08,False,False,spline_local_scale,4,20.0,34.06205340885362
external_dual_three_phase_flt0z_load_20nm,20.0,0,,True,2,2,22.07547595734227,True,health_test,0.12,False,False,spline_local_scale,4,20.0,34.06205340885362
external_dual_three_phase_flt0z_load_20nm,20.0,0,,True,3,2,16.598805801652382,True,health_test,0.2,False,False,spline_local_scale,4,20.0,34.06205340885362
external_dual_three_phase_flt0z_load_20nm,20.0,0,,True,4,2,17.42373665809044,True,health_test,0.2,False,False,spline_local_scale,4,20.0,34.06205340885362
external_dual_three_phase_flt0z_load_20nm,20.0,0,,True,5,2,12.739473673218235,True,health_test,0.24,False,False,spline_local_scale,4,20.0,34.06205340885362
external_dual_three_phase_flt0z_load_20nm,20.0,0,,True,6,2,16.584068905961978,True,health_test,0.2,False,False,spline_local_scale,4,20.0,34.06205340885362
external_dual_three_phase_flt0z_load_20nm,20.0,0,,True,7,2,31.28621681626816,True,health_test,0.08,False,False,spline_local_scale,4,20.0,34.06205340885362
external_dual_three_phase_flt0z_load_30nm,30.0,0,,True,0,2,26.218223048123306,True,calibration,,False,False,spline_local_scale,4,20.0,34.06205340885362
external_dual_three_phase_flt0z_load_30nm,30.0,0,,True,1,2,9.506384576951959,True,calibration,,False,False,spline_local_scale,4,20.0,34.06205340885362
external_dual_three_phase_flt0z_load_30nm,30.0,0,,True,2,2,4.177662419708599,True,calibration,,False,False,spline_local_scale,4,20.0,34.06205340885362
external_dual_three_phase_flt0z_load_30nm,30.0,0,,True,3,2,3.4320162113708332,True,calibration,,False,False,spline_local_scale,4,20.0,34.06205340885362
external_dual_three_phase_flt0z_load_30nm,30.0,0,,True,4,2,4.107894208906266,True,calibration,,False,False,spline_local_scale,4,20.0,34.06205340885362
external_dual_three_phase_flt0z_load_30nm,30.0,0,,True,5,2,3.0827222275379444,True,calibration,,False,False,spline_local_scale,4,20.0,34.06205340885362
external_dual_three_phase_flt0z_load_30nm,30.0,0,,True,6,2,3.3933873526910707,True,calibration,,False,False,spline_local_scale,4,20.0,34.06205340885362
external_dual_three_phase_flt0z_load_30nm,30.0,0,,True,7,2,5.101166629331782,True,calibration,,False,False,spline_local_scale,4,20.0,34.06205340885362
external_dual_three_phase_flt0z_load_5nm,5.0,0,,True,0,2,21.581953009918216,True,calibration,,False,False,spline_local_scale,4,20.0,34.06205340885362
external_dual_three_phase_flt0z_load_5nm,5.0,0,,True,1,2,9.34545633256457,True,calibration,,False,False,spline_local_scale,4,20.0,34.06205340885362
external_dual_three_phase_flt0z_load_5nm,5.0,0,,True,2,2,3.8937388949197036,True,calibration,,False,False,spline_local_scale,4,20.0,34.06205340885362
external_dual_three_phase_flt0z_load_5nm,5.0,0,,True,3,2,4.571625018784394,True,calibration,,False,False,spline_local_scale,4,20.0,34.06205340885362
external_dual_three_phase_flt0z_load_5nm,5.0,0,,True,4,2,6.101656587378496,True,calibration,,False,False,spline_local_scale,4,20.0,34.06205340885362
external_dual_three_phase_flt0z_load_5nm,5.0,0,,True,5,2,7.204948576522433,True,calibration,,False,False,spline_local_scale,4,20.0,34.06205340885362
external_dual_three_phase_flt0z_load_5nm,5.0,0,,True,6,2,8.55151084452264,True,calibration,,False,False,spline_local_scale,4,20.0,34.06205340885362
external_dual_three_phase_flt0z_load_5nm,5.0,0,,True,7,2,18.74801774734818,True,calibration,,False,False,spline_local_scale,4,20.0,34.06205340885362
external_dual_three_phase_flt1zu_load_20nm,20.0,1,u,False,0,2,66.18436459789123,True,fault_test,0.04,True,True,spline_local_scale,4,20.0,34.06205340885362
external_dual_three_phase_flt1zu_load_20nm,20.0,1,u,False,1,2,34.924922918509495,True,fault_test,0.04,True,True,spline_local_scale,4,20.0,34.06205340885362
external_dual_three_phase_flt1zu_load_20nm,20.0,1,u,False,2,2,46.670195483436125,True,fault_test,0.04,True,True,spline_local_scale,4,20.0,34.06205340885362
external_dual_three_phase_flt1zu_load_20nm,20.0,1,u,False,3,2,65.58690832165219,True,fault_test,0.04,True,True,spline_local_scale,4,20.0,34.06205340885362
external_dual_three_phase_flt1zu_load_20nm,20.0,1,u,False,4,2,114.91634283112296,True,fault_test,0.04,True,True,spline_local_scale,4,20.0,34.06205340885362
external_dual_three_phase_flt1zu_load_20nm,20.0,1,u,False,5,2,284.08673801256646,True,fault_test,0.04,True,True,spline_local_scale,4,20.0,34.06205340885362
external_dual_three_phase_flt1zu_load_20nm,20.0,1,u,False,6,2,618.1235004825057,True,fault_test,0.04,True,True,spline_local_scale,4,20.0,34.06205340885362
external_dual_three_phase_flt1zu_load_20nm,20.0,1,u,False,7,2,1633.8330718202658,True,fault_test,0.04,True,True,spline_local_scale,4,20.0,34.06205340885362
external_dual_three_phase_flt2zv_load_20nm,20.0,2,v,False,0,2,62.22326918851877,True,fault_test,0.04,True,True,spline_local_scale,4,20.0,34.06205340885362
external_dual_three_phase_flt2zv_load_20nm,20.0,2,v,False,1,2,103.84102204155315,True,fault_test,0.04,True,True,spline_local_scale,4,20.0,34.06205340885362
external_dual_three_phase_flt2zv_load_20nm,20.0,2,v,False,2,2,358.80207856220693,True,fault_test,0.04,True,True,spline_local_scale,4,20.0,34.06205340885362
external_dual_three_phase_flt2zv_load_20nm,20.0,2,v,False,3,2,622.3788589321059,True,fault_test,0.04,True,True,spline_local_scale,4,20.0,34.06205340885362
external_dual_three_phase_flt2zv_load_20nm,20.0,2,v,False,4,2,1113.9485169640693,True,fault_test,0.04,True,True,spline_local_scale,4,20.0,34.06205340885362
external_dual_three_phase_flt2zv_load_20nm,20.0,2,v,False,5,2,1719.2419507550287,True,fault_test,0.04,True,True,spline_local_scale,4,20.0,34.06205340885362
external_dual_three_phase_flt2zv_load_20nm,20.0,2,v,False,6,2,2736.2873801709875,True,fault_test,0.04,True,True,spline_local_scale,4,20.0,34.06205340885362
external_dual_three_phase_flt2zv_load_20nm,20.0,2,v,False,7,2,5465.486483655972,True,fault_test,0.04,True,True,spline_local_scale,4,20.0,34.06205340885362
external_dual_three_phase_flt3zu_load_20nm,20.0,3,u,False,0,2,110.11396296442007,True,fault_test,0.04,True,True,spline_local_scale,4,20.0,34.06205340885362
external_dual_three_phase_flt3zu_load_20nm,20.0,3,u,False,1,2,315.5436365462235,True,fault_test,0.04,True,True,spline_local_scale,4,20.0,34.06205340885362
external_dual_three_phase_flt3zu_load_20nm,20.0,3,u,False,2,2,603.3754212564585,True,fault_test,0.04,True,True,spline_local_scale,4,20.0,34.06205340885362
external_dual_three_phase_flt3zu_load_20nm,20.0,3,u,False,3,2,1094.627344148158,True,fault_test,0.04,True,True,spline_local_scale,4,20.0,34.06205340885362
external_dual_three_phase_flt3zu_load_20nm,20.0,3,u,False,4,2,1913.1492101587608,True,fault_test,0.04,True,True,spline_local_scale,4,20.0,34.06205340885362
external_dual_three_phase_flt3zu_load_20nm,20.0,3,u,False,5,2,3211.2669705545686,True,fault_test,0.04,True,True,spline_local_scale,4,20.0,34.06205340885362
external_dual_three_phase_flt3zu_load_20nm,20.0,3,u,False,6,2,5353.323901149895,True,fault_test,0.04,True,True,spline_local_scale,4,20.0,34.06205340885362
external_dual_three_phase_flt3zu_load_20nm,20.0,3,u,False,7,2,10958.475117725975,True,fault_test,0.04,True,True,spline_local_scale,4,20.0,34.06205340885362
external_dual_three_phase_flt4zv_load_20nm,20.0,4,v,False,0,2,127.95547279472349,True,fault_test,0.04,True,True,spline_local_scale,4,20.0,34.06205340885362
external_dual_three_phase_flt4zv_load_20nm,20.0,4,v,False,1,2,346.5751195853944,True,fault_test,0.04,True,True,spline_local_scale,4,20.0,34.06205340885362
external_dual_three_phase_flt4zv_load_20nm,20.0,4,v,False,2,2,771.6615435071847,True,fault_test,0.04,True,True,spline_local_scale,4,20.0,34.06205340885362
external_dual_three_phase_flt4zv_load_20nm,20.0,4,v,False,3,2,1285.723816573732,True,fault_test,0.04,True,True,spline_local_scale,4,20.0,34.06205340885362
external_dual_three_phase_flt4zv_load_20nm,20.0,4,v,False,4,2,1924.8436753356073,True,fault_test,0.04,True,True,spline_local_scale,4,20.0,34.06205340885362
external_dual_three_phase_flt4zv_load_20nm,20.0,4,v,False,5,2,2843.8733945101676,True,fault_test,0.04,True,True,spline_local_scale,4,20.0,34.06205340885362
external_dual_three_phase_flt4zv_load_20nm,20.0,4,v,False,6,2,4462.473357033706,True,fault_test,0.04,True,True,spline_local_scale,4,20.0,34.06205340885362
external_dual_three_phase_flt4zv_load_20nm,20.0,4,v,False,7,2,8021.153169562308,True,fault_test,0.04,True,True,spline_local_scale,4,20.0,34.06205340885362
external_dual_three_phase_flt5zu_load_20nm,20.0,5,u,False,0,2,142.45804214573167,True,fault_test,0.04,True,True,spline_local_scale,4,20.0,34.06205340885362
external_dual_three_phase_flt5zu_load_20nm,20.0,5,u,False,1,2,303.67874396208543,True,fault_test,0.04,True,True,spline_local_scale,4,20.0,34.06205340885362
external_dual_three_phase_flt5zu_load_20nm,20.0,5,u,False,2,2,634.4310581520411,True,fault_test,0.04,True,True,spline_local_scale,4,20.0,34.06205340885362
external_dual_three_phase_flt5zu_load_20nm,20.0,5,u,False,3,2,1135.1293811299583,True,fault_test,0.04,True,True,spline_local_scale,4,20.0,34.06205340885362
external_dual_three_phase_flt5zu_load_20nm,20.0,5,u,False,4,2,1748.6276424167204,True,fault_test,0.04,True,True,spline_local_scale,4,20.0,34.06205340885362
external_dual_three_phase_flt5zu_load_20nm,20.0,5,u,False,5,2,2663.9426266945834,True,fault_test,0.04,True,True,spline_local_scale,4,20.0,34.06205340885362
external_dual_three_phase_flt5zu_load_20nm,20.0,5,u,False,6,2,4040.7070911671462,True,fault_test,0.04,True,True,spline_local_scale,4,20.0,34.06205340885362
external_dual_three_phase_flt5zu_load_20nm,20.0,5,u,False,7,2,8200.194810593173,True,fault_test,0.04,True,True,spline_local_scale,4,20.0,34.06205340885362
external_dual_three_phase_flt6zu_load_20nm,20.0,6,u,False,0,2,175.7461828428074,True,fault_test,0.04,True,True,spline_local_scale,4,20.0,34.06205340885362
external_dual_three_phase_flt6zu_load_20nm,20.0,6,u,False,1,2,344.1794987063563,True,fault_test,0.04,True,True,spline_local_scale,4,20.0,34.06205340885362
external_dual_three_phase_flt6zu_load_20nm,20.0,6,u,False,2,2,737.8931634647817,True,fault_test,0.04,True,True,spline_local_scale,4,20.0,34.06205340885362
external_dual_three_phase_flt6zu_load_20nm,20.0,6,u,False,3,2,1195.825263289524,True,fault_test,0.04,True,True,spline_local_scale,4,20.0,34.06205340885362
external_dual_three_phase_flt6zu_load_20nm,20.0,6,u,False,4,2,1938.8340374821664,True,fault_test,0.04,True,True,spline_local_scale,4,20.0,34.06205340885362
external_dual_three_phase_flt6zu_load_20nm,20.0,6,u,False,5,2,2892.141359465555,True,fault_test,0.04,True,True,spline_local_scale,4,20.0,34.06205340885362
external_dual_three_phase_flt6zu_load_20nm,20.0,6,u,False,6,2,4203.324577738161,True,fault_test,0.04,True,True,spline_local_scale,4,20.0,34.06205340885362
external_dual_three_phase_flt6zu_load_20nm,20.0,6,u,False,7,2,8675.385710183327,True,fault_test,0.04,True,True,spline_local_scale,4,20.0,34.06205340885362
external_dual_three_phase_flt0z_load_10nm,10.0,0,,True,0,2,0.47133958833042794,True,calibration,,False,False,isolation_forest,4,20.0,0.5090813629633886
external_dual_three_phase_flt0z_load_10nm,10.0,0,,True,1,2,0.41167159867161557,True,calibration,,False,False,isolation_forest,4,20.0,0.5090813629633886
external_dual_three_phase_flt0z_load_10nm,10.0,0,,True,2,2,0.40406458349161456,True,calibration,,False,False,isolation_forest,4,20.0,0.5090813629633886
external_dual_three_phase_flt0z_load_10nm,10.0,0,,True,3,2,0.3900497287710509,True,calibration,,False,False,isolation_forest,4,20.0,0.5090813629633886
external_dual_three_phase_flt0z_load_10nm,10.0,0,,True,4,2,0.39856542669699646,True,calibration,,False,False,isolation_forest,4,20.0,0.5090813629633886
external_dual_three_phase_flt0z_load_10nm,10.0,0,,True,5,2,0.3889597716442811,True,calibration,,False,False,isolation_forest,4,20.0,0.5090813629633886
external_dual_three_phase_flt0z_load_10nm,10.0,0,,True,6,2,0.4011899559052019,True,calibration,,False,False,isolation_forest,4,20.0,0.5090813629633886
external_dual_three_phase_flt0z_load_10nm,10.0,0,,True,7,2,0.41862215209102005,True,calibration,,False,False,isolation_forest,4,20.0,0.5090813629633886
external_dual_three_phase_flt0z_load_20nm,20.0,0,,True,0,2,0.4557635419309146,True,health_test,0.2,False,False,isolation_forest,4,20.0,0.5090813629633886
external_dual_three_phase_flt0z_load_20nm,20.0,0,,True,1,2,0.37631264541439324,True,health_test,0.72,False,False,isolation_forest,4,20.0,0.5090813629633886
external_dual_three_phase_flt0z_load_20nm,20.0,0,,True,2,2,0.3668524229852472,True,health_test,0.76,False,False,isolation_forest,4,20.0,0.5090813629633886
external_dual_three_phase_flt0z_load_20nm,20.0,0,,True,3,2,0.35142268330829585,True,health_test,0.84,False,False,isolation_forest,4,20.0,0.5090813629633886
external_dual_three_phase_flt0z_load_20nm,20.0,0,,True,4,2,0.34863471229552706,True,health_test,0.84,False,False,isolation_forest,4,20.0,0.5090813629633886
external_dual_three_phase_flt0z_load_20nm,20.0,0,,True,5,2,0.3496965181954931,True,health_test,0.84,False,False,isolation_forest,4,20.0,0.5090813629633886
external_dual_three_phase_flt0z_load_20nm,20.0,0,,True,6,2,0.3576128399151005,True,health_test,0.76,False,False,isolation_forest,4,20.0,0.5090813629633886
external_dual_three_phase_flt0z_load_20nm,20.0,0,,True,7,2,0.3692064306212575,True,health_test,0.72,False,False,isolation_forest,4,20.0,0.5090813629633886
external_dual_three_phase_flt0z_load_30nm,30.0,0,,True,0,2,0.46056819875219757,True,calibration,,False,False,isolation_forest,4,20.0,0.5090813629633886
external_dual_three_phase_flt0z_load_30nm,30.0,0,,True,1,2,0.36820114371242274,True,calibration,,False,False,isolation_forest,4,20.0,0.5090813629633886
external_dual_three_phase_flt0z_load_30nm,30.0,0,,True,2,2,0.3518398426021754,True,calibration,,False,False,isolation_forest,4,20.0,0.5090813629633886
external_dual_three_phase_flt0z_load_30nm,30.0,0,,True,3,2,0.340553002760749,True,calibration,,False,False,isolation_forest,4,20.0,0.5090813629633886
external_dual_three_phase_flt0z_load_30nm,30.0,0,,True,4,2,0.34807799042479826,True,calibration,,False,False,isolation_forest,4,20.0,0.5090813629633886
external_dual_three_phase_flt0z_load_30nm,30.0,0,,True,5,2,0.34160004316847054,True,calibration,,False,False,isolation_forest,4,20.0,0.5090813629633886
external_dual_three_phase_flt0z_load_30nm,30.0,0,,True,6,2,0.3478319653548541,True,calibration,,False,False,isolation_forest,4,20.0,0.5090813629633886
external_dual_three_phase_flt0z_load_30nm,30.0,0,,True,7,2,0.35414349288378855,True,calibration,,False,False,isolation_forest,4,20.0,0.5090813629633886
external_dual_three_phase_flt0z_load_5nm,5.0,0,,True,0,2,0.5090813629633886,True,calibration,,False,False,isolation_forest,4,20.0,0.5090813629633886
external_dual_three_phase_flt0z_load_5nm,5.0,0,,True,1,2,0.4414604901492399,True,calibration,,False,False,isolation_forest,4,20.0,0.5090813629633886
external_dual_three_phase_flt0z_load_5nm,5.0,0,,True,2,2,0.4283826480171643,True,calibration,,False,False,isolation_forest,4,20.0,0.5090813629633886
external_dual_three_phase_flt0z_load_5nm,5.0,0,,True,3,2,0.42880427953672934,True,calibration,,False,False,isolation_forest,4,20.0,0.5090813629633886
external_dual_three_phase_flt0z_load_5nm,5.0,0,,True,4,2,0.43053515093108613,True,calibration,,False,False,isolation_forest,4,20.0,0.5090813629633886
external_dual_three_phase_flt0z_load_5nm,5.0,0,,True,5,2,0.43401598339376574,True,calibration,,False,False,isolation_forest,4,20.0,0.5090813629633886
external_dual_three_phase_flt0z_load_5nm,5.0,0,,True,6,2,0.4475128932506201,True,calibration,,False,False,isolation_forest,4,20.0,0.5090813629633886
external_dual_three_phase_flt0z_load_5nm,5.0,0,,True,7,2,0.4715886151876254,True,calibration,,False,False,isolation_forest,4,20.0,0.5090813629633886
external_dual_three_phase_flt1zu_load_20nm,20.0,1,u,False,0,2,0.47601784169660444,True,fault_test,0.08,False,False,isolation_forest,4,20.0,0.5090813629633886
external_dual_three_phase_flt1zu_load_20nm,20.0,1,u,False,1,2,0.41121855483789543,True,fault_test,0.52,False,False,isolation_forest,4,20.0,0.5090813629633886
external_dual_three_phase_flt1zu_load_20nm,20.0,1,u,False,2,2,0.43378094188887845,True,fault_test,0.32,False,False,isolation_forest,4,20.0,0.5090813629633886
external_dual_three_phase_flt1zu_load_20nm,20.0,1,u,False,3,2,0.4388225279465891,True,fault_test,0.28,False,False,isolation_forest,4,20.0,0.5090813629633886
external_dual_three_phase_flt1zu_load_20nm,20.0,1,u,False,4,2,0.4463183245343983,True,fault_test,0.24,False,False,isolation_forest,4,20.0,0.5090813629633886
external_dual_three_phase_flt1zu_load_20nm,20.0,1,u,False,5,2,0.46284546093995005,True,fault_test,0.16,False,False,isolation_forest,4,20.0,0.5090813629633886
external_dual_three_phase_flt1zu_load_20nm,20.0,1,u,False,6,2,0.4896960284376651,True,fault_test,0.08,False,False,isolation_forest,4,20.0,0.5090813629633886
external_dual_three_phase_flt1zu_load_20nm,20.0,1,u,False,7,2,0.5123566261284777,True,fault_test,0.04,True,True,isolation_forest,4,20.0,0.5090813629633886
external_dual_three_phase_flt2zv_load_20nm,20.0,2,v,False,0,2,0.4490306450466405,True,fault_test,0.2,False,False,isolation_forest,4,20.0,0.5090813629633886
external_dual_three_phase_flt2zv_load_20nm,20.0,2,v,False,1,2,0.42743809268391014,True,fault_test,0.44,False,False,isolation_forest,4,20.0,0.5090813629633886
external_dual_three_phase_flt2zv_load_20nm,20.0,2,v,False,2,2,0.46569828013655606,True,fault_test,0.16,False,False,isolation_forest,4,20.0,0.5090813629633886
external_dual_three_phase_flt2zv_load_20nm,20.0,2,v,False,3,2,0.5138804247476184,True,fault_test,0.04,True,True,isolation_forest,4,20.0,0.5090813629633886
external_dual_three_phase_flt2zv_load_20nm,20.0,2,v,False,4,2,0.546281894529204,True,fault_test,0.04,True,True,isolation_forest,4,20.0,0.5090813629633886
external_dual_three_phase_flt2zv_load_20nm,20.0,2,v,False,5,2,0.5797570830688361,True,fault_test,0.04,True,True,isolation_forest,4,20.0,0.5090813629633886
external_dual_three_phase_flt2zv_load_20nm,20.0,2,v,False,6,2,0.5988316517749978,True,fault_test,0.04,True,True,isolation_forest,4,20.0,0.5090813629633886
external_dual_three_phase_flt2zv_load_20nm,20.0,2,v,False,7,2,0.6216065002371478,True,fault_test,0.04,True,True,isolation_forest,4,20.0,0.5090813629633886
external_dual_three_phase_flt3zu_load_20nm,20.0,3,u,False,0,2,0.47750372693950743,True,fault_test,0.08,False,False,isolation_forest,4,20.0,0.5090813629633886
external_dual_three_phase_flt3zu_load_20nm,20.0,3,u,False,1,2,0.4748941429673159,True,fault_test,0.08,False,False,isolation_forest,4,20.0,0.5090813629633886
external_dual_three_phase_flt3zu_load_20nm,20.0,3,u,False,2,2,0.4852175993382603,True,fault_test,0.08,False,False,isolation_forest,4,20.0,0.5090813629633886
external_dual_three_phase_flt3zu_load_20nm,20.0,3,u,False,3,2,0.515410137390398,True,fault_test,0.04,True,True,isolation_forest,4,20.0,0.5090813629633886
external_dual_three_phase_flt3zu_load_20nm,20.0,3,u,False,4,2,0.5442531068909386,True,fault_test,0.04,True,True,isolation_forest,4,20.0,0.5090813629633886
external_dual_three_phase_flt3zu_load_20nm,20.0,3,u,False,5,2,0.5663869187679244,True,fault_test,0.04,True,True,isolation_forest,4,20.0,0.5090813629633886
external_dual_three_phase_flt3zu_load_20nm,20.0,3,u,False,6,2,0.5801944738972238,True,fault_test,0.04,True,True,isolation_forest,4,20.0,0.5090813629633886
external_dual_three_phase_flt3zu_load_20nm,20.0,3,u,False,7,2,0.5947409589606213,True,fault_test,0.04,True,True,isolation_forest,4,20.0,0.5090813629633886
external_dual_three_phase_flt4zv_load_20nm,20.0,4,v,False,0,2,0.46618876659925057,True,fault_test,0.16,False,False,isolation_forest,4,20.0,0.5090813629633886
external_dual_three_phase_flt4zv_load_20nm,20.0,4,v,False,1,2,0.47379586850619365,True,fault_test,0.08,False,False,isolation_forest,4,20.0,0.5090813629633886
external_dual_three_phase_flt4zv_load_20nm,20.0,4,v,False,2,2,0.5200460902317234,True,fault_test,0.04,True,True,isolation_forest,4,20.0,0.5090813629633886
external_dual_three_phase_flt4zv_load_20nm,20.0,4,v,False,3,2,0.5625231289251051,True,fault_test,0.04,True,True,isolation_forest,4,20.0,0.5090813629633886
external_dual_three_phase_flt4zv_load_20nm,20.0,4,v,False,4,2,0.5948410952046771,True,fault_test,0.04,True,True,isolation_forest,4,20.0,0.5090813629633886
external_dual_three_phase_flt4zv_load_20nm,20.0,4,v,False,5,2,0.5944021002619998,True,fault_test,0.04,True,True,isolation_forest,4,20.0,0.5090813629633886
external_dual_three_phase_flt4zv_load_20nm,20.0,4,v,False,6,2,0.6136219353138865,True,fault_test,0.04,True,True,isolation_forest,4,20.0,0.5090813629633886
external_dual_three_phase_flt4zv_load_20nm,20.0,4,v,False,7,2,0.6248065259814641,True,fault_test,0.04,True,True,isolation_forest,4,20.0,0.5090813629633886
external_dual_three_phase_flt5zu_load_20nm,20.0,5,u,False,0,2,0.5154286064490711,True,fault_test,0.04,True,True,isolation_forest,4,20.0,0.5090813629633886
external_dual_three_phase_flt5zu_load_20nm,20.0,5,u,False,1,2,0.4849303170854648,True,fault_test,0.08,False,False,isolation_forest,4,20.0,0.5090813629633886
external_dual_three_phase_flt5zu_load_20nm,20.0,5,u,False,2,2,0.5013902505253399,True,fault_test,0.08,False,False,isolation_forest,4,20.0,0.5090813629633886
external_dual_three_phase_flt5zu_load_20nm,20.0,5,u,False,3,2,0.5214733948559598,True,fault_test,0.04,True,True,isolation_forest,4,20.0,0.5090813629633886
external_dual_three_phase_flt5zu_load_20nm,20.0,5,u,False,4,2,0.5497081487078371,True,fault_test,0.04,True,True,isolation_forest,4,20.0,0.5090813629633886
external_dual_three_phase_flt5zu_load_20nm,20.0,5,u,False,5,2,0.5576782510975031,True,fault_test,0.04,True,True,isolation_forest,4,20.0,0.5090813629633886
external_dual_three_phase_flt5zu_load_20nm,20.0,5,u,False,6,2,0.578610653892422,True,fault_test,0.04,True,True,isolation_forest,4,20.0,0.5090813629633886
external_dual_three_phase_flt5zu_load_20nm,20.0,5,u,False,7,2,0.5950115241124053,True,fault_test,0.04,True,True,isolation_forest,4,20.0,0.5090813629633886
external_dual_three_phase_flt6zu_load_20nm,20.0,6,u,False,0,2,0.5125291414695514,True,fault_test,0.04,True,True,isolation_forest,4,20.0,0.5090813629633886
external_dual_three_phase_flt6zu_load_20nm,20.0,6,u,False,1,2,0.4884693680206727,True,fault_test,0.08,False,False,isolation_forest,4,20.0,0.5090813629633886
external_dual_three_phase_flt6zu_load_20nm,20.0,6,u,False,2,2,0.5076705982911102,True,fault_test,0.08,False,False,isolation_forest,4,20.0,0.5090813629633886
external_dual_three_phase_flt6zu_load_20nm,20.0,6,u,False,3,2,0.5258516058036784,True,fault_test,0.04,True,True,isolation_forest,4,20.0,0.5090813629633886
external_dual_three_phase_flt6zu_load_20nm,20.0,6,u,False,4,2,0.5495986279269279,True,fault_test,0.04,True,True,isolation_forest,4,20.0,0.5090813629633886
external_dual_three_phase_flt6zu_load_20nm,20.0,6,u,False,5,2,0.5649335124780923,True,fault_test,0.04,True,True,isolation_forest,4,20.0,0.5090813629633886
external_dual_three_phase_flt6zu_load_20nm,20.0,6,u,False,6,2,0.5799639300468461,True,fault_test,0.04,True,True,isolation_forest,4,20.0,0.5090813629633886
external_dual_three_phase_flt6zu_load_20nm,20.0,6,u,False,7,2,0.6053036604455628,True,fault_test,0.04,True,True,isolation_forest,4,20.0,0.5090813629633886
external_dual_three_phase_flt0z_load_10nm,10.0,0,,True,0,2,501851.91203796066,True,calibration,,False,False,min_cov_det,4,20.0,523190.7149070535
external_dual_three_phase_flt0z_load_10nm,10.0,0,,True,1,2,25829.42819144781,True,calibration,,False,False,min_cov_det,4,20.0,523190.7149070535
external_dual_three_phase_flt0z_load_10nm,10.0,0,,True,2,2,565.1070282583655,True,calibration,,False,False,min_cov_det,4,20.0,523190.7149070535
external_dual_three_phase_flt0z_load_10nm,10.0,0,,True,3,2,457.0450537068473,True,calibration,,False,False,min_cov_det,4,20.0,523190.7149070535
external_dual_three_phase_flt0z_load_10nm,10.0,0,,True,4,2,1304.6024660429864,True,calibration,,False,False,min_cov_det,4,20.0,523190.7149070535
external_dual_three_phase_flt0z_load_10nm,10.0,0,,True,5,2,1533.8332222768267,True,calibration,,False,False,min_cov_det,4,20.0,523190.7149070535
external_dual_three_phase_flt0z_load_10nm,10.0,0,,True,6,2,941.5301854719429,True,calibration,,False,False,min_cov_det,4,20.0,523190.7149070535
external_dual_three_phase_flt0z_load_10nm,10.0,0,,True,7,2,1283.3811967093643,True,calibration,,False,False,min_cov_det,4,20.0,523190.7149070535
external_dual_three_phase_flt0z_load_20nm,20.0,0,,True,0,2,473632.11194062344,True,health_test,0.16,False,False,min_cov_det,4,20.0,523190.7149070535
external_dual_three_phase_flt0z_load_20nm,20.0,0,,True,1,2,22729.51100881915,True,health_test,0.44,False,False,min_cov_det,4,20.0,523190.7149070535
external_dual_three_phase_flt0z_load_20nm,20.0,0,,True,2,2,502.2249112645796,True,health_test,0.72,False,False,min_cov_det,4,20.0,523190.7149070535
external_dual_three_phase_flt0z_load_20nm,20.0,0,,True,3,2,92.91994042515762,True,health_test,0.8,False,False,min_cov_det,4,20.0,523190.7149070535
external_dual_three_phase_flt0z_load_20nm,20.0,0,,True,4,2,82.77559856787222,True,health_test,0.8,False,False,min_cov_det,4,20.0,523190.7149070535
external_dual_three_phase_flt0z_load_20nm,20.0,0,,True,5,2,68.97876329281938,True,health_test,0.8,False,False,min_cov_det,4,20.0,523190.7149070535
external_dual_three_phase_flt0z_load_20nm,20.0,0,,True,6,2,65.41368174857591,True,health_test,0.8,False,False,min_cov_det,4,20.0,523190.7149070535
external_dual_three_phase_flt0z_load_20nm,20.0,0,,True,7,2,65.0276213715559,True,health_test,0.8,False,False,min_cov_det,4,20.0,523190.7149070535
external_dual_three_phase_flt0z_load_30nm,30.0,0,,True,0,2,523190.7149070535,True,calibration,,False,False,min_cov_det,4,20.0,523190.7149070535
external_dual_three_phase_flt0z_load_30nm,30.0,0,,True,1,2,22744.702662479198,True,calibration,,False,False,min_cov_det,4,20.0,523190.7149070535
external_dual_three_phase_flt0z_load_30nm,30.0,0,,True,2,2,388.9805873551068,True,calibration,,False,False,min_cov_det,4,20.0,523190.7149070535
external_dual_three_phase_flt0z_load_30nm,30.0,0,,True,3,2,37.748026315801056,True,calibration,,False,False,min_cov_det,4,20.0,523190.7149070535
external_dual_three_phase_flt0z_load_30nm,30.0,0,,True,4,2,49.26583204407535,True,calibration,,False,False,min_cov_det,4,20.0,523190.7149070535
external_dual_three_phase_flt0z_load_30nm,30.0,0,,True,5,2,41.03433699277289,True,calibration,,False,False,min_cov_det,4,20.0,523190.7149070535
external_dual_three_phase_flt0z_load_30nm,30.0,0,,True,6,2,25.995490317981638,True,calibration,,False,False,min_cov_det,4,20.0,523190.7149070535
external_dual_three_phase_flt0z_load_30nm,30.0,0,,True,7,2,39.09798546117366,True,calibration,,False,False,min_cov_det,4,20.0,523190.7149070535
external_dual_three_phase_flt0z_load_5nm,5.0,0,,True,0,2,488915.212059703,True,calibration,,False,False,min_cov_det,4,20.0,523190.7149070535
external_dual_three_phase_flt0z_load_5nm,5.0,0,,True,1,2,24864.504775892354,True,calibration,,False,False,min_cov_det,4,20.0,523190.7149070535
external_dual_three_phase_flt0z_load_5nm,5.0,0,,True,2,2,2956.825442408865,True,calibration,,False,False,min_cov_det,4,20.0,523190.7149070535
external_dual_three_phase_flt0z_load_5nm,5.0,0,,True,3,2,6840.913049772076,True,calibration,,False,False,min_cov_det,4,20.0,523190.7149070535
external_dual_three_phase_flt0z_load_5nm,5.0,0,,True,4,2,24799.661831381894,True,calibration,,False,False,min_cov_det,4,20.0,523190.7149070535
external_dual_three_phase_flt0z_load_5nm,5.0,0,,True,5,2,25614.94419127827,True,calibration,,False,False,min_cov_det,4,20.0,523190.7149070535
external_dual_three_phase_flt0z_load_5nm,5.0,0,,True,6,2,31625.958690843137,True,calibration,,False,False,min_cov_det,4,20.0,523190.7149070535
external_dual_three_phase_flt0z_load_5nm,5.0,0,,True,7,2,36164.869472167265,True,calibration,,False,False,min_cov_det,4,20.0,523190.7149070535
external_dual_three_phase_flt1zu_load_20nm,20.0,1,u,False,0,2,518580.9781239222,True,fault_test,0.08,False,False,min_cov_det,4,20.0,523190.7149070535
external_dual_three_phase_flt1zu_load_20nm,20.0,1,u,False,1,2,22829.181801838957,True,fault_test,0.4,False,False,min_cov_det,4,20.0,523190.7149070535
external_dual_three_phase_flt1zu_load_20nm,20.0,1,u,False,2,2,894.1344133696768,True,fault_test,0.68,False,False,min_cov_det,4,20.0,523190.7149070535
external_dual_three_phase_flt1zu_load_20nm,20.0,1,u,False,3,2,1265.5864111497042,True,fault_test,0.64,False,False,min_cov_det,4,20.0,523190.7149070535
external_dual_three_phase_flt1zu_load_20nm,20.0,1,u,False,4,2,1589.218675884444,True,fault_test,0.52,False,False,min_cov_det,4,20.0,523190.7149070535
external_dual_three_phase_flt1zu_load_20nm,20.0,1,u,False,5,2,2412.300795748495,True,fault_test,0.52,False,False,min_cov_det,4,20.0,523190.7149070535
external_dual_three_phase_flt1zu_load_20nm,20.0,1,u,False,6,2,5000.207643139152,True,fault_test,0.48,False,False,min_cov_det,4,20.0,523190.7149070535
external_dual_three_phase_flt1zu_load_20nm,20.0,1,u,False,7,2,7935.985651318838,True,fault_test,0.44,False,False,min_cov_det,4,20.0,523190.7149070535
external_dual_three_phase_flt2zv_load_20nm,20.0,2,v,False,0,2,521695.9415014799,True,fault_test,0.08,False,False,min_cov_det,4,20.0,523190.7149070535
external_dual_three_phase_flt2zv_load_20nm,20.0,2,v,False,1,2,24928.66262981205,True,fault_test,0.32,False,False,min_cov_det,4,20.0,523190.7149070535
external_dual_three_phase_flt2zv_load_20nm,20.0,2,v,False,2,2,2279.726676414471,True,fault_test,0.52,False,False,min_cov_det,4,20.0,523190.7149070535
external_dual_three_phase_flt2zv_load_20nm,20.0,2,v,False,3,2,8217.272336573536,True,fault_test,0.44,False,False,min_cov_det,4,20.0,523190.7149070535
external_dual_three_phase_flt2zv_load_20nm,20.0,2,v,False,4,2,27422.899272055376,True,fault_test,0.24,False,False,min_cov_det,4,20.0,523190.7149070535
external_dual_three_phase_flt2zv_load_20nm,20.0,2,v,False,5,2,60886.352485151605,True,fault_test,0.16,False,False,min_cov_det,4,20.0,523190.7149070535
external_dual_three_phase_flt2zv_load_20nm,20.0,2,v,False,6,2,121747.41950809343,True,fault_test,0.16,False,False,min_cov_det,4,20.0,523190.7149070535
external_dual_three_phase_flt2zv_load_20nm,20.0,2,v,False,7,2,206353.51939896808,True,fault_test,0.16,False,False,min_cov_det,4,20.0,523190.7149070535
external_dual_three_phase_flt3zu_load_20nm,20.0,3,u,False,0,2,516874.0296803502,True,fault_test,0.08,False,False,min_cov_det,4,20.0,523190.7149070535
external_dual_three_phase_flt3zu_load_20nm,20.0,3,u,False,1,2,25407.73979058267,True,fault_test,0.32,False,False,min_cov_det,4,20.0,523190.7149070535
external_dual_three_phase_flt3zu_load_20nm,20.0,3,u,False,2,2,7505.3560536406685,True,fault_test,0.44,False,False,min_cov_det,4,20.0,523190.7149070535
external_dual_three_phase_flt3zu_load_20nm,20.0,3,u,False,3,2,13314.878501640298,True,fault_test,0.44,False,False,min_cov_det,4,20.0,523190.7149070535
external_dual_three_phase_flt3zu_load_20nm,20.0,3,u,False,4,2,19994.06904504974,True,fault_test,0.44,False,False,min_cov_det,4,20.0,523190.7149070535
external_dual_three_phase_flt3zu_load_20nm,20.0,3,u,False,5,2,26804.024493574107,True,fault_test,0.24,False,False,min_cov_det,4,20.0,523190.7149070535
external_dual_three_phase_flt3zu_load_20nm,20.0,3,u,False,6,2,42061.256637167564,True,fault_test,0.16,False,False,min_cov_det,4,20.0,523190.7149070535
external_dual_three_phase_flt3zu_load_20nm,20.0,3,u,False,7,2,59172.73293778076,True,fault_test,0.16,False,False,min_cov_det,4,20.0,523190.7149070535
external_dual_three_phase_flt4zv_load_20nm,20.0,4,v,False,0,2,538940.9783042424,True,fault_test,0.04,True,True,min_cov_det,4,20.0,523190.7149070535
external_dual_three_phase_flt4zv_load_20nm,20.0,4,v,False,1,2,23128.81965523968,True,fault_test,0.4,False,False,min_cov_det,4,20.0,523190.7149070535
external_dual_three_phase_flt4zv_load_20nm,20.0,4,v,False,2,2,10664.956441232138,True,fault_test,0.44,False,False,min_cov_det,4,20.0,523190.7149070535
external_dual_three_phase_flt4zv_load_20nm,20.0,4,v,False,3,2,32418.417869197096,True,fault_test,0.2,False,False,min_cov_det,4,20.0,523190.7149070535
external_dual_three_phase_flt4zv_load_20nm,20.0,4,v,False,4,2,75863.67051016021,True,fault_test,0.16,False,False,min_cov_det,4,20.0,523190.7149070535
external_dual_three_phase_flt4zv_load_20nm,20.0,4,v,False,5,2,145194.3790913665,True,fault_test,0.16,False,False,min_cov_det,4,20.0,523190.7149070535
external_dual_three_phase_flt4zv_load_20nm,20.0,4,v,False,6,2,244478.33018233592,True,fault_test,0.16,False,False,min_cov_det,4,20.0,523190.7149070535
external_dual_three_phase_flt4zv_load_20nm,20.0,4,v,False,7,2,361835.08386034286,True,fault_test,0.16,False,False,min_cov_det,4,20.0,523190.7149070535
external_dual_three_phase_flt5zu_load_20nm,20.0,5,u,False,0,2,512589.3047452039,True,fault_test,0.08,False,False,min_cov_det,4,20.0,523190.7149070535
external_dual_three_phase_flt5zu_load_20nm,20.0,5,u,False,1,2,27763.993122299253,True,fault_test,0.24,False,False,min_cov_det,4,20.0,523190.7149070535
external_dual_three_phase_flt5zu_load_20nm,20.0,5,u,False,2,2,7231.5628264781635,True,fault_test,0.44,False,False,min_cov_det,4,20.0,523190.7149070535
external_dual_three_phase_flt5zu_load_20nm,20.0,5,u,False,3,2,11882.386906811453,True,fault_test,0.44,False,False,min_cov_det,4,20.0,523190.7149070535
external_dual_three_phase_flt5zu_load_20nm,20.0,5,u,False,4,2,16535.27615135062,True,fault_test,0.44,False,False,min_cov_det,4,20.0,523190.7149070535
external_dual_three_phase_flt5zu_load_20nm,20.0,5,u,False,5,2,20878.79515566263,True,fault_test,0.44,False,False,min_cov_det,4,20.0,523190.7149070535
external_dual_three_phase_flt5zu_load_20nm,20.0,5,u,False,6,2,28642.761020416514,True,fault_test,0.24,False,False,min_cov_det,4,20.0,523190.7149070535
external_dual_three_phase_flt5zu_load_20nm,20.0,5,u,False,7,2,40532.05874973867,True,fault_test,0.16,False,False,min_cov_det,4,20.0,523190.7149070535
external_dual_three_phase_flt6zu_load_20nm,20.0,6,u,False,0,2,495823.1522845383,True,fault_test,0.12,False,False,min_cov_det,4,20.0,523190.7149070535
external_dual_three_phase_flt6zu_load_20nm,20.0,6,u,False,1,2,26781.363803818054,True,fault_test,0.24,False,False,min_cov_det,4,20.0,523190.7149070535
external_dual_three_phase_flt6zu_load_20nm,20.0,6,u,False,2,2,7558.118657963674,True,fault_test,0.44,False,False,min_cov_det,4,20.0,523190.7149070535
external_dual_three_phase_flt6zu_load_20nm,20.0,6,u,False,3,2,12374.070098136646,True,fault_test,0.44,False,False,min_cov_det,4,20.0,523190.7149070535
external_dual_three_phase_flt6zu_load_20nm,20.0,6,u,False,4,2,17228.351911939193,True,fault_test,0.44,False,False,min_cov_det,4,20.0,523190.7149070535
external_dual_three_phase_flt6zu_load_20nm,20.0,6,u,False,5,2,21155.26128468805,True,fault_test,0.44,False,False,min_cov_det,4,20.0,523190.7149070535
external_dual_three_phase_flt6zu_load_20nm,20.0,6,u,False,6,2,32373.903192802023,True,fault_test,0.2,False,False,min_cov_det,4,20.0,523190.7149070535
external_dual_three_phase_flt6zu_load_20nm,20.0,6,u,False,7,2,44269.89089521165,True,fault_test,0.16,False,False,min_cov_det,4,20.0,523190.7149070535
external_dual_three_phase_flt0z_load_10nm,10.0,0,,True,0,2,31.424170313117656,True,calibration,,False,False,unconditioned_residual,5,25.0,31.5861519698092
external_dual_three_phase_flt0z_load_10nm,10.0,0,,True,1,2,1.4772208678747418,True,calibration,,False,False,unconditioned_residual,5,25.0,31.5861519698092
external_dual_three_phase_flt0z_load_10nm,10.0,0,,True,2,2,0.3659893923174782,True,calibration,,False,False,unconditioned_residual,5,25.0,31.5861519698092
external_dual_three_phase_flt0z_load_10nm,10.0,0,,True,3,2,0.38491204224728415,True,calibration,,False,False,unconditioned_residual,5,25.0,31.5861519698092
external_dual_three_phase_flt0z_load_10nm,10.0,0,,True,4,2,0.4235048319679283,True,calibration,,False,False,unconditioned_residual,5,25.0,31.5861519698092
external_dual_three_phase_flt0z_load_10nm,10.0,0,,True,5,2,0.39256666970107434,True,calibration,,False,False,unconditioned_residual,5,25.0,31.5861519698092
external_dual_three_phase_flt0z_load_10nm,10.0,0,,True,6,2,0.48636539455050587,True,calibration,,False,False,unconditioned_residual,5,25.0,31.5861519698092
external_dual_three_phase_flt0z_load_10nm,10.0,0,,True,7,2,0.578177259297989,True,calibration,,False,False,unconditioned_residual,5,25.0,31.5861519698092
external_dual_three_phase_flt0z_load_15nm,15.0,0,,True,0,2,31.5861519698092,True,calibration,,False,False,unconditioned_residual,5,25.0,31.5861519698092
external_dual_three_phase_flt0z_load_15nm,15.0,0,,True,1,2,1.425522775569623,True,calibration,,False,False,unconditioned_residual,5,25.0,31.5861519698092
external_dual_three_phase_flt0z_load_15nm,15.0,0,,True,2,2,0.3652280646443928,True,calibration,,False,False,unconditioned_residual,5,25.0,31.5861519698092
external_dual_three_phase_flt0z_load_15nm,15.0,0,,True,3,2,0.3604888592100015,True,calibration,,False,False,unconditioned_residual,5,25.0,31.5861519698092
external_dual_three_phase_flt0z_load_15nm,15.0,0,,True,4,2,0.34791353347199766,True,calibration,,False,False,unconditioned_residual,5,25.0,31.5861519698092
external_dual_three_phase_flt0z_load_15nm,15.0,0,,True,5,2,0.3311484189100848,True,calibration,,False,False,unconditioned_residual,5,25.0,31.5861519698092
external_dual_three_phase_flt0z_load_15nm,15.0,0,,True,6,2,0.39242471817835783,True,calibration,,False,False,unconditioned_residual,5,25.0,31.5861519698092
external_dual_three_phase_flt0z_load_15nm,15.0,0,,True,7,2,0.5950150399062154,True,calibration,,False,False,unconditioned_residual,5,25.0,31.5861519698092
external_dual_three_phase_flt0z_load_25nm,25.0,0,,True,0,2,30.19429112245426,True,health_test,0.16,False,False,unconditioned_residual,5,25.0,31.5861519698092
external_dual_three_phase_flt0z_load_25nm,25.0,0,,True,1,2,1.5164514025370757,True,health_test,0.16,False,False,unconditioned_residual,5,25.0,31.5861519698092
external_dual_three_phase_flt0z_load_25nm,25.0,0,,True,2,2,0.3497396921184196,True,health_test,0.92,False,False,unconditioned_residual,5,25.0,31.5861519698092
external_dual_three_phase_flt0z_load_25nm,25.0,0,,True,3,2,0.33007087989351935,True,health_test,1.0,False,False,unconditioned_residual,5,25.0,31.5861519698092
external_dual_three_phase_flt0z_load_25nm,25.0,0,,True,4,2,0.31546668216631046,True,health_test,1.0,False,False,unconditioned_residual,5,25.0,31.5861519698092
external_dual_three_phase_flt0z_load_25nm,25.0,0,,True,5,2,0.3188263004514663,True,health_test,1.0,False,False,unconditioned_residual,5,25.0,31.5861519698092
external_dual_three_phase_flt0z_load_25nm,25.0,0,,True,6,2,0.410452144981752,True,health_test,0.68,False,False,unconditioned_residual,5,25.0,31.5861519698092
external_dual_three_phase_flt0z_load_25nm,25.0,0,,True,7,2,0.5887634579092804,True,health_test,0.52,False,False,unconditioned_residual,5,25.0,31.5861519698092
external_dual_three_phase_flt0z_load_5nm,5.0,0,,True,0,2,30.767197680678066,True,calibration,,False,False,unconditioned_residual,5,25.0,31.5861519698092
external_dual_three_phase_flt0z_load_5nm,5.0,0,,True,1,2,1.4686007047707934,True,calibration,,False,False,unconditioned_residual,5,25.0,31.5861519698092
external_dual_three_phase_flt0z_load_5nm,5.0,0,,True,2,2,0.43920648444032395,True,calibration,,False,False,unconditioned_residual,5,25.0,31.5861519698092
external_dual_three_phase_flt0z_load_5nm,5.0,0,,True,3,2,0.7535229822351511,True,calibration,,False,False,unconditioned_residual,5,25.0,31.5861519698092
external_dual_three_phase_flt0z_load_5nm,5.0,0,,True,4,2,0.7208021241578573,True,calibration,,False,False,unconditioned_residual,5,25.0,31.5861519698092
external_dual_three_phase_flt0z_load_5nm,5.0,0,,True,5,2,0.76888249208338,True,calibration,,False,False,unconditioned_residual,5,25.0,31.5861519698092
external_dual_three_phase_flt0z_load_5nm,5.0,0,,True,6,2,0.684788612584867,True,calibration,,False,False,unconditioned_residual,5,25.0,31.5861519698092
external_dual_three_phase_flt0z_load_5nm,5.0,0,,True,7,2,1.0346902322936047,True,calibration,,False,False,unconditioned_residual,5,25.0,31.5861519698092
external_dual_three_phase_flt1zu_load_25nm,25.0,1,u,False,0,2,32.05601120901259,True,fault_test,0.04,True,True,unconditioned_residual,5,25.0,31.5861519698092
external_dual_three_phase_flt1zu_load_25nm,25.0,1,u,False,1,2,1.3942469335404226,True,fault_test,0.28,False,False,unconditioned_residual,5,25.0,31.5861519698092
external_dual_three_phase_flt1zu_load_25nm,25.0,1,u,False,2,2,0.48122345748632833,True,fault_test,0.6,False,False,unconditioned_residual,5,25.0,31.5861519698092
external_dual_three_phase_flt1zu_load_25nm,25.0,1,u,False,3,2,0.6062018468165561,True,fault_test,0.48,False,False,unconditioned_residual,5,25.0,31.5861519698092
external_dual_three_phase_flt1zu_load_25nm,25.0,1,u,False,4,2,0.8865710900574377,True,fault_test,0.32,False,False,unconditioned_residual,5,25.0,31.5861519698092
external_dual_three_phase_flt1zu_load_25nm,25.0,1,u,False,5,2,1.523585655461981,True,fault_test,0.16,False,False,unconditioned_residual,5,25.0,31.5861519698092
external_dual_three_phase_flt1zu_load_25nm,25.0,1,u,False,6,2,2.7257047666538687,True,fault_test,0.16,False,False,unconditioned_residual,5,25.0,31.5861519698092
external_dual_three_phase_flt1zu_load_25nm,25.0,1,u,False,7,2,4.829916544621586,True,fault_test,0.16,False,False,unconditioned_residual,5,25.0,31.5861519698092
external_dual_three_phase_flt2zv_load_25nm,25.0,2,v,False,0,2,30.504616164636133,True,fault_test,0.16,False,False,unconditioned_residual,5,25.0,31.5861519698092
external_dual_three_phase_flt2zv_load_25nm,25.0,2,v,False,1,2,1.535860626108629,True,fault_test,0.16,False,False,unconditioned_residual,5,25.0,31.5861519698092
external_dual_three_phase_flt2zv_load_25nm,25.0,2,v,False,2,2,1.0586181765486837,True,fault_test,0.28,False,False,unconditioned_residual,5,25.0,31.5861519698092
external_dual_three_phase_flt2zv_load_25nm,25.0,2,v,False,3,2,2.6786048588279696,True,fault_test,0.16,False,False,unconditioned_residual,5,25.0,31.5861519698092
external_dual_three_phase_flt2zv_load_25nm,25.0,2,v,False,4,2,5.26775802539456,True,fault_test,0.16,False,False,unconditioned_residual,5,25.0,31.5861519698092
external_dual_three_phase_flt2zv_load_25nm,25.0,2,v,False,5,2,9.565039046936413,True,fault_test,0.16,False,False,unconditioned_residual,5,25.0,31.5861519698092
external_dual_three_phase_flt2zv_load_25nm,25.0,2,v,False,6,2,17.769863703924514,True,fault_test,0.16,False,False,unconditioned_residual,5,25.0,31.5861519698092
external_dual_three_phase_flt2zv_load_25nm,25.0,2,v,False,7,2,30.408756957206297,True,fault_test,0.16,False,False,unconditioned_residual,5,25.0,31.5861519698092
external_dual_three_phase_flt3zu_load_25nm,25.0,3,u,False,0,2,32.63419052921735,True,fault_test,0.04,True,True,unconditioned_residual,5,25.0,31.5861519698092
external_dual_three_phase_flt3zu_load_25nm,25.0,3,u,False,1,2,1.7243090729684367,True,fault_test,0.16,False,False,unconditioned_residual,5,25.0,31.5861519698092
external_dual_three_phase_flt3zu_load_25nm,25.0,3,u,False,2,2,2.3416392390258283,True,fault_test,0.16,False,False,unconditioned_residual,5,25.0,31.5861519698092
external_dual_three_phase_flt3zu_load_25nm,25.0,3,u,False,3,2,4.750918618265544,True,fault_test,0.16,False,False,unconditioned_residual,5,25.0,31.5861519698092
external_dual_three_phase_flt3zu_load_25nm,25.0,3,u,False,4,2,7.965752302645672,True,fault_test,0.16,False,False,unconditioned_residual,5,25.0,31.5861519698092
external_dual_three_phase_flt3zu_load_25nm,25.0,3,u,False,5,2,12.188042587321593,True,fault_test,0.16,False,False,unconditioned_residual,5,25.0,31.5861519698092
external_dual_three_phase_flt3zu_load_25nm,25.0,3,u,False,6,2,20.708230271016525,True,fault_test,0.16,False,False,unconditioned_residual,5,25.0,31.5861519698092
external_dual_three_phase_flt3zu_load_25nm,25.0,3,u,False,7,2,32.24301696141973,True,fault_test,0.04,True,True,unconditioned_residual,5,25.0,31.5861519698092
external_dual_three_phase_flt4zv_load_25nm,25.0,4,v,False,0,2,31.556260273392105,True,fault_test,0.08,False,False,unconditioned_residual,5,25.0,31.5861519698092
external_dual_three_phase_flt4zv_load_25nm,25.0,4,v,False,1,2,1.878892278461484,True,fault_test,0.16,False,False,unconditioned_residual,5,25.0,31.5861519698092
external_dual_three_phase_flt4zv_load_25nm,25.0,4,v,False,2,2,3.2574542778967777,True,fault_test,0.16,False,False,unconditioned_residual,5,25.0,31.5861519698092
external_dual_three_phase_flt4zv_load_25nm,25.0,4,v,False,3,2,6.837112752861206,True,fault_test,0.16,False,False,unconditioned_residual,5,25.0,31.5861519698092
external_dual_three_phase_flt4zv_load_25nm,25.0,4,v,False,4,2,11.668158259357625,True,fault_test,0.16,False,False,unconditioned_residual,5,25.0,31.5861519698092
external_dual_three_phase_flt4zv_load_25nm,25.0,4,v,False,5,2,19.353117760144578,True,fault_test,0.16,False,False,unconditioned_residual,5,25.0,31.5861519698092
external_dual_three_phase_flt4zv_load_25nm,25.0,4,v,False,6,2,31.437028281639193,True,fault_test,0.08,False,False,unconditioned_residual,5,25.0,31.5861519698092
external_dual_three_phase_flt4zv_load_25nm,25.0,4,v,False,7,2,50.15194185753988,True,fault_test,0.04,True,True,unconditioned_residual,5,25.0,31.5861519698092
external_dual_three_phase_flt5zu_load_25nm,25.0,5,u,False,0,2,30.947564340152496,True,fault_test,0.12,False,False,unconditioned_residual,5,25.0,31.5861519698092
external_dual_three_phase_flt5zu_load_25nm,25.0,5,u,False,1,2,2.1375108766182156,True,fault_test,0.16,False,False,unconditioned_residual,5,25.0,31.5861519698092
external_dual_three_phase_flt5zu_load_25nm,25.0,5,u,False,2,2,2.6155937172683563,True,fault_test,0.16,False,False,unconditioned_residual,5,25.0,31.5861519698092
external_dual_three_phase_flt5zu_load_25nm,25.0,5,u,False,3,2,4.524894951470916,True,fault_test,0.16,False,False,unconditioned_residual,5,25.0,31.5861519698092
external_dual_three_phase_flt5zu_load_25nm,25.0,5,u,False,4,2,7.10584337774771,True,fault_test,0.16,False,False,unconditioned_residual,5,25.0,31.5861519698092
external_dual_three_phase_flt5zu_load_25nm,25.0,5,u,False,5,2,9.153232485666475,True,fault_test,0.16,False,False,unconditioned_residual,5,25.0,31.5861519698092
external_dual_three_phase_flt5zu_load_25nm,25.0,5,u,False,6,2,14.730386559157324,True,fault_test,0.16,False,False,unconditioned_residual,5,25.0,31.5861519698092
external_dual_three_phase_flt5zu_load_25nm,25.0,5,u,False,7,2,21.285613832681204,True,fault_test,0.16,False,False,unconditioned_residual,5,25.0,31.5861519698092
external_dual_three_phase_flt6zu_load_25nm,25.0,6,u,False,0,2,32.294864758850615,True,fault_test,0.04,True,True,unconditioned_residual,5,25.0,31.5861519698092
external_dual_three_phase_flt6zu_load_25nm,25.0,6,u,False,1,2,2.2686592193075867,True,fault_test,0.16,False,False,unconditioned_residual,5,25.0,31.5861519698092
external_dual_three_phase_flt6zu_load_25nm,25.0,6,u,False,2,2,2.7036164104296345,True,fault_test,0.16,False,False,unconditioned_residual,5,25.0,31.5861519698092
external_dual_three_phase_flt6zu_load_25nm,25.0,6,u,False,3,2,4.728378828689465,True,fault_test,0.16,False,False,unconditioned_residual,5,25.0,31.5861519698092
external_dual_three_phase_flt6zu_load_25nm,25.0,6,u,False,4,2,7.533786631527957,True,fault_test,0.16,False,False,unconditioned_residual,5,25.0,31.5861519698092
external_dual_three_phase_flt6zu_load_25nm,25.0,6,u,False,5,2,9.661728392720548,True,fault_test,0.16,False,False,unconditioned_residual,5,25.0,31.5861519698092
external_dual_three_phase_flt6zu_load_25nm,25.0,6,u,False,6,2,15.246130569731633,True,fault_test,0.16,False,False,unconditioned_residual,5,25.0,31.5861519698092
external_dual_three_phase_flt6zu_load_25nm,25.0,6,u,False,7,2,22.826743967757167,True,fault_test,0.16,False,False,unconditioned_residual,5,25.0,31.5861519698092
external_dual_three_phase_flt0z_load_10nm,10.0,0,,True,0,2,53.60838480779458,True,calibration,,False,False,linear_residual,5,25.0,53.60838480779458
external_dual_three_phase_flt0z_load_10nm,10.0,0,,True,1,2,8.437269425790166,True,calibration,,False,False,linear_residual,5,25.0,53.60838480779458
external_dual_three_phase_flt0z_load_10nm,10.0,0,,True,2,2,3.6914708445223194,True,calibration,,False,False,linear_residual,5,25.0,53.60838480779458
external_dual_three_phase_flt0z_load_10nm,10.0,0,,True,3,2,3.0566102309173995,True,calibration,,False,False,linear_residual,5,25.0,53.60838480779458
external_dual_three_phase_flt0z_load_10nm,10.0,0,,True,4,2,2.837797570316354,True,calibration,,False,False,linear_residual,5,25.0,53.60838480779458
external_dual_three_phase_flt0z_load_10nm,10.0,0,,True,5,2,2.951791452048569,True,calibration,,False,False,linear_residual,5,25.0,53.60838480779458
external_dual_three_phase_flt0z_load_10nm,10.0,0,,True,6,2,3.809707407475376,True,calibration,,False,False,linear_residual,5,25.0,53.60838480779458
external_dual_three_phase_flt0z_load_10nm,10.0,0,,True,7,2,4.49818986157384,True,calibration,,False,False,linear_residual,5,25.0,53.60838480779458
external_dual_three_phase_flt0z_load_15nm,15.0,0,,True,0,2,49.07213674906797,True,calibration,,False,False,linear_residual,5,25.0,53.60838480779458
external_dual_three_phase_flt0z_load_15nm,15.0,0,,True,1,2,7.007549066610838,True,calibration,,False,False,linear_residual,5,25.0,53.60838480779458
external_dual_three_phase_flt0z_load_15nm,15.0,0,,True,2,2,2.505722395889461,True,calibration,,False,False,linear_residual,5,25.0,53.60838480779458
external_dual_three_phase_flt0z_load_15nm,15.0,0,,True,3,2,2.320336768755396,True,calibration,,False,False,linear_residual,5,25.0,53.60838480779458
external_dual_three_phase_flt0z_load_15nm,15.0,0,,True,4,2,2.022133161903993,True,calibration,,False,False,linear_residual,5,25.0,53.60838480779458
external_dual_three_phase_flt0z_load_15nm,15.0,0,,True,5,2,1.9609122716500489,True,calibration,,False,False,linear_residual,5,25.0,53.60838480779458
external_dual_three_phase_flt0z_load_15nm,15.0,0,,True,6,2,2.2199263749100844,True,calibration,,False,False,linear_residual,5,25.0,53.60838480779458
external_dual_three_phase_flt0z_load_15nm,15.0,0,,True,7,2,3.379622612264149,True,calibration,,False,False,linear_residual,5,25.0,53.60838480779458
external_dual_three_phase_flt0z_load_25nm,25.0,0,,True,0,2,43.00902591800022,True,health_test,0.16,False,False,linear_residual,5,25.0,53.60838480779458
external_dual_three_phase_flt0z_load_25nm,25.0,0,,True,1,2,5.887286716317713,True,health_test,0.36,False,False,linear_residual,5,25.0,53.60838480779458
external_dual_three_phase_flt0z_load_25nm,25.0,0,,True,2,2,1.3760121660404272,True,health_test,1.0,False,False,linear_residual,5,25.0,53.60838480779458
external_dual_three_phase_flt0z_load_25nm,25.0,0,,True,3,2,1.0419129006761292,True,health_test,1.0,False,False,linear_residual,5,25.0,53.60838480779458
external_dual_three_phase_flt0z_load_25nm,25.0,0,,True,4,2,0.8602515287218033,True,health_test,1.0,False,False,linear_residual,5,25.0,53.60838480779458
external_dual_three_phase_flt0z_load_25nm,25.0,0,,True,5,2,0.8216113126079871,True,health_test,1.0,False,False,linear_residual,5,25.0,53.60838480779458
external_dual_three_phase_flt0z_load_25nm,25.0,0,,True,6,2,1.3928985495944899,True,health_test,1.0,False,False,linear_residual,5,25.0,53.60838480779458
external_dual_three_phase_flt0z_load_25nm,25.0,0,,True,7,2,2.704969131414124,True,health_test,0.8,False,False,linear_residual,5,25.0,53.60838480779458
external_dual_three_phase_flt0z_load_5nm,5.0,0,,True,0,2,50.971683473445616,True,calibration,,False,False,linear_residual,5,25.0,53.60838480779458
external_dual_three_phase_flt0z_load_5nm,5.0,0,,True,1,2,9.777010051870352,True,calibration,,False,False,linear_residual,5,25.0,53.60838480779458
external_dual_three_phase_flt0z_load_5nm,5.0,0,,True,2,2,5.053213383290186,True,calibration,,False,False,linear_residual,5,25.0,53.60838480779458
external_dual_three_phase_flt0z_load_5nm,5.0,0,,True,3,2,4.667440473949718,True,calibration,,False,False,linear_residual,5,25.0,53.60838480779458
external_dual_three_phase_flt0z_load_5nm,5.0,0,,True,4,2,4.913551477708687,True,calibration,,False,False,linear_residual,5,25.0,53.60838480779458
external_dual_three_phase_flt0z_load_5nm,5.0,0,,True,5,2,5.686501663392925,True,calibration,,False,False,linear_residual,5,25.0,53.60838480779458
external_dual_three_phase_flt0z_load_5nm,5.0,0,,True,6,2,8.277145831522127,True,calibration,,False,False,linear_residual,5,25.0,53.60838480779458
external_dual_three_phase_flt0z_load_5nm,5.0,0,,True,7,2,13.472438915794248,True,calibration,,False,False,linear_residual,5,25.0,53.60838480779458
external_dual_three_phase_flt1zu_load_25nm,25.0,1,u,False,0,2,48.26821186516278,True,fault_test,0.16,False,False,linear_residual,5,25.0,53.60838480779458
external_dual_three_phase_flt1zu_load_25nm,25.0,1,u,False,1,2,6.850948897395968,True,fault_test,0.36,False,False,linear_residual,5,25.0,53.60838480779458
external_dual_three_phase_flt1zu_load_25nm,25.0,1,u,False,2,2,5.246201310995458,True,fault_test,0.4,False,False,linear_residual,5,25.0,53.60838480779458
external_dual_three_phase_flt1zu_load_25nm,25.0,1,u,False,3,2,7.560172742085166,True,fault_test,0.32,False,False,linear_residual,5,25.0,53.60838480779458
external_dual_three_phase_flt1zu_load_25nm,25.0,1,u,False,4,2,17.386235372177527,True,fault_test,0.16,False,False,linear_residual,5,25.0,53.60838480779458
external_dual_three_phase_flt1zu_load_25nm,25.0,1,u,False,5,2,35.62558792847257,True,fault_test,0.16,False,False,linear_residual,5,25.0,53.60838480779458
external_dual_three_phase_flt1zu_load_25nm,25.0,1,u,False,6,2,67.27947253953683,True,fault_test,0.04,True,True,linear_residual,5,25.0,53.60838480779458
external_dual_three_phase_flt1zu_load_25nm,25.0,1,u,False,7,2,134.2015377615164,True,fault_test,0.04,True,True,linear_residual,5,25.0,53.60838480779458
external_dual_three_phase_flt2zv_load_25nm,25.0,2,v,False,0,2,43.72577526434693,True,fault_test,0.16,False,False,linear_residual,5,25.0,53.60838480779458
external_dual_three_phase_flt2zv_load_25nm,25.0,2,v,False,1,2,12.038123656088429,True,fault_test,0.2,False,False,linear_residual,5,25.0,53.60838480779458
external_dual_three_phase_flt2zv_load_25nm,25.0,2,v,False,2,2,27.62506458895553,True,fault_test,0.16,False,False,linear_residual,5,25.0,53.60838480779458
external_dual_three_phase_flt2zv_load_25nm,25.0,2,v,False,3,2,59.043571103693296,True,fault_test,0.04,True,True,linear_residual,5,25.0,53.60838480779458
external_dual_three_phase_flt2zv_load_25nm,25.0,2,v,False,4,2,103.1411870443819,True,fault_test,0.04,True,True,linear_residual,5,25.0,53.60838480779458
external_dual_three_phase_flt2zv_load_25nm,25.0,2,v,False,5,2,172.8184794280816,True,fault_test,0.04,True,True,linear_residual,5,25.0,53.60838480779458
external_dual_three_phase_flt2zv_load_25nm,25.0,2,v,False,6,2,287.8233375565019,True,fault_test,0.04,True,True,linear_residual,5,25.0,53.60838480779458
external_dual_three_phase_flt2zv_load_25nm,25.0,2,v,False,7,2,492.87995543510453,True,fault_test,0.04,True,True,linear_residual,5,25.0,53.60838480779458
external_dual_three_phase_flt3zu_load_25nm,25.0,3,u,False,0,2,49.9516192895924,True,fault_test,0.12,False,False,linear_residual,5,25.0,53.60838480779458
external_dual_three_phase_flt3zu_load_25nm,25.0,3,u,False,1,2,29.40350691605053,True,fault_test,0.16,False,False,linear_residual,5,25.0,53.60838480779458
external_dual_three_phase_flt3zu_load_25nm,25.0,3,u,False,2,2,60.506826358455484,True,fault_test,0.04,True,True,linear_residual,5,25.0,53.60838480779458
external_dual_three_phase_flt3zu_load_25nm,25.0,3,u,False,3,2,126.2682325054217,True,fault_test,0.04,True,True,linear_residual,5,25.0,53.60838480779458
external_dual_three_phase_flt3zu_load_25nm,25.0,3,u,False,4,2,241.59075719704768,True,fault_test,0.04,True,True,linear_residual,5,25.0,53.60838480779458
external_dual_three_phase_flt3zu_load_25nm,25.0,3,u,False,5,2,380.41596122436437,True,fault_test,0.04,True,True,linear_residual,5,25.0,53.60838480779458
external_dual_three_phase_flt3zu_load_25nm,25.0,3,u,False,6,2,638.0777422436339,True,fault_test,0.04,True,True,linear_residual,5,25.0,53.60838480779458
external_dual_three_phase_flt3zu_load_25nm,25.0,3,u,False,7,2,1049.584451020563,True,fault_test,0.04,True,True,linear_residual,5,25.0,53.60838480779458
external_dual_three_phase_flt4zv_load_25nm,25.0,4,v,False,0,2,46.852241794812805,True,fault_test,0.16,False,False,linear_residual,5,25.0,53.60838480779458
external_dual_three_phase_flt4zv_load_25nm,25.0,4,v,False,1,2,31.62578584716273,True,fault_test,0.16,False,False,linear_residual,5,25.0,53.60838480779458
external_dual_three_phase_flt4zv_load_25nm,25.0,4,v,False,2,2,70.38359133602478,True,fault_test,0.04,True,True,linear_residual,5,25.0,53.60838480779458
external_dual_three_phase_flt4zv_load_25nm,25.0,4,v,False,3,2,123.93749487078583,True,fault_test,0.04,True,True,linear_residual,5,25.0,53.60838480779458
external_dual_three_phase_flt4zv_load_25nm,25.0,4,v,False,4,2,201.8771573526106,True,fault_test,0.04,True,True,linear_residual,5,25.0,53.60838480779458
external_dual_three_phase_flt4zv_load_25nm,25.0,4,v,False,5,2,324.65132156355463,True,fault_test,0.04,True,True,linear_residual,5,25.0,53.60838480779458
external_dual_three_phase_flt4zv_load_25nm,25.0,4,v,False,6,2,490.4551347578699,True,fault_test,0.04,True,True,linear_residual,5,25.0,53.60838480779458
external_dual_three_phase_flt4zv_load_25nm,25.0,4,v,False,7,2,810.7338391422034,True,fault_test,0.04,True,True,linear_residual,5,25.0,53.60838480779458
external_dual_three_phase_flt5zu_load_25nm,25.0,5,u,False,0,2,47.44747928115816,True,fault_test,0.16,False,False,linear_residual,5,25.0,53.60838480779458
external_dual_three_phase_flt5zu_load_25nm,25.0,5,u,False,1,2,40.43997676320698,True,fault_test,0.16,False,False,linear_residual,5,25.0,53.60838480779458
external_dual_three_phase_flt5zu_load_25nm,25.0,5,u,False,2,2,69.18359499262345,True,fault_test,0.04,True,True,linear_residual,5,25.0,53.60838480779458
external_dual_three_phase_flt5zu_load_25nm,25.0,5,u,False,3,2,130.28756222668454,True,fault_test,0.04,True,True,linear_residual,5,25.0,53.60838480779458
external_dual_three_phase_flt5zu_load_25nm,25.0,5,u,False,4,2,217.0211197181137,True,fault_test,0.04,True,True,linear_residual,5,25.0,53.60838480779458
external_dual_three_phase_flt5zu_load_25nm,25.0,5,u,False,5,2,321.17811091087145,True,fault_test,0.04,True,True,linear_residual,5,25.0,53.60838480779458
external_dual_three_phase_flt5zu_load_25nm,25.0,5,u,False,6,2,485.4416797781578,True,fault_test,0.04,True,True,linear_residual,5,25.0,53.60838480779458
external_dual_three_phase_flt5zu_load_25nm,25.0,5,u,False,7,2,727.437424203798,True,fault_test,0.04,True,True,linear_residual,5,25.0,53.60838480779458
external_dual_three_phase_flt6zu_load_25nm,25.0,6,u,False,0,2,53.74995824733507,True,fault_test,0.04,True,True,linear_residual,5,25.0,53.60838480779458
external_dual_three_phase_flt6zu_load_25nm,25.0,6,u,False,1,2,50.55716360875567,True,fault_test,0.12,False,False,linear_residual,5,25.0,53.60838480779458
external_dual_three_phase_flt6zu_load_25nm,25.0,6,u,False,2,2,81.18123200132467,True,fault_test,0.04,True,True,linear_residual,5,25.0,53.60838480779458
external_dual_three_phase_flt6zu_load_25nm,25.0,6,u,False,3,2,141.04104273371917,True,fault_test,0.04,True,True,linear_residual,5,25.0,53.60838480779458
external_dual_three_phase_flt6zu_load_25nm,25.0,6,u,False,4,2,231.23186704199566,True,fault_test,0.04,True,True,linear_residual,5,25.0,53.60838480779458
external_dual_three_phase_flt6zu_load_25nm,25.0,6,u,False,5,2,338.27696455987075,True,fault_test,0.04,True,True,linear_residual,5,25.0,53.60838480779458
external_dual_three_phase_flt6zu_load_25nm,25.0,6,u,False,6,2,497.7338263929877,True,fault_test,0.04,True,True,linear_residual,5,25.0,53.60838480779458
external_dual_three_phase_flt6zu_load_25nm,25.0,6,u,False,7,2,774.011099597725,True,fault_test,0.04,True,True,linear_residual,5,25.0,53.60838480779458
external_dual_three_phase_flt0z_load_10nm,10.0,0,,True,0,2,42.67319030869257,True,calibration,,False,False,quadratic_residual,5,25.0,42.72018130488228
external_dual_three_phase_flt0z_load_10nm,10.0,0,,True,1,2,6.128425999258484,True,calibration,,False,False,quadratic_residual,5,25.0,42.72018130488228
external_dual_three_phase_flt0z_load_10nm,10.0,0,,True,2,2,3.1387039779304473,True,calibration,,False,False,quadratic_residual,5,25.0,42.72018130488228
external_dual_three_phase_flt0z_load_10nm,10.0,0,,True,3,2,2.1803347295199016,True,calibration,,False,False,quadratic_residual,5,25.0,42.72018130488228
external_dual_three_phase_flt0z_load_10nm,10.0,0,,True,4,2,1.8978176365046855,True,calibration,,False,False,quadratic_residual,5,25.0,42.72018130488228
external_dual_three_phase_flt0z_load_10nm,10.0,0,,True,5,2,2.1366856635888944,True,calibration,,False,False,quadratic_residual,5,25.0,42.72018130488228
external_dual_three_phase_flt0z_load_10nm,10.0,0,,True,6,2,3.367459358616663,True,calibration,,False,False,quadratic_residual,5,25.0,42.72018130488228
external_dual_three_phase_flt0z_load_10nm,10.0,0,,True,7,2,7.835323839298793,True,calibration,,False,False,quadratic_residual,5,25.0,42.72018130488228
external_dual_three_phase_flt0z_load_15nm,15.0,0,,True,0,2,40.12053325022056,True,calibration,,False,False,quadratic_residual,5,25.0,42.72018130488228
external_dual_three_phase_flt0z_load_15nm,15.0,0,,True,1,2,4.433708160971426,True,calibration,,False,False,quadratic_residual,5,25.0,42.72018130488228
external_dual_three_phase_flt0z_load_15nm,15.0,0,,True,2,2,1.8362655076069607,True,calibration,,False,False,quadratic_residual,5,25.0,42.72018130488228
external_dual_three_phase_flt0z_load_15nm,15.0,0,,True,3,2,1.293396244921917,True,calibration,,False,False,quadratic_residual,5,25.0,42.72018130488228
external_dual_three_phase_flt0z_load_15nm,15.0,0,,True,4,2,0.9449609983181517,True,calibration,,False,False,quadratic_residual,5,25.0,42.72018130488228
external_dual_three_phase_flt0z_load_15nm,15.0,0,,True,5,2,1.132504557050904,True,calibration,,False,False,quadratic_residual,5,25.0,42.72018130488228
external_dual_three_phase_flt0z_load_15nm,15.0,0,,True,6,2,2.0783186765309924,True,calibration,,False,False,quadratic_residual,5,25.0,42.72018130488228
external_dual_three_phase_flt0z_load_15nm,15.0,0,,True,7,2,4.947263362402789,True,calibration,,False,False,quadratic_residual,5,25.0,42.72018130488228
external_dual_three_phase_flt0z_load_25nm,25.0,0,,True,0,2,35.37700235799557,True,health_test,0.16,False,False,quadratic_residual,5,25.0,42.72018130488228
external_dual_three_phase_flt0z_load_25nm,25.0,0,,True,1,2,3.5615268301616068,True,health_test,0.6,False,False,quadratic_residual,5,25.0,42.72018130488228
external_dual_three_phase_flt0z_load_25nm,25.0,0,,True,2,2,0.8542272437318094,True,health_test,1.0,False,False,quadratic_residual,5,25.0,42.72018130488228
external_dual_three_phase_flt0z_load_25nm,25.0,0,,True,3,2,0.5340763733671972,True,health_test,1.0,False,False,quadratic_residual,5,25.0,42.72018130488228
external_dual_three_phase_flt0z_load_25nm,25.0,0,,True,4,2,0.38072931879967137,True,health_test,1.0,False,False,quadratic_residual,5,25.0,42.72018130488228
external_dual_three_phase_flt0z_load_25nm,25.0,0,,True,5,2,0.5102718705178008,True,health_test,1.0,False,False,quadratic_residual,5,25.0,42.72018130488228
external_dual_three_phase_flt0z_load_25nm,25.0,0,,True,6,2,0.6930162471969568,True,health_test,1.0,False,False,quadratic_residual,5,25.0,42.72018130488228
external_dual_three_phase_flt0z_load_25nm,25.0,0,,True,7,2,2.289374102621836,True,health_test,0.68,False,False,quadratic_residual,5,25.0,42.72018130488228
external_dual_three_phase_flt0z_load_5nm,5.0,0,,True,0,2,42.72018130488228,True,calibration,,False,False,quadratic_residual,5,25.0,42.72018130488228
external_dual_three_phase_flt0z_load_5nm,5.0,0,,True,1,2,8.517718381937021,True,calibration,,False,False,quadratic_residual,5,25.0,42.72018130488228
external_dual_three_phase_flt0z_load_5nm,5.0,0,,True,2,2,4.935971576924487,True,calibration,,False,False,quadratic_residual,5,25.0,42.72018130488228
external_dual_three_phase_flt0z_load_5nm,5.0,0,,True,3,2,5.030644134803888,True,calibration,,False,False,quadratic_residual,5,25.0,42.72018130488228
external_dual_three_phase_flt0z_load_5nm,5.0,0,,True,4,2,4.560687470357667,True,calibration,,False,False,quadratic_residual,5,25.0,42.72018130488228
external_dual_three_phase_flt0z_load_5nm,5.0,0,,True,5,2,5.288832054074334,True,calibration,,False,False,quadratic_residual,5,25.0,42.72018130488228
external_dual_three_phase_flt0z_load_5nm,5.0,0,,True,6,2,7.783920720209364,True,calibration,,False,False,quadratic_residual,5,25.0,42.72018130488228
external_dual_three_phase_flt0z_load_5nm,5.0,0,,True,7,2,11.121859157949567,True,calibration,,False,False,quadratic_residual,5,25.0,42.72018130488228
external_dual_three_phase_flt1zu_load_25nm,25.0,1,u,False,0,2,38.920075087192394,True,fault_test,0.16,False,False,quadratic_residual,5,25.0,42.72018130488228
external_dual_three_phase_flt1zu_load_25nm,25.0,1,u,False,1,2,5.952439375946586,True,fault_test,0.36,False,False,quadratic_residual,5,25.0,42.72018130488228
external_dual_three_phase_flt1zu_load_25nm,25.0,1,u,False,2,2,4.756458460952765,True,fault_test,0.52,False,False,quadratic_residual,5,25.0,42.72018130488228
external_dual_three_phase_flt1zu_load_25nm,25.0,1,u,False,3,2,7.62049905894232,True,fault_test,0.32,False,False,quadratic_residual,5,25.0,42.72018130488228
external_dual_three_phase_flt1zu_load_25nm,25.0,1,u,False,4,2,18.301389589420378,True,fault_test,0.16,False,False,quadratic_residual,5,25.0,42.72018130488228
external_dual_three_phase_flt1zu_load_25nm,25.0,1,u,False,5,2,37.880818787475626,True,fault_test,0.16,False,False,quadratic_residual,5,25.0,42.72018130488228
external_dual_three_phase_flt1zu_load_25nm,25.0,1,u,False,6,2,71.77492278359158,True,fault_test,0.04,True,True,quadratic_residual,5,25.0,42.72018130488228
external_dual_three_phase_flt1zu_load_25nm,25.0,1,u,False,7,2,149.15578715918167,True,fault_test,0.04,True,True,quadratic_residual,5,25.0,42.72018130488228
external_dual_three_phase_flt2zv_load_25nm,25.0,2,v,False,0,2,36.179438592736425,True,fault_test,0.16,False,False,quadratic_residual,5,25.0,42.72018130488228
external_dual_three_phase_flt2zv_load_25nm,25.0,2,v,False,1,2,13.351532593361544,True,fault_test,0.16,False,False,quadratic_residual,5,25.0,42.72018130488228
external_dual_three_phase_flt2zv_load_25nm,25.0,2,v,False,2,2,29.803164030831965,True,fault_test,0.16,False,False,quadratic_residual,5,25.0,42.72018130488228
external_dual_three_phase_flt2zv_load_25nm,25.0,2,v,False,3,2,63.444032229028664,True,fault_test,0.04,True,True,quadratic_residual,5,25.0,42.72018130488228
external_dual_three_phase_flt2zv_load_25nm,25.0,2,v,False,4,2,111.62500803070628,True,fault_test,0.04,True,True,quadratic_residual,5,25.0,42.72018130488228
external_dual_three_phase_flt2zv_load_25nm,25.0,2,v,False,5,2,189.72404968715927,True,fault_test,0.04,True,True,quadratic_residual,5,25.0,42.72018130488228
external_dual_three_phase_flt2zv_load_25nm,25.0,2,v,False,6,2,317.0832557665259,True,fault_test,0.04,True,True,quadratic_residual,5,25.0,42.72018130488228
external_dual_three_phase_flt2zv_load_25nm,25.0,2,v,False,7,2,559.1300089983599,True,fault_test,0.04,True,True,quadratic_residual,5,25.0,42.72018130488228
external_dual_three_phase_flt3zu_load_25nm,25.0,3,u,False,0,2,43.43765535095476,True,fault_test,0.04,True,True,quadratic_residual,5,25.0,42.72018130488228
external_dual_three_phase_flt3zu_load_25nm,25.0,3,u,False,1,2,30.82749315775092,True,fault_test,0.16,False,False,quadratic_residual,5,25.0,42.72018130488228
external_dual_three_phase_flt3zu_load_25nm,25.0,3,u,False,2,2,64.67927130840792,True,fault_test,0.04,True,True,quadratic_residual,5,25.0,42.72018130488228
external_dual_three_phase_flt3zu_load_25nm,25.0,3,u,False,3,2,134.67668367502682,True,fault_test,0.04,True,True,quadratic_residual,5,25.0,42.72018130488228
external_dual_three_phase_flt3zu_load_25nm,25.0,3,u,False,4,2,257.9724217240636,True,fault_test,0.04,True,True,quadratic_residual,5,25.0,42.72018130488228
external_dual_three_phase_flt3zu_load_25nm,25.0,3,u,False,5,2,407.1872092500589,True,fault_test,0.04,True,True,quadratic_residual,5,25.0,42.72018130488228
external_dual_three_phase_flt3zu_load_25nm,25.0,3,u,False,6,2,683.0900903698484,True,fault_test,0.04,True,True,quadratic_residual,5,25.0,42.72018130488228
external_dual_three_phase_flt3zu_load_25nm,25.0,3,u,False,7,2,1142.110901032036,True,fault_test,0.04,True,True,quadratic_residual,5,25.0,42.72018130488228
external_dual_three_phase_flt4zv_load_25nm,25.0,4,v,False,0,2,37.8036645897037,True,fault_test,0.16,False,False,quadratic_residual,5,25.0,42.72018130488228
external_dual_three_phase_flt4zv_load_25nm,25.0,4,v,False,1,2,35.59573363856535,True,fault_test,0.16,False,False,quadratic_residual,5,25.0,42.72018130488228
external_dual_three_phase_flt4zv_load_25nm,25.0,4,v,False,2,2,77.54347633798909,True,fault_test,0.04,True,True,quadratic_residual,5,25.0,42.72018130488228
external_dual_three_phase_flt4zv_load_25nm,25.0,4,v,False,3,2,134.80079242468332,True,fault_test,0.04,True,True,quadratic_residual,5,25.0,42.72018130488228
external_dual_three_phase_flt4zv_load_25nm,25.0,4,v,False,4,2,220.59811774061694,True,fault_test,0.04,True,True,quadratic_residual,5,25.0,42.72018130488228
external_dual_three_phase_flt4zv_load_25nm,25.0,4,v,False,5,2,357.07027920750454,True,fault_test,0.04,True,True,quadratic_residual,5,25.0,42.72018130488228
external_dual_three_phase_flt4zv_load_25nm,25.0,4,v,False,6,2,537.5151572903551,True,fault_test,0.04,True,True,quadratic_residual,5,25.0,42.72018130488228
external_dual_three_phase_flt4zv_load_25nm,25.0,4,v,False,7,2,911.4617691138478,True,fault_test,0.04,True,True,quadratic_residual,5,25.0,42.72018130488228
external_dual_three_phase_flt5zu_load_25nm,25.0,5,u,False,0,2,42.52032192467408,True,fault_test,0.12,False,False,quadratic_residual,5,25.0,42.72018130488228
external_dual_three_phase_flt5zu_load_25nm,25.0,5,u,False,1,2,43.09027881658647,True,fault_test,0.04,True,True,quadratic_residual,5,25.0,42.72018130488228
external_dual_three_phase_flt5zu_load_25nm,25.0,5,u,False,2,2,73.4400534966243,True,fault_test,0.04,True,True,quadratic_residual,5,25.0,42.72018130488228
external_dual_three_phase_flt5zu_load_25nm,25.0,5,u,False,3,2,137.99229131135178,True,fault_test,0.04,True,True,quadratic_residual,5,25.0,42.72018130488228
external_dual_three_phase_flt5zu_load_25nm,25.0,5,u,False,4,2,230.7907051423026,True,fault_test,0.04,True,True,quadratic_residual,5,25.0,42.72018130488228
external_dual_three_phase_flt5zu_load_25nm,25.0,5,u,False,5,2,345.2961097868285,True,fault_test,0.04,True,True,quadratic_residual,5,25.0,42.72018130488228
external_dual_three_phase_flt5zu_load_25nm,25.0,5,u,False,6,2,526.4124584922399,True,fault_test,0.04,True,True,quadratic_residual,5,25.0,42.72018130488228
external_dual_three_phase_flt5zu_load_25nm,25.0,5,u,False,7,2,813.8200330051623,True,fault_test,0.04,True,True,quadratic_residual,5,25.0,42.72018130488228
external_dual_three_phase_flt6zu_load_25nm,25.0,6,u,False,0,2,48.17061258305226,True,fault_test,0.04,True,True,quadratic_residual,5,25.0,42.72018130488228
external_dual_three_phase_flt6zu_load_25nm,25.0,6,u,False,1,2,53.74151190489343,True,fault_test,0.04,True,True,quadratic_residual,5,25.0,42.72018130488228
external_dual_three_phase_flt6zu_load_25nm,25.0,6,u,False,2,2,86.20471282996695,True,fault_test,0.04,True,True,quadratic_residual,5,25.0,42.72018130488228
external_dual_three_phase_flt6zu_load_25nm,25.0,6,u,False,3,2,149.59255784003065,True,fault_test,0.04,True,True,quadratic_residual,5,25.0,42.72018130488228
external_dual_three_phase_flt6zu_load_25nm,25.0,6,u,False,4,2,244.98483831193715,True,fault_test,0.04,True,True,quadratic_residual,5,25.0,42.72018130488228
external_dual_three_phase_flt6zu_load_25nm,25.0,6,u,False,5,2,364.68579688897876,True,fault_test,0.04,True,True,quadratic_residual,5,25.0,42.72018130488228
external_dual_three_phase_flt6zu_load_25nm,25.0,6,u,False,6,2,540.6616630568537,True,fault_test,0.04,True,True,quadratic_residual,5,25.0,42.72018130488228
external_dual_three_phase_flt6zu_load_25nm,25.0,6,u,False,7,2,867.4349379014521,True,fault_test,0.04,True,True,quadratic_residual,5,25.0,42.72018130488228
external_dual_three_phase_flt0z_load_10nm,10.0,0,,True,0,2,49.628010333557334,True,calibration,,False,False,spline_residual,5,25.0,49.628010333557334
external_dual_three_phase_flt0z_load_10nm,10.0,0,,True,1,2,7.736307940242224,True,calibration,,False,False,spline_residual,5,25.0,49.628010333557334
external_dual_three_phase_flt0z_load_10nm,10.0,0,,True,2,2,2.9407946721620695,True,calibration,,False,False,spline_residual,5,25.0,49.628010333557334
external_dual_three_phase_flt0z_load_10nm,10.0,0,,True,3,2,2.440723282756178,True,calibration,,False,False,spline_residual,5,25.0,49.628010333557334
external_dual_three_phase_flt0z_load_10nm,10.0,0,,True,4,2,2.4490993313201925,True,calibration,,False,False,spline_residual,5,25.0,49.628010333557334
external_dual_three_phase_flt0z_load_10nm,10.0,0,,True,5,2,2.5770450522199457,True,calibration,,False,False,spline_residual,5,25.0,49.628010333557334
external_dual_three_phase_flt0z_load_10nm,10.0,0,,True,6,2,3.045862679692879,True,calibration,,False,False,spline_residual,5,25.0,49.628010333557334
external_dual_three_phase_flt0z_load_10nm,10.0,0,,True,7,2,3.8150653678184745,True,calibration,,False,False,spline_residual,5,25.0,49.628010333557334
external_dual_three_phase_flt0z_load_15nm,15.0,0,,True,0,2,44.46421311175208,True,calibration,,False,False,spline_residual,5,25.0,49.628010333557334
external_dual_three_phase_flt0z_load_15nm,15.0,0,,True,1,2,5.7524239865601725,True,calibration,,False,False,spline_residual,5,25.0,49.628010333557334
external_dual_three_phase_flt0z_load_15nm,15.0,0,,True,2,2,1.1687501777778533,True,calibration,,False,False,spline_residual,5,25.0,49.628010333557334
external_dual_three_phase_flt0z_load_15nm,15.0,0,,True,3,2,1.1170865853880414,True,calibration,,False,False,spline_residual,5,25.0,49.628010333557334
external_dual_three_phase_flt0z_load_15nm,15.0,0,,True,4,2,0.984931701767755,True,calibration,,False,False,spline_residual,5,25.0,49.628010333557334
external_dual_three_phase_flt0z_load_15nm,15.0,0,,True,5,2,0.8799577683060016,True,calibration,,False,False,spline_residual,5,25.0,49.628010333557334
external_dual_three_phase_flt0z_load_15nm,15.0,0,,True,6,2,1.223711434279767,True,calibration,,False,False,spline_residual,5,25.0,49.628010333557334
external_dual_three_phase_flt0z_load_15nm,15.0,0,,True,7,2,1.3760134400377222,True,calibration,,False,False,spline_residual,5,25.0,49.628010333557334
external_dual_three_phase_flt0z_load_25nm,25.0,0,,True,0,2,39.130847338513924,True,health_test,0.16,False,False,spline_residual,5,25.0,49.628010333557334
external_dual_three_phase_flt0z_load_25nm,25.0,0,,True,1,2,5.2862023000380365,True,health_test,0.44,False,False,spline_residual,5,25.0,49.628010333557334
external_dual_three_phase_flt0z_load_25nm,25.0,0,,True,2,2,0.7842855720653268,True,health_test,1.0,False,False,spline_residual,5,25.0,49.628010333557334
external_dual_three_phase_flt0z_load_25nm,25.0,0,,True,3,2,0.5319766540532147,True,health_test,1.0,False,False,spline_residual,5,25.0,49.628010333557334
external_dual_three_phase_flt0z_load_25nm,25.0,0,,True,4,2,0.4402526772855011,True,health_test,1.0,False,False,spline_residual,5,25.0,49.628010333557334
external_dual_three_phase_flt0z_load_25nm,25.0,0,,True,5,2,0.4981613335143566,True,health_test,1.0,False,False,spline_residual,5,25.0,49.628010333557334
external_dual_three_phase_flt0z_load_25nm,25.0,0,,True,6,2,1.061597584458084,True,health_test,0.92,False,False,spline_residual,5,25.0,49.628010333557334
external_dual_three_phase_flt0z_load_25nm,25.0,0,,True,7,2,1.3888321670356834,True,health_test,0.76,False,False,spline_residual,5,25.0,49.628010333557334
external_dual_three_phase_flt0z_load_5nm,5.0,0,,True,0,2,47.75742774320377,True,calibration,,False,False,spline_residual,5,25.0,49.628010333557334
external_dual_three_phase_flt0z_load_5nm,5.0,0,,True,1,2,9.44574480510926,True,calibration,,False,False,spline_residual,5,25.0,49.628010333557334
external_dual_three_phase_flt0z_load_5nm,5.0,0,,True,2,2,4.439734465469355,True,calibration,,False,False,spline_residual,5,25.0,49.628010333557334
external_dual_three_phase_flt0z_load_5nm,5.0,0,,True,3,2,4.721824910504004,True,calibration,,False,False,spline_residual,5,25.0,49.628010333557334
external_dual_three_phase_flt0z_load_5nm,5.0,0,,True,4,2,5.403903758954996,True,calibration,,False,False,spline_residual,5,25.0,49.628010333557334
external_dual_three_phase_flt0z_load_5nm,5.0,0,,True,5,2,6.138980539857267,True,calibration,,False,False,spline_residual,5,25.0,49.628010333557334
external_dual_three_phase_flt0z_load_5nm,5.0,0,,True,6,2,8.019241835949012,True,calibration,,False,False,spline_residual,5,25.0,49.628010333557334
external_dual_three_phase_flt0z_load_5nm,5.0,0,,True,7,2,13.13544286110732,True,calibration,,False,False,spline_residual,5,25.0,49.628010333557334
external_dual_three_phase_flt1zu_load_25nm,25.0,1,u,False,0,2,44.17265036808149,True,fault_test,0.16,False,False,spline_residual,5,25.0,49.628010333557334
external_dual_three_phase_flt1zu_load_25nm,25.0,1,u,False,1,2,6.448564893099882,True,fault_test,0.32,False,False,spline_residual,5,25.0,49.628010333557334
external_dual_three_phase_flt1zu_load_25nm,25.0,1,u,False,2,2,5.228044508791806,True,fault_test,0.44,False,False,spline_residual,5,25.0,49.628010333557334
external_dual_three_phase_flt1zu_load_25nm,25.0,1,u,False,3,2,8.945268337526997,True,fault_test,0.24,False,False,spline_residual,5,25.0,49.628010333557334
external_dual_three_phase_flt1zu_load_25nm,25.0,1,u,False,4,2,20.02371117478814,True,fault_test,0.16,False,False,spline_residual,5,25.0,49.628010333557334
external_dual_three_phase_flt1zu_load_25nm,25.0,1,u,False,5,2,39.19076036585383,True,fault_test,0.16,False,False,spline_residual,5,25.0,49.628010333557334
external_dual_three_phase_flt1zu_load_25nm,25.0,1,u,False,6,2,71.3834698140013,True,fault_test,0.04,True,True,spline_residual,5,25.0,49.628010333557334
external_dual_three_phase_flt1zu_load_25nm,25.0,1,u,False,7,2,157.68065927255168,True,fault_test,0.04,True,True,spline_residual,5,25.0,49.628010333557334
external_dual_three_phase_flt2zv_load_25nm,25.0,2,v,False,0,2,39.861960738582326,True,fault_test,0.16,False,False,spline_residual,5,25.0,49.628010333557334
external_dual_three_phase_flt2zv_load_25nm,25.0,2,v,False,1,2,12.668742196700446,True,fault_test,0.2,False,False,spline_residual,5,25.0,49.628010333557334
external_dual_three_phase_flt2zv_load_25nm,25.0,2,v,False,2,2,28.046804537808264,True,fault_test,0.16,False,False,spline_residual,5,25.0,49.628010333557334
external_dual_three_phase_flt2zv_load_25nm,25.0,2,v,False,3,2,60.63230722836445,True,fault_test,0.04,True,True,spline_residual,5,25.0,49.628010333557334
external_dual_three_phase_flt2zv_load_25nm,25.0,2,v,False,4,2,108.51155763588497,True,fault_test,0.04,True,True,spline_residual,5,25.0,49.628010333557334
external_dual_three_phase_flt2zv_load_25nm,25.0,2,v,False,5,2,185.03236583933955,True,fault_test,0.04,True,True,spline_residual,5,25.0,49.628010333557334
external_dual_three_phase_flt2zv_load_25nm,25.0,2,v,False,6,2,309.10067726430333,True,fault_test,0.04,True,True,spline_residual,5,25.0,49.628010333557334
external_dual_three_phase_flt2zv_load_25nm,25.0,2,v,False,7,2,551.1578628455823,True,fault_test,0.04,True,True,spline_residual,5,25.0,49.628010333557334
external_dual_three_phase_flt3zu_load_25nm,25.0,3,u,False,0,2,46.59823939815345,True,fault_test,0.12,False,False,spline_residual,5,25.0,49.628010333557334
external_dual_three_phase_flt3zu_load_25nm,25.0,3,u,False,1,2,33.468287564467744,True,fault_test,0.16,False,False,spline_residual,5,25.0,49.628010333557334
external_dual_three_phase_flt3zu_load_25nm,25.0,3,u,False,2,2,70.71456615891339,True,fault_test,0.04,True,True,spline_residual,5,25.0,49.628010333557334
external_dual_three_phase_flt3zu_load_25nm,25.0,3,u,False,3,2,146.0748646316609,True,fault_test,0.04,True,True,spline_residual,5,25.0,49.628010333557334
external_dual_three_phase_flt3zu_load_25nm,25.0,3,u,False,4,2,272.65007626457987,True,fault_test,0.04,True,True,spline_residual,5,25.0,49.628010333557334
external_dual_three_phase_flt3zu_load_25nm,25.0,3,u,False,5,2,418.46197954191297,True,fault_test,0.04,True,True,spline_residual,5,25.0,49.628010333557334
external_dual_three_phase_flt3zu_load_25nm,25.0,3,u,False,6,2,689.6026732341381,True,fault_test,0.04,True,True,spline_residual,5,25.0,49.628010333557334
external_dual_three_phase_flt3zu_load_25nm,25.0,3,u,False,7,2,1172.998179469315,True,fault_test,0.04,True,True,spline_residual,5,25.0,49.628010333557334
external_dual_three_phase_flt4zv_load_25nm,25.0,4,v,False,0,2,42.97545328623204,True,fault_test,0.16,False,False,spline_residual,5,25.0,49.628010333557334
external_dual_three_phase_flt4zv_load_25nm,25.0,4,v,False,1,2,34.095975402680565,True,fault_test,0.16,False,False,spline_residual,5,25.0,49.628010333557334
external_dual_three_phase_flt4zv_load_25nm,25.0,4,v,False,2,2,73.67335129931453,True,fault_test,0.04,True,True,spline_residual,5,25.0,49.628010333557334
external_dual_three_phase_flt4zv_load_25nm,25.0,4,v,False,3,2,130.58940150289584,True,fault_test,0.04,True,True,spline_residual,5,25.0,49.628010333557334
external_dual_three_phase_flt4zv_load_25nm,25.0,4,v,False,4,2,215.50901239939432,True,fault_test,0.04,True,True,spline_residual,5,25.0,49.628010333557334
external_dual_three_phase_flt4zv_load_25nm,25.0,4,v,False,5,2,349.29412191019304,True,fault_test,0.04,True,True,spline_residual,5,25.0,49.628010333557334
external_dual_three_phase_flt4zv_load_25nm,25.0,4,v,False,6,2,527.0896291723324,True,fault_test,0.04,True,True,spline_residual,5,25.0,49.628010333557334
external_dual_three_phase_flt4zv_load_25nm,25.0,4,v,False,7,2,894.5406786881314,True,fault_test,0.04,True,True,spline_residual,5,25.0,49.628010333557334
external_dual_three_phase_flt5zu_load_25nm,25.0,5,u,False,0,2,46.00859196369124,True,fault_test,0.12,False,False,spline_residual,5,25.0,49.628010333557334
external_dual_three_phase_flt5zu_load_25nm,25.0,5,u,False,1,2,43.85782538017982,True,fault_test,0.16,False,False,spline_residual,5,25.0,49.628010333557334
external_dual_three_phase_flt5zu_load_25nm,25.0,5,u,False,2,2,75.83969024249953,True,fault_test,0.04,True,True,spline_residual,5,25.0,49.628010333557334
external_dual_three_phase_flt5zu_load_25nm,25.0,5,u,False,3,2,138.77373746213152,True,fault_test,0.04,True,True,spline_residual,5,25.0,49.628010333557334
external_dual_three_phase_flt5zu_load_25nm,25.0,5,u,False,4,2,226.73527321285763,True,fault_test,0.04,True,True,spline_residual,5,25.0,49.628010333557334
external_dual_three_phase_flt5zu_load_25nm,25.0,5,u,False,5,2,332.81447828503934,True,fault_test,0.04,True,True,spline_residual,5,25.0,49.628010333557334
external_dual_three_phase_flt5zu_load_25nm,25.0,5,u,False,6,2,496.9349783410381,True,fault_test,0.04,True,True,spline_residual,5,25.0,49.628010333557334
external_dual_three_phase_flt5zu_load_25nm,25.0,5,u,False,7,2,790.886436511232,True,fault_test,0.04,True,True,spline_residual,5,25.0,49.628010333557334
external_dual_three_phase_flt6zu_load_25nm,25.0,6,u,False,0,2,53.02462952551672,True,fault_test,0.04,True,True,spline_residual,5,25.0,49.628010333557334
external_dual_three_phase_flt6zu_load_25nm,25.0,6,u,False,1,2,55.90204768076592,True,fault_test,0.04,True,True,spline_residual,5,25.0,49.628010333557334
external_dual_three_phase_flt6zu_load_25nm,25.0,6,u,False,2,2,88.09801953385627,True,fault_test,0.04,True,True,spline_residual,5,25.0,49.628010333557334
external_dual_three_phase_flt6zu_load_25nm,25.0,6,u,False,3,2,148.9792158071903,True,fault_test,0.04,True,True,spline_residual,5,25.0,49.628010333557334
external_dual_three_phase_flt6zu_load_25nm,25.0,6,u,False,4,2,242.5448601917205,True,fault_test,0.04,True,True,spline_residual,5,25.0,49.628010333557334
external_dual_three_phase_flt6zu_load_25nm,25.0,6,u,False,5,2,349.4003567524172,True,fault_test,0.04,True,True,spline_residual,5,25.0,49.628010333557334
external_dual_three_phase_flt6zu_load_25nm,25.0,6,u,False,6,2,508.899566372485,True,fault_test,0.04,True,True,spline_residual,5,25.0,49.628010333557334
external_dual_three_phase_flt6zu_load_25nm,25.0,6,u,False,7,2,839.3682610882242,True,fault_test,0.04,True,True,spline_residual,5,25.0,49.628010333557334
external_dual_three_phase_flt0z_load_10nm,10.0,0,,True,0,2,33.78678976616077,True,calibration,,False,False,spline_local_scale,5,25.0,50.68799419328029
external_dual_three_phase_flt0z_load_10nm,10.0,0,,True,1,2,16.061713050285306,True,calibration,,False,False,spline_local_scale,5,25.0,50.68799419328029
external_dual_three_phase_flt0z_load_10nm,10.0,0,,True,2,2,11.343808541343382,True,calibration,,False,False,spline_local_scale,5,25.0,50.68799419328029
external_dual_three_phase_flt0z_load_10nm,10.0,0,,True,3,2,10.41197735278705,True,calibration,,False,False,spline_local_scale,5,25.0,50.68799419328029
external_dual_three_phase_flt0z_load_10nm,10.0,0,,True,4,2,9.101406982882175,True,calibration,,False,False,spline_local_scale,5,25.0,50.68799419328029
external_dual_three_phase_flt0z_load_10nm,10.0,0,,True,5,2,5.754411119186342,True,calibration,,False,False,spline_local_scale,5,25.0,50.68799419328029
external_dual_three_phase_flt0z_load_10nm,10.0,0,,True,6,2,7.112896936133566,True,calibration,,False,False,spline_local_scale,5,25.0,50.68799419328029
external_dual_three_phase_flt0z_load_10nm,10.0,0,,True,7,2,17.797455618971505,True,calibration,,False,False,spline_local_scale,5,25.0,50.68799419328029
external_dual_three_phase_flt0z_load_15nm,15.0,0,,True,0,2,50.68799419328029,True,calibration,,False,False,spline_local_scale,5,25.0,50.68799419328029
external_dual_three_phase_flt0z_load_15nm,15.0,0,,True,1,2,10.802710801969864,True,calibration,,False,False,spline_local_scale,5,25.0,50.68799419328029
external_dual_three_phase_flt0z_load_15nm,15.0,0,,True,2,2,6.282926367574171,True,calibration,,False,False,spline_local_scale,5,25.0,50.68799419328029
external_dual_three_phase_flt0z_load_15nm,15.0,0,,True,3,2,4.430175460061651,True,calibration,,False,False,spline_local_scale,5,25.0,50.68799419328029
external_dual_three_phase_flt0z_load_15nm,15.0,0,,True,4,2,5.316682231897174,True,calibration,,False,False,spline_local_scale,5,25.0,50.68799419328029
external_dual_three_phase_flt0z_load_15nm,15.0,0,,True,5,2,4.672105274919894,True,calibration,,False,False,spline_local_scale,5,25.0,50.68799419328029
external_dual_three_phase_flt0z_load_15nm,15.0,0,,True,6,2,5.811269225895597,True,calibration,,False,False,spline_local_scale,5,25.0,50.68799419328029
external_dual_three_phase_flt0z_load_15nm,15.0,0,,True,7,2,8.925216735920696,True,calibration,,False,False,spline_local_scale,5,25.0,50.68799419328029
external_dual_three_phase_flt0z_load_25nm,25.0,0,,True,0,2,45.825311642703284,True,health_test,0.08,False,False,spline_local_scale,5,25.0,50.68799419328029
external_dual_three_phase_flt0z_load_25nm,25.0,0,,True,1,2,22.918748652249782,True,health_test,0.2,False,False,spline_local_scale,5,25.0,50.68799419328029
external_dual_three_phase_flt0z_load_25nm,25.0,0,,True,2,2,12.535537154076142,True,health_test,0.36,False,False,spline_local_scale,5,25.0,50.68799419328029
external_dual_three_phase_flt0z_load_25nm,25.0,0,,True,3,2,9.800872741761705,True,health_test,0.6,False,False,spline_local_scale,5,25.0,50.68799419328029
external_dual_three_phase_flt0z_load_25nm,25.0,0,,True,4,2,10.445972412250871,True,health_test,0.48,False,False,spline_local_scale,5,25.0,50.68799419328029
external_dual_three_phase_flt0z_load_25nm,25.0,0,,True,5,2,10.341534068898124,True,health_test,0.52,False,False,spline_local_scale,5,25.0,50.68799419328029
external_dual_three_phase_flt0z_load_25nm,25.0,0,,True,6,2,11.142147795322137,True,health_test,0.44,False,False,spline_local_scale,5,25.0,50.68799419328029
external_dual_three_phase_flt0z_load_25nm,25.0,0,,True,7,2,20.4420504680185,True,health_test,0.2,False,False,spline_local_scale,5,25.0,50.68799419328029
external_dual_three_phase_flt0z_load_5nm,5.0,0,,True,0,2,27.752250275264664,True,calibration,,False,False,spline_local_scale,5,25.0,50.68799419328029
external_dual_three_phase_flt0z_load_5nm,5.0,0,,True,1,2,15.897808481187273,True,calibration,,False,False,spline_local_scale,5,25.0,50.68799419328029
external_dual_three_phase_flt0z_load_5nm,5.0,0,,True,2,2,13.605126392646486,True,calibration,,False,False,spline_local_scale,5,25.0,50.68799419328029
external_dual_three_phase_flt0z_load_5nm,5.0,0,,True,3,2,11.762229640345021,True,calibration,,False,False,spline_local_scale,5,25.0,50.68799419328029
external_dual_three_phase_flt0z_load_5nm,5.0,0,,True,4,2,10.17683377313348,True,calibration,,False,False,spline_local_scale,5,25.0,50.68799419328029
external_dual_three_phase_flt0z_load_5nm,5.0,0,,True,5,2,6.074469756726744,True,calibration,,False,False,spline_local_scale,5,25.0,50.68799419328029
external_dual_three_phase_flt0z_load_5nm,5.0,0,,True,6,2,9.995532015667477,True,calibration,,False,False,spline_local_scale,5,25.0,50.68799419328029
external_dual_three_phase_flt0z_load_5nm,5.0,0,,True,7,2,25.76909715292783,True,calibration,,False,False,spline_local_scale,5,25.0,50.68799419328029
external_dual_three_phase_flt1zu_load_25nm,25.0,1,u,False,0,2,71.02611970689928,True,fault_test,0.04,True,True,spline_local_scale,5,25.0,50.68799419328029
external_dual_three_phase_flt1zu_load_25nm,25.0,1,u,False,1,2,46.55525533575847,True,fault_test,0.08,False,False,spline_local_scale,5,25.0,50.68799419328029
external_dual_three_phase_flt1zu_load_25nm,25.0,1,u,False,2,2,56.290667555242536,True,fault_test,0.04,True,True,spline_local_scale,5,25.0,50.68799419328029
external_dual_three_phase_flt1zu_load_25nm,25.0,1,u,False,3,2,94.60010210440743,True,fault_test,0.04,True,True,spline_local_scale,5,25.0,50.68799419328029
external_dual_three_phase_flt1zu_load_25nm,25.0,1,u,False,4,2,159.5646858875649,True,fault_test,0.04,True,True,spline_local_scale,5,25.0,50.68799419328029
external_dual_three_phase_flt1zu_load_25nm,25.0,1,u,False,5,2,326.27097763965344,True,fault_test,0.04,True,True,spline_local_scale,5,25.0,50.68799419328029
external_dual_three_phase_flt1zu_load_25nm,25.0,1,u,False,6,2,719.5140985702669,True,fault_test,0.04,True,True,spline_local_scale,5,25.0,50.68799419328029
external_dual_three_phase_flt1zu_load_25nm,25.0,1,u,False,7,2,2019.8392969949223,True,fault_test,0.04,True,True,spline_local_scale,5,25.0,50.68799419328029
external_dual_three_phase_flt2zv_load_25nm,25.0,2,v,False,0,2,47.18047825314535,True,fault_test,0.08,False,False,spline_local_scale,5,25.0,50.68799419328029
external_dual_three_phase_flt2zv_load_25nm,25.0,2,v,False,1,2,135.5591997193773,True,fault_test,0.04,True,True,spline_local_scale,5,25.0,50.68799419328029
external_dual_three_phase_flt2zv_load_25nm,25.0,2,v,False,2,2,392.28881040514875,True,fault_test,0.04,True,True,spline_local_scale,5,25.0,50.68799419328029
external_dual_three_phase_flt2zv_load_25nm,25.0,2,v,False,3,2,948.0971200308661,True,fault_test,0.04,True,True,spline_local_scale,5,25.0,50.68799419328029
external_dual_three_phase_flt2zv_load_25nm,25.0,2,v,False,4,2,1381.888781077566,True,fault_test,0.04,True,True,spline_local_scale,5,25.0,50.68799419328029
external_dual_three_phase_flt2zv_load_25nm,25.0,2,v,False,5,2,2218.557824341189,True,fault_test,0.04,True,True,spline_local_scale,5,25.0,50.68799419328029
external_dual_three_phase_flt2zv_load_25nm,25.0,2,v,False,6,2,4528.310091920298,True,fault_test,0.04,True,True,spline_local_scale,5,25.0,50.68799419328029
external_dual_three_phase_flt2zv_load_25nm,25.0,2,v,False,7,2,9923.283632418133,True,fault_test,0.04,True,True,spline_local_scale,5,25.0,50.68799419328029
external_dual_three_phase_flt3zu_load_25nm,25.0,3,u,False,0,2,146.22155047692524,True,fault_test,0.04,True,True,spline_local_scale,5,25.0,50.68799419328029
external_dual_three_phase_flt3zu_load_25nm,25.0,3,u,False,1,2,319.46269139334174,True,fault_test,0.04,True,True,spline_local_scale,5,25.0,50.68799419328029
external_dual_three_phase_flt3zu_load_25nm,25.0,3,u,False,2,2,780.7968231396973,True,fault_test,0.04,True,True,spline_local_scale,5,25.0,50.68799419328029
external_dual_three_phase_flt3zu_load_25nm,25.0,3,u,False,3,2,1525.113857101012,True,fault_test,0.04,True,True,spline_local_scale,5,25.0,50.68799419328029
external_dual_three_phase_flt3zu_load_25nm,25.0,3,u,False,4,2,2298.591707161761,True,fault_test,0.04,True,True,spline_local_scale,5,25.0,50.68799419328029
external_dual_three_phase_flt3zu_load_25nm,25.0,3,u,False,5,2,3518.39587151941,True,fault_test,0.04,True,True,spline_local_scale,5,25.0,50.68799419328029
external_dual_three_phase_flt3zu_load_25nm,25.0,3,u,False,6,2,6938.113731636491,True,fault_test,0.04,True,True,spline_local_scale,5,25.0,50.68799419328029
external_dual_three_phase_flt3zu_load_25nm,25.0,3,u,False,7,2,14992.454546049805,True,fault_test,0.04,True,True,spline_local_scale,5,25.0,50.68799419328029
external_dual_three_phase_flt4zv_load_25nm,25.0,4,v,False,0,2,119.44161105502427,True,fault_test,0.04,True,True,spline_local_scale,5,25.0,50.68799419328029
external_dual_three_phase_flt4zv_load_25nm,25.0,4,v,False,1,2,391.6362692282916,True,fault_test,0.04,True,True,spline_local_scale,5,25.0,50.68799419328029
external_dual_three_phase_flt4zv_load_25nm,25.0,4,v,False,2,2,1207.858500376871,True,fault_test,0.04,True,True,spline_local_scale,5,25.0,50.68799419328029
external_dual_three_phase_flt4zv_load_25nm,25.0,4,v,False,3,2,2250.2732407753974,True,fault_test,0.04,True,True,spline_local_scale,5,25.0,50.68799419328029
external_dual_three_phase_flt4zv_load_25nm,25.0,4,v,False,4,2,2915.98841511506,True,fault_test,0.04,True,True,spline_local_scale,5,25.0,50.68799419328029
external_dual_three_phase_flt4zv_load_25nm,25.0,4,v,False,5,2,4225.045734286073,True,fault_test,0.04,True,True,spline_local_scale,5,25.0,50.68799419328029
external_dual_three_phase_flt4zv_load_25nm,25.0,4,v,False,6,2,7774.141326450665,True,fault_test,0.04,True,True,spline_local_scale,5,25.0,50.68799419328029
external_dual_three_phase_flt4zv_load_25nm,25.0,4,v,False,7,2,15953.466568483873,True,fault_test,0.04,True,True,spline_local_scale,5,25.0,50.68799419328029
external_dual_three_phase_flt5zu_load_25nm,25.0,5,u,False,0,2,195.06191705749302,True,fault_test,0.04,True,True,spline_local_scale,5,25.0,50.68799419328029
external_dual_three_phase_flt5zu_load_25nm,25.0,5,u,False,1,2,402.9347918703819,True,fault_test,0.04,True,True,spline_local_scale,5,25.0,50.68799419328029
external_dual_three_phase_flt5zu_load_25nm,25.0,5,u,False,2,2,851.1267847048478,True,fault_test,0.04,True,True,spline_local_scale,5,25.0,50.68799419328029
external_dual_three_phase_flt5zu_load_25nm,25.0,5,u,False,3,2,1574.6464821468048,True,fault_test,0.04,True,True,spline_local_scale,5,25.0,50.68799419328029
external_dual_three_phase_flt5zu_load_25nm,25.0,5,u,False,4,2,2255.3313252943926,True,fault_test,0.04,True,True,spline_local_scale,5,25.0,50.68799419328029
external_dual_three_phase_flt5zu_load_25nm,25.0,5,u,False,5,2,2974.431460817823,True,fault_test,0.04,True,True,spline_local_scale,5,25.0,50.68799419328029
external_dual_three_phase_flt5zu_load_25nm,25.0,5,u,False,6,2,4950.810958080963,True,fault_test,0.04,True,True,spline_local_scale,5,25.0,50.68799419328029
external_dual_three_phase_flt5zu_load_25nm,25.0,5,u,False,7,2,10515.235056083278,True,fault_test,0.04,True,True,spline_local_scale,5,25.0,50.68799419328029
external_dual_three_phase_flt6zu_load_25nm,25.0,6,u,False,0,2,207.35780823741666,True,fault_test,0.04,True,True,spline_local_scale,5,25.0,50.68799419328029
external_dual_three_phase_flt6zu_load_25nm,25.0,6,u,False,1,2,511.207720883578,True,fault_test,0.04,True,True,spline_local_scale,5,25.0,50.68799419328029
external_dual_three_phase_flt6zu_load_25nm,25.0,6,u,False,2,2,900.3294203865739,True,fault_test,0.04,True,True,spline_local_scale,5,25.0,50.68799419328029
external_dual_three_phase_flt6zu_load_25nm,25.0,6,u,False,3,2,1723.2649171636833,True,fault_test,0.04,True,True,spline_local_scale,5,25.0,50.68799419328029
external_dual_three_phase_flt6zu_load_25nm,25.0,6,u,False,4,2,2446.0331887457014,True,fault_test,0.04,True,True,spline_local_scale,5,25.0,50.68799419328029
external_dual_three_phase_flt6zu_load_25nm,25.0,6,u,False,5,2,3152.536852393463,True,fault_test,0.04,True,True,spline_local_scale,5,25.0,50.68799419328029
external_dual_three_phase_flt6zu_load_25nm,25.0,6,u,False,6,2,5075.821562728925,True,fault_test,0.04,True,True,spline_local_scale,5,25.0,50.68799419328029
external_dual_three_phase_flt6zu_load_25nm,25.0,6,u,False,7,2,11217.98223928855,True,fault_test,0.04,True,True,spline_local_scale,5,25.0,50.68799419328029
external_dual_three_phase_flt0z_load_10nm,10.0,0,,True,0,2,0.4961461941138546,True,calibration,,False,False,isolation_forest,5,25.0,0.52921420084664
external_dual_three_phase_flt0z_load_10nm,10.0,0,,True,1,2,0.4341788785302696,True,calibration,,False,False,isolation_forest,5,25.0,0.52921420084664
external_dual_three_phase_flt0z_load_10nm,10.0,0,,True,2,2,0.426198811127343,True,calibration,,False,False,isolation_forest,5,25.0,0.52921420084664
external_dual_three_phase_flt0z_load_10nm,10.0,0,,True,3,2,0.42322511667293533,True,calibration,,False,False,isolation_forest,5,25.0,0.52921420084664
external_dual_three_phase_flt0z_load_10nm,10.0,0,,True,4,2,0.43185409161575594,True,calibration,,False,False,isolation_forest,5,25.0,0.52921420084664
external_dual_three_phase_flt0z_load_10nm,10.0,0,,True,5,2,0.4117755194188037,True,calibration,,False,False,isolation_forest,5,25.0,0.52921420084664
external_dual_three_phase_flt0z_load_10nm,10.0,0,,True,6,2,0.42838558417481665,True,calibration,,False,False,isolation_forest,5,25.0,0.52921420084664
external_dual_three_phase_flt0z_load_10nm,10.0,0,,True,7,2,0.4502757765233961,True,calibration,,False,False,isolation_forest,5,25.0,0.52921420084664
external_dual_three_phase_flt0z_load_15nm,15.0,0,,True,0,2,0.4848896079230073,True,calibration,,False,False,isolation_forest,5,25.0,0.52921420084664
external_dual_three_phase_flt0z_load_15nm,15.0,0,,True,1,2,0.42727272438437564,True,calibration,,False,False,isolation_forest,5,25.0,0.52921420084664
external_dual_three_phase_flt0z_load_15nm,15.0,0,,True,2,2,0.39344526797113377,True,calibration,,False,False,isolation_forest,5,25.0,0.52921420084664
external_dual_three_phase_flt0z_load_15nm,15.0,0,,True,3,2,0.3935939707677109,True,calibration,,False,False,isolation_forest,5,25.0,0.52921420084664
external_dual_three_phase_flt0z_load_15nm,15.0,0,,True,4,2,0.4018722850270123,True,calibration,,False,False,isolation_forest,5,25.0,0.52921420084664
external_dual_three_phase_flt0z_load_15nm,15.0,0,,True,5,2,0.3896953173203258,True,calibration,,False,False,isolation_forest,5,25.0,0.52921420084664
external_dual_three_phase_flt0z_load_15nm,15.0,0,,True,6,2,0.40312951404655134,True,calibration,,False,False,isolation_forest,5,25.0,0.52921420084664
external_dual_three_phase_flt0z_load_15nm,15.0,0,,True,7,2,0.41516210394563546,True,calibration,,False,False,isolation_forest,5,25.0,0.52921420084664
external_dual_three_phase_flt0z_load_25nm,25.0,0,,True,0,2,0.46857846519085405,True,health_test,0.24,False,False,isolation_forest,5,25.0,0.52921420084664
external_dual_three_phase_flt0z_load_25nm,25.0,0,,True,1,2,0.3846787494648906,True,health_test,1.0,False,False,isolation_forest,5,25.0,0.52921420084664
external_dual_three_phase_flt0z_load_25nm,25.0,0,,True,2,2,0.36135097750233147,True,health_test,1.0,False,False,isolation_forest,5,25.0,0.52921420084664
external_dual_three_phase_flt0z_load_25nm,25.0,0,,True,3,2,0.3499405685382404,True,health_test,1.0,False,False,isolation_forest,5,25.0,0.52921420084664
external_dual_three_phase_flt0z_load_25nm,25.0,0,,True,4,2,0.3530632317488928,True,health_test,1.0,False,False,isolation_forest,5,25.0,0.52921420084664
external_dual_three_phase_flt0z_load_25nm,25.0,0,,True,5,2,0.3544122935412373,True,health_test,1.0,False,False,isolation_forest,5,25.0,0.52921420084664
external_dual_three_phase_flt0z_load_25nm,25.0,0,,True,6,2,0.35807190789245474,True,health_test,1.0,False,False,isolation_forest,5,25.0,0.52921420084664
external_dual_three_phase_flt0z_load_25nm,25.0,0,,True,7,2,0.37947432622513005,True,health_test,1.0,False,False,isolation_forest,5,25.0,0.52921420084664
external_dual_three_phase_flt0z_load_5nm,5.0,0,,True,0,2,0.52921420084664,True,calibration,,False,False,isolation_forest,5,25.0,0.52921420084664
external_dual_three_phase_flt0z_load_5nm,5.0,0,,True,1,2,0.4585814817599599,True,calibration,,False,False,isolation_forest,5,25.0,0.52921420084664
external_dual_three_phase_flt0z_load_5nm,5.0,0,,True,2,2,0.4495829997184238,True,calibration,,False,False,isolation_forest,5,25.0,0.52921420084664
external_dual_three_phase_flt0z_load_5nm,5.0,0,,True,3,2,0.4512834290808594,True,calibration,,False,False,isolation_forest,5,25.0,0.52921420084664
external_dual_three_phase_flt0z_load_5nm,5.0,0,,True,4,2,0.46102050925221116,True,calibration,,False,False,isolation_forest,5,25.0,0.52921420084664
external_dual_three_phase_flt0z_load_5nm,5.0,0,,True,5,2,0.4660283816158916,True,calibration,,False,False,isolation_forest,5,25.0,0.52921420084664
external_dual_three_phase_flt0z_load_5nm,5.0,0,,True,6,2,0.4822666189385845,True,calibration,,False,False,isolation_forest,5,25.0,0.52921420084664
external_dual_three_phase_flt0z_load_5nm,5.0,0,,True,7,2,0.4998315659620422,True,calibration,,False,False,isolation_forest,5,25.0,0.52921420084664
external_dual_three_phase_flt1zu_load_25nm,25.0,1,u,False,0,2,0.4731484340336759,True,fault_test,0.24,False,False,isolation_forest,5,25.0,0.52921420084664
external_dual_three_phase_flt1zu_load_25nm,25.0,1,u,False,1,2,0.42235013719657166,True,fault_test,0.72,False,False,isolation_forest,5,25.0,0.52921420084664
external_dual_three_phase_flt1zu_load_25nm,25.0,1,u,False,2,2,0.42516360787959956,True,fault_test,0.68,False,False,isolation_forest,5,25.0,0.52921420084664
external_dual_three_phase_flt1zu_load_25nm,25.0,1,u,False,3,2,0.4339708300826858,True,fault_test,0.52,False,False,isolation_forest,5,25.0,0.52921420084664
external_dual_three_phase_flt1zu_load_25nm,25.0,1,u,False,4,2,0.4488641130467854,True,fault_test,0.48,False,False,isolation_forest,5,25.0,0.52921420084664
external_dual_three_phase_flt1zu_load_25nm,25.0,1,u,False,5,2,0.4582058655873262,True,fault_test,0.36,False,False,isolation_forest,5,25.0,0.52921420084664
external_dual_three_phase_flt1zu_load_25nm,25.0,1,u,False,6,2,0.4794902613158804,True,fault_test,0.24,False,False,isolation_forest,5,25.0,0.52921420084664
external_dual_three_phase_flt1zu_load_25nm,25.0,1,u,False,7,2,0.5093415224670211,True,fault_test,0.08,False,False,isolation_forest,5,25.0,0.52921420084664
external_dual_three_phase_flt2zv_load_25nm,25.0,2,v,False,0,2,0.4640385012175195,True,fault_test,0.28,False,False,isolation_forest,5,25.0,0.52921420084664
external_dual_three_phase_flt2zv_load_25nm,25.0,2,v,False,1,2,0.4311468838662364,True,fault_test,0.56,False,False,isolation_forest,5,25.0,0.52921420084664
external_dual_three_phase_flt2zv_load_25nm,25.0,2,v,False,2,2,0.46620424640993796,True,fault_test,0.24,False,False,isolation_forest,5,25.0,0.52921420084664
external_dual_three_phase_flt2zv_load_25nm,25.0,2,v,False,3,2,0.4940697819541979,True,fault_test,0.16,False,False,isolation_forest,5,25.0,0.52921420084664
external_dual_three_phase_flt2zv_load_25nm,25.0,2,v,False,4,2,0.5192924717979414,True,fault_test,0.08,False,False,isolation_forest,5,25.0,0.52921420084664
external_dual_three_phase_flt2zv_load_25nm,25.0,2,v,False,5,2,0.5494976559835285,True,fault_test,0.04,True,True,isolation_forest,5,25.0,0.52921420084664
external_dual_three_phase_flt2zv_load_25nm,25.0,2,v,False,6,2,0.5930866817733904,True,fault_test,0.04,True,True,isolation_forest,5,25.0,0.52921420084664
external_dual_three_phase_flt2zv_load_25nm,25.0,2,v,False,7,2,0.6086497876350191,True,fault_test,0.04,True,True,isolation_forest,5,25.0,0.52921420084664
external_dual_three_phase_flt3zu_load_25nm,25.0,3,u,False,0,2,0.49259068447739746,True,fault_test,0.16,False,False,isolation_forest,5,25.0,0.52921420084664
external_dual_three_phase_flt3zu_load_25nm,25.0,3,u,False,1,2,0.47987953248901893,True,fault_test,0.24,False,False,isolation_forest,5,25.0,0.52921420084664
external_dual_three_phase_flt3zu_load_25nm,25.0,3,u,False,2,2,0.4890683140601421,True,fault_test,0.16,False,False,isolation_forest,5,25.0,0.52921420084664
external_dual_three_phase_flt3zu_load_25nm,25.0,3,u,False,3,2,0.5056219822086313,True,fault_test,0.08,False,False,isolation_forest,5,25.0,0.52921420084664
external_dual_three_phase_flt3zu_load_25nm,25.0,3,u,False,4,2,0.5219480709469195,True,fault_test,0.08,False,False,isolation_forest,5,25.0,0.52921420084664
external_dual_three_phase_flt3zu_load_25nm,25.0,3,u,False,5,2,0.5427729376417993,True,fault_test,0.04,True,True,isolation_forest,5,25.0,0.52921420084664
external_dual_three_phase_flt3zu_load_25nm,25.0,3,u,False,6,2,0.5692497591624212,True,fault_test,0.04,True,True,isolation_forest,5,25.0,0.52921420084664
external_dual_three_phase_flt3zu_load_25nm,25.0,3,u,False,7,2,0.5793502224731645,True,fault_test,0.04,True,True,isolation_forest,5,25.0,0.52921420084664
external_dual_three_phase_flt4zv_load_25nm,25.0,4,v,False,0,2,0.4843496338878979,True,fault_test,0.2,False,False,isolation_forest,5,25.0,0.52921420084664
external_dual_three_phase_flt4zv_load_25nm,25.0,4,v,False,1,2,0.4748469108772504,True,fault_test,0.24,False,False,isolation_forest,5,25.0,0.52921420084664
external_dual_three_phase_flt4zv_load_25nm,25.0,4,v,False,2,2,0.5021841559808563,True,fault_test,0.08,False,False,isolation_forest,5,25.0,0.52921420084664
external_dual_three_phase_flt4zv_load_25nm,25.0,4,v,False,3,2,0.5417230670792516,True,fault_test,0.04,True,True,isolation_forest,5,25.0,0.52921420084664
external_dual_three_phase_flt4zv_load_25nm,25.0,4,v,False,4,2,0.5696144790800921,True,fault_test,0.04,True,True,isolation_forest,5,25.0,0.52921420084664
external_dual_three_phase_flt4zv_load_25nm,25.0,4,v,False,5,2,0.5904983099937772,True,fault_test,0.04,True,True,isolation_forest,5,25.0,0.52921420084664
external_dual_three_phase_flt4zv_load_25nm,25.0,4,v,False,6,2,0.609763017414542,True,fault_test,0.04,True,True,isolation_forest,5,25.0,0.52921420084664
external_dual_three_phase_flt4zv_load_25nm,25.0,4,v,False,7,2,0.6221556396246072,True,fault_test,0.04,True,True,isolation_forest,5,25.0,0.52921420084664
external_dual_three_phase_flt5zu_load_25nm,25.0,5,u,False,0,2,0.5164712433155848,True,fault_test,0.08,False,False,isolation_forest,5,25.0,0.52921420084664
external_dual_three_phase_flt5zu_load_25nm,25.0,5,u,False,1,2,0.4927246936236711,True,fault_test,0.16,False,False,isolation_forest,5,25.0,0.52921420084664
external_dual_three_phase_flt5zu_load_25nm,25.0,5,u,False,2,2,0.5009419348572333,True,fault_test,0.08,False,False,isolation_forest,5,25.0,0.52921420084664
external_dual_three_phase_flt5zu_load_25nm,25.0,5,u,False,3,2,0.5231291152809658,True,fault_test,0.08,False,False,isolation_forest,5,25.0,0.52921420084664
external_dual_three_phase_flt5zu_load_25nm,25.0,5,u,False,4,2,0.5391033176372235,True,fault_test,0.04,True,True,isolation_forest,5,25.0,0.52921420084664
external_dual_three_phase_flt5zu_load_25nm,25.0,5,u,False,5,2,0.5392021250358283,True,fault_test,0.04,True,True,isolation_forest,5,25.0,0.52921420084664
external_dual_three_phase_flt5zu_load_25nm,25.0,5,u,False,6,2,0.5578395776431879,True,fault_test,0.04,True,True,isolation_forest,5,25.0,0.52921420084664
external_dual_three_phase_flt5zu_load_25nm,25.0,5,u,False,7,2,0.5779522314846494,True,fault_test,0.04,True,True,isolation_forest,5,25.0,0.52921420084664
external_dual_three_phase_flt6zu_load_25nm,25.0,6,u,False,0,2,0.5225420051308716,True,fault_test,0.08,False,False,isolation_forest,5,25.0,0.52921420084664
external_dual_three_phase_flt6zu_load_25nm,25.0,6,u,False,1,2,0.49637984482672515,True,fault_test,0.12,False,False,isolation_forest,5,25.0,0.52921420084664
external_dual_three_phase_flt6zu_load_25nm,25.0,6,u,False,2,2,0.5060034782118326,True,fault_test,0.08,False,False,isolation_forest,5,25.0,0.52921420084664
external_dual_three_phase_flt6zu_load_25nm,25.0,6,u,False,3,2,0.5217723228105019,True,fault_test,0.08,False,False,isolation_forest,5,25.0,0.52921420084664
external_dual_three_phase_flt6zu_load_25nm,25.0,6,u,False,4,2,0.5443973371179578,True,fault_test,0.04,True,True,isolation_forest,5,25.0,0.52921420084664
external_dual_three_phase_flt6zu_load_25nm,25.0,6,u,False,5,2,0.5446934924012153,True,fault_test,0.04,True,True,isolation_forest,5,25.0,0.52921420084664
external_dual_three_phase_flt6zu_load_25nm,25.0,6,u,False,6,2,0.563453280891381,True,fault_test,0.04,True,True,isolation_forest,5,25.0,0.52921420084664
external_dual_three_phase_flt6zu_load_25nm,25.0,6,u,False,7,2,0.5846279140753176,True,fault_test,0.04,True,True,isolation_forest,5,25.0,0.52921420084664
external_dual_three_phase_flt0z_load_10nm,10.0,0,,True,0,2,654666.0578969012,True,calibration,,False,False,min_cov_det,5,25.0,654666.0578969012
external_dual_three_phase_flt0z_load_10nm,10.0,0,,True,1,2,30410.58400127883,True,calibration,,False,False,min_cov_det,5,25.0,654666.0578969012
external_dual_three_phase_flt0z_load_10nm,10.0,0,,True,2,2,1235.3222981129525,True,calibration,,False,False,min_cov_det,5,25.0,654666.0578969012
external_dual_three_phase_flt0z_load_10nm,10.0,0,,True,3,2,506.7783854405926,True,calibration,,False,False,min_cov_det,5,25.0,654666.0578969012
external_dual_three_phase_flt0z_load_10nm,10.0,0,,True,4,2,1876.0926453300603,True,calibration,,False,False,min_cov_det,5,25.0,654666.0578969012
external_dual_three_phase_flt0z_load_10nm,10.0,0,,True,5,2,2503.9783292171387,True,calibration,,False,False,min_cov_det,5,25.0,654666.0578969012
external_dual_three_phase_flt0z_load_10nm,10.0,0,,True,6,2,1337.0129999924754,True,calibration,,False,False,min_cov_det,5,25.0,654666.0578969012
external_dual_three_phase_flt0z_load_10nm,10.0,0,,True,7,2,2331.488412660649,True,calibration,,False,False,min_cov_det,5,25.0,654666.0578969012
external_dual_three_phase_flt0z_load_15nm,15.0,0,,True,0,2,653734.6170988759,True,calibration,,False,False,min_cov_det,5,25.0,654666.0578969012
external_dual_three_phase_flt0z_load_15nm,15.0,0,,True,1,2,28420.63834698322,True,calibration,,False,False,min_cov_det,5,25.0,654666.0578969012
external_dual_three_phase_flt0z_load_15nm,15.0,0,,True,2,2,618.542818679098,True,calibration,,False,False,min_cov_det,5,25.0,654666.0578969012
external_dual_three_phase_flt0z_load_15nm,15.0,0,,True,3,2,233.63860532462954,True,calibration,,False,False,min_cov_det,5,25.0,654666.0578969012
external_dual_three_phase_flt0z_load_15nm,15.0,0,,True,4,2,138.38173351482027,True,calibration,,False,False,min_cov_det,5,25.0,654666.0578969012
external_dual_three_phase_flt0z_load_15nm,15.0,0,,True,5,2,233.30169855999785,True,calibration,,False,False,min_cov_det,5,25.0,654666.0578969012
external_dual_three_phase_flt0z_load_15nm,15.0,0,,True,6,2,209.2163734183794,True,calibration,,False,False,min_cov_det,5,25.0,654666.0578969012
external_dual_three_phase_flt0z_load_15nm,15.0,0,,True,7,2,318.59260829081785,True,calibration,,False,False,min_cov_det,5,25.0,654666.0578969012
external_dual_three_phase_flt0z_load_25nm,25.0,0,,True,0,2,617508.3132441383,True,health_test,0.16,False,False,min_cov_det,5,25.0,654666.0578969012
external_dual_three_phase_flt0z_load_25nm,25.0,0,,True,1,2,29689.984194739412,True,health_test,0.36,False,False,min_cov_det,5,25.0,654666.0578969012
external_dual_three_phase_flt0z_load_25nm,25.0,0,,True,2,2,673.364892266096,True,health_test,0.72,False,False,min_cov_det,5,25.0,654666.0578969012
external_dual_three_phase_flt0z_load_25nm,25.0,0,,True,3,2,57.08901863054546,True,health_test,1.0,False,False,min_cov_det,5,25.0,654666.0578969012
external_dual_three_phase_flt0z_load_25nm,25.0,0,,True,4,2,56.148985187820635,True,health_test,1.0,False,False,min_cov_det,5,25.0,654666.0578969012
external_dual_three_phase_flt0z_load_25nm,25.0,0,,True,5,2,39.183296020437986,True,health_test,1.0,False,False,min_cov_det,5,25.0,654666.0578969012
external_dual_three_phase_flt0z_load_25nm,25.0,0,,True,6,2,46.85794611109497,True,health_test,1.0,False,False,min_cov_det,5,25.0,654666.0578969012
external_dual_three_phase_flt0z_load_25nm,25.0,0,,True,7,2,67.59814332895249,True,health_test,1.0,False,False,min_cov_det,5,25.0,654666.0578969012
external_dual_three_phase_flt0z_load_5nm,5.0,0,,True,0,2,635340.5166827854,True,calibration,,False,False,min_cov_det,5,25.0,654666.0578969012
external_dual_three_phase_flt0z_load_5nm,5.0,0,,True,1,2,28268.416011324643,True,calibration,,False,False,min_cov_det,5,25.0,654666.0578969012
external_dual_three_phase_flt0z_load_5nm,5.0,0,,True,2,2,7091.718076711546,True,calibration,,False,False,min_cov_det,5,25.0,654666.0578969012
external_dual_three_phase_flt0z_load_5nm,5.0,0,,True,3,2,12882.621580381166,True,calibration,,False,False,min_cov_det,5,25.0,654666.0578969012
external_dual_three_phase_flt0z_load_5nm,5.0,0,,True,4,2,49640.62946350301,True,calibration,,False,False,min_cov_det,5,25.0,654666.0578969012
external_dual_three_phase_flt0z_load_5nm,5.0,0,,True,5,2,50326.454195665516,True,calibration,,False,False,min_cov_det,5,25.0,654666.0578969012
external_dual_three_phase_flt0z_load_5nm,5.0,0,,True,6,2,60620.23658677038,True,calibration,,False,False,min_cov_det,5,25.0,654666.0578969012
external_dual_three_phase_flt0z_load_5nm,5.0,0,,True,7,2,63683.9182344475,True,calibration,,False,False,min_cov_det,5,25.0,654666.0578969012
external_dual_three_phase_flt1zu_load_25nm,25.0,1,u,False,0,2,666712.9070906303,True,fault_test,0.04,True,True,min_cov_det,5,25.0,654666.0578969012
external_dual_three_phase_flt1zu_load_25nm,25.0,1,u,False,1,2,25778.654251024105,True,fault_test,0.44,False,False,min_cov_det,5,25.0,654666.0578969012
external_dual_three_phase_flt1zu_load_25nm,25.0,1,u,False,2,2,2718.419951121608,True,fault_test,0.52,False,False,min_cov_det,5,25.0,654666.0578969012
external_dual_three_phase_flt1zu_load_25nm,25.0,1,u,False,3,2,3262.8417719161134,True,fault_test,0.52,False,False,min_cov_det,5,25.0,654666.0578969012
external_dual_three_phase_flt1zu_load_25nm,25.0,1,u,False,4,2,4203.80724799788,True,fault_test,0.52,False,False,min_cov_det,5,25.0,654666.0578969012
external_dual_three_phase_flt1zu_load_25nm,25.0,1,u,False,5,2,6260.999562232191,True,fault_test,0.52,False,False,min_cov_det,5,25.0,654666.0578969012
external_dual_three_phase_flt1zu_load_25nm,25.0,1,u,False,6,2,10345.70486988253,True,fault_test,0.48,False,False,min_cov_det,5,25.0,654666.0578969012
external_dual_three_phase_flt1zu_load_25nm,25.0,1,u,False,7,2,18373.880647382186,True,fault_test,0.44,False,False,min_cov_det,5,25.0,654666.0578969012
external_dual_three_phase_flt2zv_load_25nm,25.0,2,v,False,0,2,628212.0698020257,True,fault_test,0.16,False,False,min_cov_det,5,25.0,654666.0578969012
external_dual_three_phase_flt2zv_load_25nm,25.0,2,v,False,1,2,29875.757394902437,True,fault_test,0.36,False,False,min_cov_det,5,25.0,654666.0578969012
external_dual_three_phase_flt2zv_load_25nm,25.0,2,v,False,2,2,1911.7342619640385,True,fault_test,0.6,False,False,min_cov_det,5,25.0,654666.0578969012
external_dual_three_phase_flt2zv_load_25nm,25.0,2,v,False,3,2,10448.482902697902,True,fault_test,0.48,False,False,min_cov_det,5,25.0,654666.0578969012
external_dual_three_phase_flt2zv_load_25nm,25.0,2,v,False,4,2,29999.263430564075,True,fault_test,0.36,False,False,min_cov_det,5,25.0,654666.0578969012
external_dual_three_phase_flt2zv_load_25nm,25.0,2,v,False,5,2,64903.110874693004,True,fault_test,0.16,False,False,min_cov_det,5,25.0,654666.0578969012
external_dual_three_phase_flt2zv_load_25nm,25.0,2,v,False,6,2,141114.13186977734,True,fault_test,0.16,False,False,min_cov_det,5,25.0,654666.0578969012
external_dual_three_phase_flt2zv_load_25nm,25.0,2,v,False,7,2,247073.44606607177,True,fault_test,0.16,False,False,min_cov_det,5,25.0,654666.0578969012
external_dual_three_phase_flt3zu_load_25nm,25.0,3,u,False,0,2,678956.6218668674,True,fault_test,0.04,True,True,min_cov_det,5,25.0,654666.0578969012
external_dual_three_phase_flt3zu_load_25nm,25.0,3,u,False,1,2,27495.433459863896,True,fault_test,0.44,False,False,min_cov_det,5,25.0,654666.0578969012
external_dual_three_phase_flt3zu_load_25nm,25.0,3,u,False,2,2,6132.860041704223,True,fault_test,0.52,False,False,min_cov_det,5,25.0,654666.0578969012
external_dual_three_phase_flt3zu_load_25nm,25.0,3,u,False,3,2,11580.475377561772,True,fault_test,0.48,False,False,min_cov_det,5,25.0,654666.0578969012
external_dual_three_phase_flt3zu_load_25nm,25.0,3,u,False,4,2,18037.69925516072,True,fault_test,0.44,False,False,min_cov_det,5,25.0,654666.0578969012
external_dual_three_phase_flt3zu_load_25nm,25.0,3,u,False,5,2,23894.402669217918,True,fault_test,0.44,False,False,min_cov_det,5,25.0,654666.0578969012
external_dual_three_phase_flt3zu_load_25nm,25.0,3,u,False,6,2,39668.86530545359,True,fault_test,0.32,False,False,min_cov_det,5,25.0,654666.0578969012
external_dual_three_phase_flt3zu_load_25nm,25.0,3,u,False,7,2,56361.70096176363,True,fault_test,0.24,False,False,min_cov_det,5,25.0,654666.0578969012
external_dual_three_phase_flt4zv_load_25nm,25.0,4,v,False,0,2,652078.492078785,True,fault_test,0.12,False,False,min_cov_det,5,25.0,654666.0578969012
external_dual_three_phase_flt4zv_load_25nm,25.0,4,v,False,1,2,30011.622836117775,True,fault_test,0.36,False,False,min_cov_det,5,25.0,654666.0578969012
external_dual_three_phase_flt4zv_load_25nm,25.0,4,v,False,2,2,13850.66685303557,True,fault_test,0.44,False,False,min_cov_det,5,25.0,654666.0578969012
external_dual_three_phase_flt4zv_load_25nm,25.0,4,v,False,3,2,41951.4077478494,True,fault_test,0.32,False,False,min_cov_det,5,25.0,654666.0578969012
external_dual_three_phase_flt4zv_load_25nm,25.0,4,v,False,4,2,88085.50977990683,True,fault_test,0.16,False,False,min_cov_det,5,25.0,654666.0578969012
external_dual_three_phase_flt4zv_load_25nm,25.0,4,v,False,5,2,163953.07152429203,True,fault_test,0.16,False,False,min_cov_det,5,25.0,654666.0578969012
external_dual_three_phase_flt4zv_load_25nm,25.0,4,v,False,6,2,298668.52603833715,True,fault_test,0.16,False,False,min_cov_det,5,25.0,654666.0578969012
external_dual_three_phase_flt4zv_load_25nm,25.0,4,v,False,7,2,458896.22341331927,True,fault_test,0.16,False,False,min_cov_det,5,25.0,654666.0578969012
external_dual_three_phase_flt5zu_load_25nm,25.0,5,u,False,0,2,639451.9227998751,True,fault_test,0.12,False,False,min_cov_det,5,25.0,654666.0578969012
external_dual_three_phase_flt5zu_load_25nm,25.0,5,u,False,1,2,32695.186913086163,True,fault_test,0.32,False,False,min_cov_det,5,25.0,654666.0578969012
external_dual_three_phase_flt5zu_load_25nm,25.0,5,u,False,2,2,8512.402232778579,True,fault_test,0.48,False,False,min_cov_det,5,25.0,654666.0578969012
external_dual_three_phase_flt5zu_load_25nm,25.0,5,u,False,3,2,13868.39051312028,True,fault_test,0.44,False,False,min_cov_det,5,25.0,654666.0578969012
external_dual_three_phase_flt5zu_load_25nm,25.0,5,u,False,4,2,23654.829834856515,True,fault_test,0.44,False,False,min_cov_det,5,25.0,654666.0578969012
external_dual_three_phase_flt5zu_load_25nm,25.0,5,u,False,5,2,30654.2182204829,True,fault_test,0.32,False,False,min_cov_det,5,25.0,654666.0578969012
external_dual_three_phase_flt5zu_load_25nm,25.0,5,u,False,6,2,47789.20188771041,True,fault_test,0.32,False,False,min_cov_det,5,25.0,654666.0578969012
external_dual_three_phase_flt5zu_load_25nm,25.0,5,u,False,7,2,70434.6700353539,True,fault_test,0.16,False,False,min_cov_det,5,25.0,654666.0578969012
external_dual_three_phase_flt6zu_load_25nm,25.0,6,u,False,0,2,668887.5475062497,True,fault_test,0.04,True,True,min_cov_det,5,25.0,654666.0578969012
external_dual_three_phase_flt6zu_load_25nm,25.0,6,u,False,1,2,31729.57567597207,True,fault_test,0.32,False,False,min_cov_det,5,25.0,654666.0578969012
external_dual_three_phase_flt6zu_load_25nm,25.0,6,u,False,2,2,8394.754857132317,True,fault_test,0.48,False,False,min_cov_det,5,25.0,654666.0578969012
external_dual_three_phase_flt6zu_load_25nm,25.0,6,u,False,3,2,13858.554489306942,True,fault_test,0.44,False,False,min_cov_det,5,25.0,654666.0578969012
external_dual_three_phase_flt6zu_load_25nm,25.0,6,u,False,4,2,23021.203341288336,True,fault_test,0.44,False,False,min_cov_det,5,25.0,654666.0578969012
external_dual_three_phase_flt6zu_load_25nm,25.0,6,u,False,5,2,30479.19758132635,True,fault_test,0.32,False,False,min_cov_det,5,25.0,654666.0578969012
external_dual_three_phase_flt6zu_load_25nm,25.0,6,u,False,6,2,45724.81660437909,True,fault_test,0.32,False,False,min_cov_det,5,25.0,654666.0578969012
external_dual_three_phase_flt6zu_load_25nm,25.0,6,u,False,7,2,71486.1742830275,True,fault_test,0.16,False,False,min_cov_det,5,25.0,654666.0578969012
external_dual_three_phase_flt0z_load_10nm,10.0,0,,True,0,2,33.77775134301667,True,calibration,,False,False,unconditioned_residual,6,30.0,33.77775134301667
external_dual_three_phase_flt0z_load_10nm,10.0,0,,True,1,2,1.7718465068121123,True,calibration,,False,False,unconditioned_residual,6,30.0,33.77775134301667
external_dual_three_phase_flt0z_load_10nm,10.0,0,,True,2,2,0.3901059985154158,True,calibration,,False,False,unconditioned_residual,6,30.0,33.77775134301667
external_dual_three_phase_flt0z_load_10nm,10.0,0,,True,3,2,0.39927033768908965,True,calibration,,False,False,unconditioned_residual,6,30.0,33.77775134301667
external_dual_three_phase_flt0z_load_10nm,10.0,0,,True,4,2,0.44388042690730856,True,calibration,,False,False,unconditioned_residual,6,30.0,33.77775134301667
external_dual_three_phase_flt0z_load_10nm,10.0,0,,True,5,2,0.41096987859789547,True,calibration,,False,False,unconditioned_residual,6,30.0,33.77775134301667
external_dual_three_phase_flt0z_load_10nm,10.0,0,,True,6,2,0.5266131277840015,True,calibration,,False,False,unconditioned_residual,6,30.0,33.77775134301667
external_dual_three_phase_flt0z_load_10nm,10.0,0,,True,7,2,0.635047124797491,True,calibration,,False,False,unconditioned_residual,6,30.0,33.77775134301667
external_dual_three_phase_flt0z_load_20nm,20.0,0,,True,0,2,32.07990091177395,True,calibration,,False,False,unconditioned_residual,6,30.0,33.77775134301667
external_dual_three_phase_flt0z_load_20nm,20.0,0,,True,1,2,1.5639463483032041,True,calibration,,False,False,unconditioned_residual,6,30.0,33.77775134301667
external_dual_three_phase_flt0z_load_20nm,20.0,0,,True,2,2,0.37789587032948807,True,calibration,,False,False,unconditioned_residual,6,30.0,33.77775134301667
external_dual_three_phase_flt0z_load_20nm,20.0,0,,True,3,2,0.35677127836859684,True,calibration,,False,False,unconditioned_residual,6,30.0,33.77775134301667
external_dual_three_phase_flt0z_load_20nm,20.0,0,,True,4,2,0.3300557228107966,True,calibration,,False,False,unconditioned_residual,6,30.0,33.77775134301667
external_dual_three_phase_flt0z_load_20nm,20.0,0,,True,5,2,0.3222876133124946,True,calibration,,False,False,unconditioned_residual,6,30.0,33.77775134301667
external_dual_three_phase_flt0z_load_20nm,20.0,0,,True,6,2,0.4076639836295831,True,calibration,,False,False,unconditioned_residual,6,30.0,33.77775134301667
external_dual_three_phase_flt0z_load_20nm,20.0,0,,True,7,2,0.6646731483852071,True,calibration,,False,False,unconditioned_residual,6,30.0,33.77775134301667
external_dual_three_phase_flt0z_load_30nm,30.0,0,,True,0,2,34.948581109475505,True,health_test,0.04,True,True,unconditioned_residual,6,30.0,33.77775134301667
external_dual_three_phase_flt0z_load_30nm,30.0,0,,True,1,2,1.6203052717975586,True,health_test,0.24,False,False,unconditioned_residual,6,30.0,33.77775134301667
external_dual_three_phase_flt0z_load_30nm,30.0,0,,True,2,2,0.3580239880369096,True,health_test,0.88,False,False,unconditioned_residual,6,30.0,33.77775134301667
external_dual_three_phase_flt0z_load_30nm,30.0,0,,True,3,2,0.35202231374475135,True,health_test,0.92,False,False,unconditioned_residual,6,30.0,33.77775134301667
external_dual_three_phase_flt0z_load_30nm,30.0,0,,True,4,2,0.33101422569130584,True,health_test,0.92,False,False,unconditioned_residual,6,30.0,33.77775134301667
external_dual_three_phase_flt0z_load_30nm,30.0,0,,True,5,2,0.34282159950964436,True,health_test,0.92,False,False,unconditioned_residual,6,30.0,33.77775134301667
external_dual_three_phase_flt0z_load_30nm,30.0,0,,True,6,2,0.4309530275043285,True,health_test,0.68,False,False,unconditioned_residual,6,30.0,33.77775134301667
external_dual_three_phase_flt0z_load_30nm,30.0,0,,True,7,2,0.6413654133571101,True,health_test,0.48,False,False,unconditioned_residual,6,30.0,33.77775134301667
external_dual_three_phase_flt0z_load_5nm,5.0,0,,True,0,2,33.095203504587715,True,calibration,,False,False,unconditioned_residual,6,30.0,33.77775134301667
external_dual_three_phase_flt0z_load_5nm,5.0,0,,True,1,2,1.7443633549181972,True,calibration,,False,False,unconditioned_residual,6,30.0,33.77775134301667
external_dual_three_phase_flt0z_load_5nm,5.0,0,,True,2,2,0.45033055866368,True,calibration,,False,False,unconditioned_residual,6,30.0,33.77775134301667
external_dual_three_phase_flt0z_load_5nm,5.0,0,,True,3,2,0.5741280799038446,True,calibration,,False,False,unconditioned_residual,6,30.0,33.77775134301667
external_dual_three_phase_flt0z_load_5nm,5.0,0,,True,4,2,0.7109100126849706,True,calibration,,False,False,unconditioned_residual,6,30.0,33.77775134301667
external_dual_three_phase_flt0z_load_5nm,5.0,0,,True,5,2,0.8538461956852393,True,calibration,,False,False,unconditioned_residual,6,30.0,33.77775134301667
external_dual_three_phase_flt0z_load_5nm,5.0,0,,True,6,2,0.7823288293547681,True,calibration,,False,False,unconditioned_residual,6,30.0,33.77775134301667
external_dual_three_phase_flt0z_load_5nm,5.0,0,,True,7,2,1.2490048915303775,True,calibration,,False,False,unconditioned_residual,6,30.0,33.77775134301667
external_dual_three_phase_flt1zu_load_30nm,30.0,1,u,False,0,2,33.59903854035624,True,fault_test,0.08,False,False,unconditioned_residual,6,30.0,33.77775134301667
external_dual_three_phase_flt1zu_load_30nm,30.0,1,u,False,1,2,1.7201750193251155,True,fault_test,0.24,False,False,unconditioned_residual,6,30.0,33.77775134301667
external_dual_three_phase_flt1zu_load_30nm,30.0,1,u,False,2,2,0.5881573818836903,True,fault_test,0.52,False,False,unconditioned_residual,6,30.0,33.77775134301667
external_dual_three_phase_flt1zu_load_30nm,30.0,1,u,False,3,2,0.5894956204349864,True,fault_test,0.52,False,False,unconditioned_residual,6,30.0,33.77775134301667
external_dual_three_phase_flt1zu_load_30nm,30.0,1,u,False,4,2,0.7763864687232651,True,fault_test,0.4,False,False,unconditioned_residual,6,30.0,33.77775134301667
external_dual_three_phase_flt1zu_load_30nm,30.0,1,u,False,5,2,1.4551732841001903,True,fault_test,0.28,False,False,unconditioned_residual,6,30.0,33.77775134301667
external_dual_three_phase_flt1zu_load_30nm,30.0,1,u,False,6,2,2.8256665983165363,True,fault_test,0.16,False,False,unconditioned_residual,6,30.0,33.77775134301667
external_dual_three_phase_flt1zu_load_30nm,30.0,1,u,False,7,2,5.212022252757261,True,fault_test,0.16,False,False,unconditioned_residual,6,30.0,33.77775134301667
external_dual_three_phase_flt2zv_load_30nm,30.0,2,v,False,0,2,33.48500408706502,True,fault_test,0.08,False,False,unconditioned_residual,6,30.0,33.77775134301667
external_dual_three_phase_flt2zv_load_30nm,30.0,2,v,False,1,2,1.6798278955176378,True,fault_test,0.24,False,False,unconditioned_residual,6,30.0,33.77775134301667
external_dual_three_phase_flt2zv_load_30nm,30.0,2,v,False,2,2,1.0410421690853968,True,fault_test,0.32,False,False,unconditioned_residual,6,30.0,33.77775134301667
external_dual_three_phase_flt2zv_load_30nm,30.0,2,v,False,3,2,2.5331612184724106,True,fault_test,0.16,False,False,unconditioned_residual,6,30.0,33.77775134301667
external_dual_three_phase_flt2zv_load_30nm,30.0,2,v,False,4,2,5.127883747601606,True,fault_test,0.16,False,False,unconditioned_residual,6,30.0,33.77775134301667
external_dual_three_phase_flt2zv_load_30nm,30.0,2,v,False,5,2,10.088740846107484,True,fault_test,0.16,False,False,unconditioned_residual,6,30.0,33.77775134301667
external_dual_three_phase_flt2zv_load_30nm,30.0,2,v,False,6,2,18.342835781508704,True,fault_test,0.16,False,False,unconditioned_residual,6,30.0,33.77775134301667
external_dual_three_phase_flt2zv_load_30nm,30.0,2,v,False,7,2,33.01613521985345,True,fault_test,0.12,False,False,unconditioned_residual,6,30.0,33.77775134301667
external_dual_three_phase_flt3zu_load_30nm,30.0,3,u,False,0,2,34.89549657956,True,fault_test,0.04,True,True,unconditioned_residual,6,30.0,33.77775134301667
external_dual_three_phase_flt3zu_load_30nm,30.0,3,u,False,1,2,1.9864758027865022,True,fault_test,0.16,False,False,unconditioned_residual,6,30.0,33.77775134301667
external_dual_three_phase_flt3zu_load_30nm,30.0,3,u,False,2,2,2.4078092785914476,True,fault_test,0.16,False,False,unconditioned_residual,6,30.0,33.77775134301667
external_dual_three_phase_flt3zu_load_30nm,30.0,3,u,False,3,2,4.731173383773164,True,fault_test,0.16,False,False,unconditioned_residual,6,30.0,33.77775134301667
external_dual_three_phase_flt3zu_load_30nm,30.0,3,u,False,4,2,8.696920979154434,True,fault_test,0.16,False,False,unconditioned_residual,6,30.0,33.77775134301667
external_dual_three_phase_flt3zu_load_30nm,30.0,3,u,False,5,2,13.66164160089027,True,fault_test,0.16,False,False,unconditioned_residual,6,30.0,33.77775134301667
external_dual_three_phase_flt3zu_load_30nm,30.0,3,u,False,6,2,22.40315707764009,True,fault_test,0.16,False,False,unconditioned_residual,6,30.0,33.77775134301667
external_dual_three_phase_flt3zu_load_30nm,30.0,3,u,False,7,2,36.333039271113634,True,fault_test,0.04,True,True,unconditioned_residual,6,30.0,33.77775134301667
external_dual_three_phase_flt4zv_load_30nm,30.0,4,v,False,0,2,32.794795951304415,True,fault_test,0.12,False,False,unconditioned_residual,6,30.0,33.77775134301667
external_dual_three_phase_flt4zv_load_30nm,30.0,4,v,False,1,2,2.0247941334779345,True,fault_test,0.16,False,False,unconditioned_residual,6,30.0,33.77775134301667
external_dual_three_phase_flt4zv_load_30nm,30.0,4,v,False,2,2,3.219309801501387,True,fault_test,0.16,False,False,unconditioned_residual,6,30.0,33.77775134301667
external_dual_three_phase_flt4zv_load_30nm,30.0,4,v,False,3,2,7.02526084322892,True,fault_test,0.16,False,False,unconditioned_residual,6,30.0,33.77775134301667
external_dual_three_phase_flt4zv_load_30nm,30.0,4,v,False,4,2,13.227174030356881,True,fault_test,0.16,False,False,unconditioned_residual,6,30.0,33.77775134301667
external_dual_three_phase_flt4zv_load_30nm,30.0,4,v,False,5,2,20.809458447095757,True,fault_test,0.16,False,False,unconditioned_residual,6,30.0,33.77775134301667
external_dual_three_phase_flt4zv_load_30nm,30.0,4,v,False,6,2,35.03227464471142,True,fault_test,0.04,True,True,unconditioned_residual,6,30.0,33.77775134301667
external_dual_three_phase_flt4zv_load_30nm,30.0,4,v,False,7,2,57.864744186372576,True,fault_test,0.04,True,True,unconditioned_residual,6,30.0,33.77775134301667
external_dual_three_phase_flt5zu_load_30nm,30.0,5,u,False,0,2,33.47811928643606,True,fault_test,0.08,False,False,unconditioned_residual,6,30.0,33.77775134301667
external_dual_three_phase_flt5zu_load_30nm,30.0,5,u,False,1,2,2.454101513038087,True,fault_test,0.16,False,False,unconditioned_residual,6,30.0,33.77775134301667
external_dual_three_phase_flt5zu_load_30nm,30.0,5,u,False,2,2,2.626504718610106,True,fault_test,0.16,False,False,unconditioned_residual,6,30.0,33.77775134301667
external_dual_three_phase_flt5zu_load_30nm,30.0,5,u,False,3,2,4.59777244297255,True,fault_test,0.16,False,False,unconditioned_residual,6,30.0,33.77775134301667
external_dual_three_phase_flt5zu_load_30nm,30.0,5,u,False,4,2,7.583089614086997,True,fault_test,0.16,False,False,unconditioned_residual,6,30.0,33.77775134301667
external_dual_three_phase_flt5zu_load_30nm,30.0,5,u,False,5,2,10.23883854712409,True,fault_test,0.16,False,False,unconditioned_residual,6,30.0,33.77775134301667
external_dual_three_phase_flt5zu_load_30nm,30.0,5,u,False,6,2,16.61696437751797,True,fault_test,0.16,False,False,unconditioned_residual,6,30.0,33.77775134301667
external_dual_three_phase_flt5zu_load_30nm,30.0,5,u,False,7,2,25.604589909150583,True,fault_test,0.16,False,False,unconditioned_residual,6,30.0,33.77775134301667
external_dual_three_phase_flt6zu_load_30nm,30.0,6,u,False,0,2,32.49493054096225,True,fault_test,0.12,False,False,unconditioned_residual,6,30.0,33.77775134301667
external_dual_three_phase_flt6zu_load_30nm,30.0,6,u,False,1,2,2.551459267019973,True,fault_test,0.16,False,False,unconditioned_residual,6,30.0,33.77775134301667
external_dual_three_phase_flt6zu_load_30nm,30.0,6,u,False,2,2,3.0874348736392845,True,fault_test,0.16,False,False,unconditioned_residual,6,30.0,33.77775134301667
external_dual_three_phase_flt6zu_load_30nm,30.0,6,u,False,3,2,4.831213433882049,True,fault_test,0.16,False,False,unconditioned_residual,6,30.0,33.77775134301667
external_dual_three_phase_flt6zu_load_30nm,30.0,6,u,False,4,2,7.688415049347533,True,fault_test,0.16,False,False,unconditioned_residual,6,30.0,33.77775134301667
external_dual_three_phase_flt6zu_load_30nm,30.0,6,u,False,5,2,10.945818774328025,True,fault_test,0.16,False,False,unconditioned_residual,6,30.0,33.77775134301667
external_dual_three_phase_flt6zu_load_30nm,30.0,6,u,False,6,2,17.572950262865973,True,fault_test,0.16,False,False,unconditioned_residual,6,30.0,33.77775134301667
external_dual_three_phase_flt6zu_load_30nm,30.0,6,u,False,7,2,27.312750134327366,True,fault_test,0.16,False,False,unconditioned_residual,6,30.0,33.77775134301667
external_dual_three_phase_flt0z_load_10nm,10.0,0,,True,0,2,53.72657097398094,True,calibration,,False,False,linear_residual,6,30.0,53.72657097398094
external_dual_three_phase_flt0z_load_10nm,10.0,0,,True,1,2,7.797394856064822,True,calibration,,False,False,linear_residual,6,30.0,53.72657097398094
external_dual_three_phase_flt0z_load_10nm,10.0,0,,True,2,2,2.660412564357979,True,calibration,,False,False,linear_residual,6,30.0,53.72657097398094
external_dual_three_phase_flt0z_load_10nm,10.0,0,,True,3,2,2.0810917256958152,True,calibration,,False,False,linear_residual,6,30.0,53.72657097398094
external_dual_three_phase_flt0z_load_10nm,10.0,0,,True,4,2,2.011562068675378,True,calibration,,False,False,linear_residual,6,30.0,53.72657097398094
external_dual_three_phase_flt0z_load_10nm,10.0,0,,True,5,2,1.8907936510450123,True,calibration,,False,False,linear_residual,6,30.0,53.72657097398094
external_dual_three_phase_flt0z_load_10nm,10.0,0,,True,6,2,2.4264751323919556,True,calibration,,False,False,linear_residual,6,30.0,53.72657097398094
external_dual_three_phase_flt0z_load_10nm,10.0,0,,True,7,2,3.0175476512439507,True,calibration,,False,False,linear_residual,6,30.0,53.72657097398094
external_dual_three_phase_flt0z_load_20nm,20.0,0,,True,0,2,45.073503762526414,True,calibration,,False,False,linear_residual,6,30.0,53.72657097398094
external_dual_three_phase_flt0z_load_20nm,20.0,0,,True,1,2,5.444645437415145,True,calibration,,False,False,linear_residual,6,30.0,53.72657097398094
external_dual_three_phase_flt0z_load_20nm,20.0,0,,True,2,2,1.5862964505954635,True,calibration,,False,False,linear_residual,6,30.0,53.72657097398094
external_dual_three_phase_flt0z_load_20nm,20.0,0,,True,3,2,1.2813964055111997,True,calibration,,False,False,linear_residual,6,30.0,53.72657097398094
external_dual_three_phase_flt0z_load_20nm,20.0,0,,True,4,2,1.002162336741883,True,calibration,,False,False,linear_residual,6,30.0,53.72657097398094
external_dual_three_phase_flt0z_load_20nm,20.0,0,,True,5,2,0.7990000850979541,True,calibration,,False,False,linear_residual,6,30.0,53.72657097398094
external_dual_three_phase_flt0z_load_20nm,20.0,0,,True,6,2,1.1729559095023117,True,calibration,,False,False,linear_residual,6,30.0,53.72657097398094
external_dual_three_phase_flt0z_load_20nm,20.0,0,,True,7,2,2.4842197194190874,True,calibration,,False,False,linear_residual,6,30.0,53.72657097398094
external_dual_three_phase_flt0z_load_30nm,30.0,0,,True,0,2,51.35321394978931,True,health_test,0.08,False,False,linear_residual,6,30.0,53.72657097398094
external_dual_three_phase_flt0z_load_30nm,30.0,0,,True,1,2,5.175860306212675,True,health_test,0.36,False,False,linear_residual,6,30.0,53.72657097398094
external_dual_three_phase_flt0z_load_30nm,30.0,0,,True,2,2,0.6923369380441893,True,health_test,1.0,False,False,linear_residual,6,30.0,53.72657097398094
external_dual_three_phase_flt0z_load_30nm,30.0,0,,True,3,2,0.6151299234611765,True,health_test,1.0,False,False,linear_residual,6,30.0,53.72657097398094
external_dual_three_phase_flt0z_load_30nm,30.0,0,,True,4,2,0.4195343117475046,True,health_test,1.0,False,False,linear_residual,6,30.0,53.72657097398094
external_dual_three_phase_flt0z_load_30nm,30.0,0,,True,5,2,0.35068224008470633,True,health_test,1.0,False,False,linear_residual,6,30.0,53.72657097398094
external_dual_three_phase_flt0z_load_30nm,30.0,0,,True,6,2,0.9193643111975841,True,health_test,0.96,False,False,linear_residual,6,30.0,53.72657097398094
external_dual_three_phase_flt0z_load_30nm,30.0,0,,True,7,2,2.1098312034150033,True,health_test,0.68,False,False,linear_residual,6,30.0,53.72657097398094
external_dual_three_phase_flt0z_load_5nm,5.0,0,,True,0,2,50.62950778405918,True,calibration,,False,False,linear_residual,6,30.0,53.72657097398094
external_dual_three_phase_flt0z_load_5nm,5.0,0,,True,1,2,8.69243513379328,True,calibration,,False,False,linear_residual,6,30.0,53.72657097398094
external_dual_three_phase_flt0z_load_5nm,5.0,0,,True,2,2,3.939401402666288,True,calibration,,False,False,linear_residual,6,30.0,53.72657097398094
external_dual_three_phase_flt0z_load_5nm,5.0,0,,True,3,2,3.2298936091359765,True,calibration,,False,False,linear_residual,6,30.0,53.72657097398094
external_dual_three_phase_flt0z_load_5nm,5.0,0,,True,4,2,3.382284303619748,True,calibration,,False,False,linear_residual,6,30.0,53.72657097398094
external_dual_three_phase_flt0z_load_5nm,5.0,0,,True,5,2,3.823575757738066,True,calibration,,False,False,linear_residual,6,30.0,53.72657097398094
external_dual_three_phase_flt0z_load_5nm,5.0,0,,True,6,2,5.7351991714975,True,calibration,,False,False,linear_residual,6,30.0,53.72657097398094
external_dual_three_phase_flt0z_load_5nm,5.0,0,,True,7,2,9.65713853319124,True,calibration,,False,False,linear_residual,6,30.0,53.72657097398094
external_dual_three_phase_flt1zu_load_30nm,30.0,1,u,False,0,2,47.089239791821505,True,fault_test,0.12,False,False,linear_residual,6,30.0,53.72657097398094
external_dual_three_phase_flt1zu_load_30nm,30.0,1,u,False,1,2,5.934846344452085,True,fault_test,0.28,False,False,linear_residual,6,30.0,53.72657097398094
external_dual_three_phase_flt1zu_load_30nm,30.0,1,u,False,2,2,4.293350938340634,True,fault_test,0.36,False,False,linear_residual,6,30.0,53.72657097398094
external_dual_three_phase_flt1zu_load_30nm,30.0,1,u,False,3,2,5.312529904712552,True,fault_test,0.36,False,False,linear_residual,6,30.0,53.72657097398094
external_dual_three_phase_flt1zu_load_30nm,30.0,1,u,False,4,2,10.031033229160196,True,fault_test,0.16,False,False,linear_residual,6,30.0,53.72657097398094
external_dual_three_phase_flt1zu_load_30nm,30.0,1,u,False,5,2,22.032537105242394,True,fault_test,0.16,False,False,linear_residual,6,30.0,53.72657097398094
external_dual_three_phase_flt1zu_load_30nm,30.0,1,u,False,6,2,47.24091955677561,True,fault_test,0.12,False,False,linear_residual,6,30.0,53.72657097398094
external_dual_three_phase_flt1zu_load_30nm,30.0,1,u,False,7,2,97.57546814990606,True,fault_test,0.04,True,True,linear_residual,6,30.0,53.72657097398094
external_dual_three_phase_flt2zv_load_30nm,30.0,2,v,False,0,2,45.71468070798598,True,fault_test,0.12,False,False,linear_residual,6,30.0,53.72657097398094
external_dual_three_phase_flt2zv_load_30nm,30.0,2,v,False,1,2,7.567112979338392,True,fault_test,0.28,False,False,linear_residual,6,30.0,53.72657097398094
external_dual_three_phase_flt2zv_load_30nm,30.0,2,v,False,2,2,22.706011676129037,True,fault_test,0.16,False,False,linear_residual,6,30.0,53.72657097398094
external_dual_three_phase_flt2zv_load_30nm,30.0,2,v,False,3,2,43.05888492668411,True,fault_test,0.16,False,False,linear_residual,6,30.0,53.72657097398094
external_dual_three_phase_flt2zv_load_30nm,30.0,2,v,False,4,2,77.58432757404279,True,fault_test,0.04,True,True,linear_residual,6,30.0,53.72657097398094
external_dual_three_phase_flt2zv_load_30nm,30.0,2,v,False,5,2,136.11451991098141,True,fault_test,0.04,True,True,linear_residual,6,30.0,53.72657097398094
external_dual_three_phase_flt2zv_load_30nm,30.0,2,v,False,6,2,216.2477968292242,True,fault_test,0.04,True,True,linear_residual,6,30.0,53.72657097398094
external_dual_three_phase_flt2zv_load_30nm,30.0,2,v,False,7,2,377.9219656851574,True,fault_test,0.04,True,True,linear_residual,6,30.0,53.72657097398094
external_dual_three_phase_flt3zu_load_30nm,30.0,3,u,False,0,2,50.09103046660262,True,fault_test,0.12,False,False,linear_residual,6,30.0,53.72657097398094
external_dual_three_phase_flt3zu_load_30nm,30.0,3,u,False,1,2,22.98842030045298,True,fault_test,0.16,False,False,linear_residual,6,30.0,53.72657097398094
external_dual_three_phase_flt3zu_load_30nm,30.0,3,u,False,2,2,43.91982716648731,True,fault_test,0.16,False,False,linear_residual,6,30.0,53.72657097398094
external_dual_three_phase_flt3zu_load_30nm,30.0,3,u,False,3,2,88.15276432005103,True,fault_test,0.04,True,True,linear_residual,6,30.0,53.72657097398094
external_dual_three_phase_flt3zu_load_30nm,30.0,3,u,False,4,2,173.65711248247345,True,fault_test,0.04,True,True,linear_residual,6,30.0,53.72657097398094
external_dual_three_phase_flt3zu_load_30nm,30.0,3,u,False,5,2,287.26361892811985,True,fault_test,0.04,True,True,linear_residual,6,30.0,53.72657097398094
external_dual_three_phase_flt3zu_load_30nm,30.0,3,u,False,6,2,471.71767769962776,True,fault_test,0.04,True,True,linear_residual,6,30.0,53.72657097398094
external_dual_three_phase_flt3zu_load_30nm,30.0,3,u,False,7,2,804.178247840394,True,fault_test,0.04,True,True,linear_residual,6,30.0,53.72657097398094
external_dual_three_phase_flt4zv_load_30nm,30.0,4,v,False,0,2,44.09130993388434,True,fault_test,0.16,False,False,linear_residual,6,30.0,53.72657097398094
external_dual_three_phase_flt4zv_load_30nm,30.0,4,v,False,1,2,26.557675771165798,True,fault_test,0.16,False,False,linear_residual,6,30.0,53.72657097398094
external_dual_three_phase_flt4zv_load_30nm,30.0,4,v,False,2,2,52.88851184359285,True,fault_test,0.08,False,False,linear_residual,6,30.0,53.72657097398094
external_dual_three_phase_flt4zv_load_30nm,30.0,4,v,False,3,2,98.25520598427718,True,fault_test,0.04,True,True,linear_residual,6,30.0,53.72657097398094
external_dual_three_phase_flt4zv_load_30nm,30.0,4,v,False,4,2,168.5511770803381,True,fault_test,0.04,True,True,linear_residual,6,30.0,53.72657097398094
external_dual_three_phase_flt4zv_load_30nm,30.0,4,v,False,5,2,251.40633267855662,True,fault_test,0.04,True,True,linear_residual,6,30.0,53.72657097398094
external_dual_three_phase_flt4zv_load_30nm,30.0,4,v,False,6,2,390.2562583423087,True,fault_test,0.04,True,True,linear_residual,6,30.0,53.72657097398094
external_dual_three_phase_flt4zv_load_30nm,30.0,4,v,False,7,2,654.0135949442191,True,fault_test,0.04,True,True,linear_residual,6,30.0,53.72657097398094
external_dual_three_phase_flt5zu_load_30nm,30.0,5,u,False,0,2,54.24075563981965,True,fault_test,0.04,True,True,linear_residual,6,30.0,53.72657097398094
external_dual_three_phase_flt5zu_load_30nm,30.0,5,u,False,1,2,35.615361766539046,True,fault_test,0.16,False,False,linear_residual,6,30.0,53.72657097398094
external_dual_three_phase_flt5zu_load_30nm,30.0,5,u,False,2,2,55.3699167846559,True,fault_test,0.04,True,True,linear_residual,6,30.0,53.72657097398094
external_dual_three_phase_flt5zu_load_30nm,30.0,5,u,False,3,2,102.26180281827166,True,fault_test,0.04,True,True,linear_residual,6,30.0,53.72657097398094
external_dual_three_phase_flt5zu_load_30nm,30.0,5,u,False,4,2,173.7091727720783,True,fault_test,0.04,True,True,linear_residual,6,30.0,53.72657097398094
external_dual_three_phase_flt5zu_load_30nm,30.0,5,u,False,5,2,256.15483303118015,True,fault_test,0.04,True,True,linear_residual,6,30.0,53.72657097398094
external_dual_three_phase_flt5zu_load_30nm,30.0,5,u,False,6,2,398.07682355504323,True,fault_test,0.04,True,True,linear_residual,6,30.0,53.72657097398094
external_dual_three_phase_flt5zu_load_30nm,30.0,5,u,False,7,2,631.6449144181122,True,fault_test,0.04,True,True,linear_residual,6,30.0,53.72657097398094
external_dual_three_phase_flt6zu_load_30nm,30.0,6,u,False,0,2,44.93066328679403,True,fault_test,0.16,False,False,linear_residual,6,30.0,53.72657097398094
external_dual_three_phase_flt6zu_load_30nm,30.0,6,u,False,1,2,34.11622159958603,True,fault_test,0.16,False,False,linear_residual,6,30.0,53.72657097398094
external_dual_three_phase_flt6zu_load_30nm,30.0,6,u,False,2,2,69.20242760141143,True,fault_test,0.04,True,True,linear_residual,6,30.0,53.72657097398094
external_dual_three_phase_flt6zu_load_30nm,30.0,6,u,False,3,2,113.09829759926792,True,fault_test,0.04,True,True,linear_residual,6,30.0,53.72657097398094
external_dual_three_phase_flt6zu_load_30nm,30.0,6,u,False,4,2,185.61481599676029,True,fault_test,0.04,True,True,linear_residual,6,30.0,53.72657097398094
external_dual_three_phase_flt6zu_load_30nm,30.0,6,u,False,5,2,277.3591174504519,True,fault_test,0.04,True,True,linear_residual,6,30.0,53.72657097398094
external_dual_three_phase_flt6zu_load_30nm,30.0,6,u,False,6,2,429.6022776166414,True,fault_test,0.04,True,True,linear_residual,6,30.0,53.72657097398094
external_dual_three_phase_flt6zu_load_30nm,30.0,6,u,False,7,2,673.5456594063955,True,fault_test,0.04,True,True,linear_residual,6,30.0,53.72657097398094
external_dual_three_phase_flt0z_load_10nm,10.0,0,,True,0,2,48.000482232059134,True,calibration,,False,False,quadratic_residual,6,30.0,48.000482232059134
external_dual_three_phase_flt0z_load_10nm,10.0,0,,True,1,2,6.204677793512173,True,calibration,,False,False,quadratic_residual,6,30.0,48.000482232059134
external_dual_three_phase_flt0z_load_10nm,10.0,0,,True,2,2,2.009988235029446,True,calibration,,False,False,quadratic_residual,6,30.0,48.000482232059134
external_dual_three_phase_flt0z_load_10nm,10.0,0,,True,3,2,1.1828148119029382,True,calibration,,False,False,quadratic_residual,6,30.0,48.000482232059134
external_dual_three_phase_flt0z_load_10nm,10.0,0,,True,4,2,1.2160217725861209,True,calibration,,False,False,quadratic_residual,6,30.0,48.000482232059134
external_dual_three_phase_flt0z_load_10nm,10.0,0,,True,5,2,1.2784209611468853,True,calibration,,False,False,quadratic_residual,6,30.0,48.000482232059134
external_dual_three_phase_flt0z_load_10nm,10.0,0,,True,6,2,2.128465860803309,True,calibration,,False,False,quadratic_residual,6,30.0,48.000482232059134
external_dual_three_phase_flt0z_load_10nm,10.0,0,,True,7,2,5.524058999096972,True,calibration,,False,False,quadratic_residual,6,30.0,48.000482232059134
external_dual_three_phase_flt0z_load_20nm,20.0,0,,True,0,2,40.754880965949575,True,calibration,,False,False,quadratic_residual,6,30.0,48.000482232059134
external_dual_three_phase_flt0z_load_20nm,20.0,0,,True,1,2,4.004806563982873,True,calibration,,False,False,quadratic_residual,6,30.0,48.000482232059134
external_dual_three_phase_flt0z_load_20nm,20.0,0,,True,2,2,1.2735444088641077,True,calibration,,False,False,quadratic_residual,6,30.0,48.000482232059134
external_dual_three_phase_flt0z_load_20nm,20.0,0,,True,3,2,0.7764440793812128,True,calibration,,False,False,quadratic_residual,6,30.0,48.000482232059134
external_dual_three_phase_flt0z_load_20nm,20.0,0,,True,4,2,0.36264870288712225,True,calibration,,False,False,quadratic_residual,6,30.0,48.000482232059134
external_dual_three_phase_flt0z_load_20nm,20.0,0,,True,5,2,0.44933066633465735,True,calibration,,False,False,quadratic_residual,6,30.0,48.000482232059134
external_dual_three_phase_flt0z_load_20nm,20.0,0,,True,6,2,0.6614136599642716,True,calibration,,False,False,quadratic_residual,6,30.0,48.000482232059134
external_dual_three_phase_flt0z_load_20nm,20.0,0,,True,7,2,2.526954945053434,True,calibration,,False,False,quadratic_residual,6,30.0,48.000482232059134
external_dual_three_phase_flt0z_load_30nm,30.0,0,,True,0,2,46.76045108358786,True,health_test,0.08,False,False,quadratic_residual,6,30.0,48.000482232059134
external_dual_three_phase_flt0z_load_30nm,30.0,0,,True,1,2,4.102407581917595,True,health_test,0.36,False,False,quadratic_residual,6,30.0,48.000482232059134
external_dual_three_phase_flt0z_load_30nm,30.0,0,,True,2,2,0.7704265181541721,True,health_test,0.88,False,False,quadratic_residual,6,30.0,48.000482232059134
external_dual_three_phase_flt0z_load_30nm,30.0,0,,True,3,2,0.48601018720901157,True,health_test,0.92,False,False,quadratic_residual,6,30.0,48.000482232059134
external_dual_three_phase_flt0z_load_30nm,30.0,0,,True,4,2,0.3050538590857986,True,health_test,1.0,False,False,quadratic_residual,6,30.0,48.000482232059134
external_dual_three_phase_flt0z_load_30nm,30.0,0,,True,5,2,0.35967182482649585,True,health_test,1.0,False,False,quadratic_residual,6,30.0,48.000482232059134
external_dual_three_phase_flt0z_load_30nm,30.0,0,,True,6,2,0.35939393839991096,True,health_test,1.0,False,False,quadratic_residual,6,30.0,48.000482232059134
external_dual_three_phase_flt0z_load_30nm,30.0,0,,True,7,2,1.7433603684571288,True,health_test,0.68,False,False,quadratic_residual,6,30.0,48.000482232059134
external_dual_three_phase_flt0z_load_5nm,5.0,0,,True,0,2,45.78897321809046,True,calibration,,False,False,quadratic_residual,6,30.0,48.000482232059134
external_dual_three_phase_flt0z_load_5nm,5.0,0,,True,1,2,7.821570457660428,True,calibration,,False,False,quadratic_residual,6,30.0,48.000482232059134
external_dual_three_phase_flt0z_load_5nm,5.0,0,,True,2,2,3.9156604215295463,True,calibration,,False,False,quadratic_residual,6,30.0,48.000482232059134
external_dual_three_phase_flt0z_load_5nm,5.0,0,,True,3,2,2.9875325536157296,True,calibration,,False,False,quadratic_residual,6,30.0,48.000482232059134
external_dual_three_phase_flt0z_load_5nm,5.0,0,,True,4,2,3.0414799051719883,True,calibration,,False,False,quadratic_residual,6,30.0,48.000482232059134
external_dual_three_phase_flt0z_load_5nm,5.0,0,,True,5,2,3.4580568394915026,True,calibration,,False,False,quadratic_residual,6,30.0,48.000482232059134
external_dual_three_phase_flt0z_load_5nm,5.0,0,,True,6,2,5.09388681071972,True,calibration,,False,False,quadratic_residual,6,30.0,48.000482232059134
external_dual_three_phase_flt0z_load_5nm,5.0,0,,True,7,2,8.273094510602014,True,calibration,,False,False,quadratic_residual,6,30.0,48.000482232059134
external_dual_three_phase_flt1zu_load_30nm,30.0,1,u,False,0,2,43.213275772084955,True,fault_test,0.12,False,False,quadratic_residual,6,30.0,48.000482232059134
external_dual_three_phase_flt1zu_load_30nm,30.0,1,u,False,1,2,4.654870930544002,True,fault_test,0.36,False,False,quadratic_residual,6,30.0,48.000482232059134
external_dual_three_phase_flt1zu_load_30nm,30.0,1,u,False,2,2,4.687155798984733,True,fault_test,0.36,False,False,quadratic_residual,6,30.0,48.000482232059134
external_dual_three_phase_flt1zu_load_30nm,30.0,1,u,False,3,2,6.571784530084079,True,fault_test,0.24,False,False,quadratic_residual,6,30.0,48.000482232059134
external_dual_three_phase_flt1zu_load_30nm,30.0,1,u,False,4,2,13.581351030098993,True,fault_test,0.16,False,False,quadratic_residual,6,30.0,48.000482232059134
external_dual_three_phase_flt1zu_load_30nm,30.0,1,u,False,5,2,29.674869203552777,True,fault_test,0.16,False,False,quadratic_residual,6,30.0,48.000482232059134
external_dual_three_phase_flt1zu_load_30nm,30.0,1,u,False,6,2,62.07240292456258,True,fault_test,0.04,True,True,quadratic_residual,6,30.0,48.000482232059134
external_dual_three_phase_flt1zu_load_30nm,30.0,1,u,False,7,2,130.24640248714542,True,fault_test,0.04,True,True,quadratic_residual,6,30.0,48.000482232059134
external_dual_three_phase_flt2zv_load_30nm,30.0,2,v,False,0,2,41.01554755100807,True,fault_test,0.12,False,False,quadratic_residual,6,30.0,48.000482232059134
external_dual_three_phase_flt2zv_load_30nm,30.0,2,v,False,1,2,8.833530630923827,True,fault_test,0.16,False,False,quadratic_residual,6,30.0,48.000482232059134
external_dual_three_phase_flt2zv_load_30nm,30.0,2,v,False,2,2,26.193391223910297,True,fault_test,0.16,False,False,quadratic_residual,6,30.0,48.000482232059134
external_dual_three_phase_flt2zv_load_30nm,30.0,2,v,False,3,2,50.454456034562334,True,fault_test,0.04,True,True,quadratic_residual,6,30.0,48.000482232059134
external_dual_three_phase_flt2zv_load_30nm,30.0,2,v,False,4,2,92.95926090119585,True,fault_test,0.04,True,True,quadratic_residual,6,30.0,48.000482232059134
external_dual_three_phase_flt2zv_load_30nm,30.0,2,v,False,5,2,167.5217930175674,True,fault_test,0.04,True,True,quadratic_residual,6,30.0,48.000482232059134
external_dual_three_phase_flt2zv_load_30nm,30.0,2,v,False,6,2,274.86570737872125,True,fault_test,0.04,True,True,quadratic_residual,6,30.0,48.000482232059134
external_dual_three_phase_flt2zv_load_30nm,30.0,2,v,False,7,2,494.6291967610734,True,fault_test,0.04,True,True,quadratic_residual,6,30.0,48.000482232059134
external_dual_three_phase_flt3zu_load_30nm,30.0,3,u,False,0,2,46.20877255941087,True,fault_test,0.08,False,False,quadratic_residual,6,30.0,48.000482232059134
external_dual_three_phase_flt3zu_load_30nm,30.0,3,u,False,1,2,28.526229904234146,True,fault_test,0.16,False,False,quadratic_residual,6,30.0,48.000482232059134
external_dual_three_phase_flt3zu_load_30nm,30.0,3,u,False,2,2,56.96278117687317,True,fault_test,0.04,True,True,quadratic_residual,6,30.0,48.000482232059134
external_dual_three_phase_flt3zu_load_30nm,30.0,3,u,False,3,2,114.082572775118,True,fault_test,0.04,True,True,quadratic_residual,6,30.0,48.000482232059134
external_dual_three_phase_flt3zu_load_30nm,30.0,3,u,False,4,2,224.04672980028707,True,fault_test,0.04,True,True,quadratic_residual,6,30.0,48.000482232059134
external_dual_three_phase_flt3zu_load_30nm,30.0,3,u,False,5,2,366.96481741931274,True,fault_test,0.04,True,True,quadratic_residual,6,30.0,48.000482232059134
external_dual_three_phase_flt3zu_load_30nm,30.0,3,u,False,6,2,598.3140956286034,True,fault_test,0.04,True,True,quadratic_residual,6,30.0,48.000482232059134
external_dual_three_phase_flt3zu_load_30nm,30.0,3,u,False,7,2,1025.1701080469802,True,fault_test,0.04,True,True,quadratic_residual,6,30.0,48.000482232059134
external_dual_three_phase_flt4zv_load_30nm,30.0,4,v,False,0,2,39.8302528770108,True,fault_test,0.16,False,False,quadratic_residual,6,30.0,48.000482232059134
external_dual_three_phase_flt4zv_load_30nm,30.0,4,v,False,1,2,31.61077424818589,True,fault_test,0.16,False,False,quadratic_residual,6,30.0,48.000482232059134
external_dual_three_phase_flt4zv_load_30nm,30.0,4,v,False,2,2,63.74430887717441,True,fault_test,0.04,True,True,quadratic_residual,6,30.0,48.000482232059134
external_dual_three_phase_flt4zv_load_30nm,30.0,4,v,False,3,2,119.72579081973554,True,fault_test,0.04,True,True,quadratic_residual,6,30.0,48.000482232059134
external_dual_three_phase_flt4zv_load_30nm,30.0,4,v,False,4,2,208.4673173682257,True,fault_test,0.04,True,True,quadratic_residual,6,30.0,48.000482232059134
external_dual_three_phase_flt4zv_load_30nm,30.0,4,v,False,5,2,314.60445413377795,True,fault_test,0.04,True,True,quadratic_residual,6,30.0,48.000482232059134
external_dual_three_phase_flt4zv_load_30nm,30.0,4,v,False,6,2,496.9959588781141,True,fault_test,0.04,True,True,quadratic_residual,6,30.0,48.000482232059134
external_dual_three_phase_flt4zv_load_30nm,30.0,4,v,False,7,2,846.6321802997497,True,fault_test,0.04,True,True,quadratic_residual,6,30.0,48.000482232059134
external_dual_three_phase_flt5zu_load_30nm,30.0,5,u,False,0,2,52.56321531409715,True,fault_test,0.04,True,True,quadratic_residual,6,30.0,48.000482232059134
external_dual_three_phase_flt5zu_load_30nm,30.0,5,u,False,1,2,44.72196707572009,True,fault_test,0.12,False,False,quadratic_residual,6,30.0,48.000482232059134
external_dual_three_phase_flt5zu_load_30nm,30.0,5,u,False,2,2,68.52338282882505,True,fault_test,0.04,True,True,quadratic_residual,6,30.0,48.000482232059134
external_dual_three_phase_flt5zu_load_30nm,30.0,5,u,False,3,2,123.35385546134037,True,fault_test,0.04,True,True,quadratic_residual,6,30.0,48.000482232059134
external_dual_three_phase_flt5zu_load_30nm,30.0,5,u,False,4,2,207.81263835327076,True,fault_test,0.04,True,True,quadratic_residual,6,30.0,48.000482232059134
external_dual_three_phase_flt5zu_load_30nm,30.0,5,u,False,5,2,307.21125459511546,True,fault_test,0.04,True,True,quadratic_residual,6,30.0,48.000482232059134
external_dual_three_phase_flt5zu_load_30nm,30.0,5,u,False,6,2,479.89729413209704,True,fault_test,0.04,True,True,quadratic_residual,6,30.0,48.000482232059134
external_dual_three_phase_flt5zu_load_30nm,30.0,5,u,False,7,2,778.8717150820524,True,fault_test,0.04,True,True,quadratic_residual,6,30.0,48.000482232059134
external_dual_three_phase_flt6zu_load_30nm,30.0,6,u,False,0,2,43.01330055859279,True,fault_test,0.12,False,False,quadratic_residual,6,30.0,48.000482232059134
external_dual_three_phase_flt6zu_load_30nm,30.0,6,u,False,1,2,42.630558720522174,True,fault_test,0.12,False,False,quadratic_residual,6,30.0,48.000482232059134
external_dual_three_phase_flt6zu_load_30nm,30.0,6,u,False,2,2,83.98469707056353,True,fault_test,0.04,True,True,quadratic_residual,6,30.0,48.000482232059134
external_dual_three_phase_flt6zu_load_30nm,30.0,6,u,False,3,2,135.7918613317217,True,fault_test,0.04,True,True,quadratic_residual,6,30.0,48.000482232059134
external_dual_three_phase_flt6zu_load_30nm,30.0,6,u,False,4,2,221.58872660785846,True,fault_test,0.04,True,True,quadratic_residual,6,30.0,48.000482232059134
external_dual_three_phase_flt6zu_load_30nm,30.0,6,u,False,5,2,331.7807577117576,True,fault_test,0.04,True,True,quadratic_residual,6,30.0,48.000482232059134
external_dual_three_phase_flt6zu_load_30nm,30.0,6,u,False,6,2,516.3975326104787,True,fault_test,0.04,True,True,quadratic_residual,6,30.0,48.000482232059134
external_dual_three_phase_flt6zu_load_30nm,30.0,6,u,False,7,2,829.2515080764954,True,fault_test,0.04,True,True,quadratic_residual,6,30.0,48.000482232059134
external_dual_three_phase_flt0z_load_10nm,10.0,0,,True,0,2,48.290178661996194,True,calibration,,False,False,spline_residual,6,30.0,48.290178661996194
external_dual_three_phase_flt0z_load_10nm,10.0,0,,True,1,2,6.382591487317954,True,calibration,,False,False,spline_residual,6,30.0,48.290178661996194
external_dual_three_phase_flt0z_load_10nm,10.0,0,,True,2,2,1.7986746348295481,True,calibration,,False,False,spline_residual,6,30.0,48.290178661996194
external_dual_three_phase_flt0z_load_10nm,10.0,0,,True,3,2,1.2538738082928798,True,calibration,,False,False,spline_residual,6,30.0,48.290178661996194
external_dual_three_phase_flt0z_load_10nm,10.0,0,,True,4,2,1.369432918830864,True,calibration,,False,False,spline_residual,6,30.0,48.290178661996194
external_dual_three_phase_flt0z_load_10nm,10.0,0,,True,5,2,1.2175947172325179,True,calibration,,False,False,spline_residual,6,30.0,48.290178661996194
external_dual_three_phase_flt0z_load_10nm,10.0,0,,True,6,2,1.7350904381496428,True,calibration,,False,False,spline_residual,6,30.0,48.290178661996194
external_dual_three_phase_flt0z_load_10nm,10.0,0,,True,7,2,2.6099332953660754,True,calibration,,False,False,spline_residual,6,30.0,48.290178661996194
external_dual_three_phase_flt0z_load_20nm,20.0,0,,True,0,2,40.80550332296728,True,calibration,,False,False,spline_residual,6,30.0,48.290178661996194
external_dual_three_phase_flt0z_load_20nm,20.0,0,,True,1,2,5.031803177106077,True,calibration,,False,False,spline_residual,6,30.0,48.290178661996194
external_dual_three_phase_flt0z_load_20nm,20.0,0,,True,2,2,1.187018991913539,True,calibration,,False,False,spline_residual,6,30.0,48.290178661996194
external_dual_three_phase_flt0z_load_20nm,20.0,0,,True,3,2,0.7094204654603833,True,calibration,,False,False,spline_residual,6,30.0,48.290178661996194
external_dual_three_phase_flt0z_load_20nm,20.0,0,,True,4,2,0.5622340379436099,True,calibration,,False,False,spline_residual,6,30.0,48.290178661996194
external_dual_three_phase_flt0z_load_20nm,20.0,0,,True,5,2,0.5645927887324275,True,calibration,,False,False,spline_residual,6,30.0,48.290178661996194
external_dual_three_phase_flt0z_load_20nm,20.0,0,,True,6,2,1.011438923101548,True,calibration,,False,False,spline_residual,6,30.0,48.290178661996194
external_dual_three_phase_flt0z_load_20nm,20.0,0,,True,7,2,1.5043906460337721,True,calibration,,False,False,spline_residual,6,30.0,48.290178661996194
external_dual_three_phase_flt0z_load_30nm,30.0,0,,True,0,2,47.421580155096,True,health_test,0.08,False,False,spline_residual,6,30.0,48.290178661996194
external_dual_three_phase_flt0z_load_30nm,30.0,0,,True,1,2,5.277022613212015,True,health_test,0.32,False,False,spline_residual,6,30.0,48.290178661996194
external_dual_three_phase_flt0z_load_30nm,30.0,0,,True,2,2,0.7100439864059341,True,health_test,0.88,False,False,spline_residual,6,30.0,48.290178661996194
external_dual_three_phase_flt0z_load_30nm,30.0,0,,True,3,2,0.6346683567287398,True,health_test,0.92,False,False,spline_residual,6,30.0,48.290178661996194
external_dual_three_phase_flt0z_load_30nm,30.0,0,,True,4,2,0.5649025404096446,True,health_test,0.92,False,False,spline_residual,6,30.0,48.290178661996194
external_dual_three_phase_flt0z_load_30nm,30.0,0,,True,5,2,0.5202634432272977,True,health_test,1.0,False,False,spline_residual,6,30.0,48.290178661996194
external_dual_three_phase_flt0z_load_30nm,30.0,0,,True,6,2,1.0100476671127727,True,health_test,0.88,False,False,spline_residual,6,30.0,48.290178661996194
external_dual_three_phase_flt0z_load_30nm,30.0,0,,True,7,2,1.292188016413946,True,health_test,0.72,False,False,spline_residual,6,30.0,48.290178661996194
external_dual_three_phase_flt0z_load_5nm,5.0,0,,True,0,2,45.472489955830824,True,calibration,,False,False,spline_residual,6,30.0,48.290178661996194
external_dual_three_phase_flt0z_load_5nm,5.0,0,,True,1,2,7.271421024971749,True,calibration,,False,False,spline_residual,6,30.0,48.290178661996194
external_dual_three_phase_flt0z_load_5nm,5.0,0,,True,2,2,2.883171652850519,True,calibration,,False,False,spline_residual,6,30.0,48.290178661996194
external_dual_three_phase_flt0z_load_5nm,5.0,0,,True,3,2,3.1272471106002584,True,calibration,,False,False,spline_residual,6,30.0,48.290178661996194
external_dual_three_phase_flt0z_load_5nm,5.0,0,,True,4,2,3.921995147413354,True,calibration,,False,False,spline_residual,6,30.0,48.290178661996194
external_dual_three_phase_flt0z_load_5nm,5.0,0,,True,5,2,4.733455537847204,True,calibration,,False,False,spline_residual,6,30.0,48.290178661996194
external_dual_three_phase_flt0z_load_5nm,5.0,0,,True,6,2,6.669419984533347,True,calibration,,False,False,spline_residual,6,30.0,48.290178661996194
external_dual_three_phase_flt0z_load_5nm,5.0,0,,True,7,2,12.180575106113707,True,calibration,,False,False,spline_residual,6,30.0,48.290178661996194
external_dual_three_phase_flt1zu_load_30nm,30.0,1,u,False,0,2,43.22525458813276,True,fault_test,0.12,False,False,spline_residual,6,30.0,48.290178661996194
external_dual_three_phase_flt1zu_load_30nm,30.0,1,u,False,1,2,6.642057016038569,True,fault_test,0.28,False,False,spline_residual,6,30.0,48.290178661996194
external_dual_three_phase_flt1zu_load_30nm,30.0,1,u,False,2,2,6.910364316844364,True,fault_test,0.24,False,False,spline_residual,6,30.0,48.290178661996194
external_dual_three_phase_flt1zu_load_30nm,30.0,1,u,False,3,2,10.427664635393526,True,fault_test,0.2,False,False,spline_residual,6,30.0,48.290178661996194
external_dual_three_phase_flt1zu_load_30nm,30.0,1,u,False,4,2,18.75327304523963,True,fault_test,0.16,False,False,spline_residual,6,30.0,48.290178661996194
external_dual_three_phase_flt1zu_load_30nm,30.0,1,u,False,5,2,36.705638053095335,True,fault_test,0.16,False,False,spline_residual,6,30.0,48.290178661996194
external_dual_three_phase_flt1zu_load_30nm,30.0,1,u,False,6,2,71.0502897794788,True,fault_test,0.04,True,True,spline_residual,6,30.0,48.290178661996194
external_dual_three_phase_flt1zu_load_30nm,30.0,1,u,False,7,2,152.69912643959947,True,fault_test,0.04,True,True,spline_residual,6,30.0,48.290178661996194
external_dual_three_phase_flt2zv_load_30nm,30.0,2,v,False,0,2,42.42025752898325,True,fault_test,0.12,False,False,spline_residual,6,30.0,48.290178661996194
external_dual_three_phase_flt2zv_load_30nm,30.0,2,v,False,1,2,9.301684091436575,True,fault_test,0.2,False,False,spline_residual,6,30.0,48.290178661996194
external_dual_three_phase_flt2zv_load_30nm,30.0,2,v,False,2,2,26.777250649249304,True,fault_test,0.16,False,False,spline_residual,6,30.0,48.290178661996194
external_dual_three_phase_flt2zv_load_30nm,30.0,2,v,False,3,2,52.29612750213542,True,fault_test,0.04,True,True,spline_residual,6,30.0,48.290178661996194
external_dual_three_phase_flt2zv_load_30nm,30.0,2,v,False,4,2,97.9735536001779,True,fault_test,0.04,True,True,spline_residual,6,30.0,48.290178661996194
external_dual_three_phase_flt2zv_load_30nm,30.0,2,v,False,5,2,178.80726797564216,True,fault_test,0.04,True,True,spline_residual,6,30.0,48.290178661996194
external_dual_three_phase_flt2zv_load_30nm,30.0,2,v,False,6,2,292.3517081053993,True,fault_test,0.04,True,True,spline_residual,6,30.0,48.290178661996194
external_dual_three_phase_flt2zv_load_30nm,30.0,2,v,False,7,2,537.3394753905876,True,fault_test,0.04,True,True,spline_residual,6,30.0,48.290178661996194
external_dual_three_phase_flt3zu_load_30nm,30.0,3,u,False,0,2,47.54625533367027,True,fault_test,0.08,False,False,spline_residual,6,30.0,48.290178661996194
external_dual_three_phase_flt3zu_load_30nm,30.0,3,u,False,1,2,39.22375936963523,True,fault_test,0.16,False,False,spline_residual,6,30.0,48.290178661996194
external_dual_three_phase_flt3zu_load_30nm,30.0,3,u,False,2,2,77.05471776180356,True,fault_test,0.04,True,True,spline_residual,6,30.0,48.290178661996194
external_dual_three_phase_flt3zu_load_30nm,30.0,3,u,False,3,2,146.52422740705293,True,fault_test,0.04,True,True,spline_residual,6,30.0,48.290178661996194
external_dual_three_phase_flt3zu_load_30nm,30.0,3,u,False,4,2,273.7509395065915,True,fault_test,0.04,True,True,spline_residual,6,30.0,48.290178661996194
external_dual_three_phase_flt3zu_load_30nm,30.0,3,u,False,5,2,428.1399780900231,True,fault_test,0.04,True,True,spline_residual,6,30.0,48.290178661996194
external_dual_three_phase_flt3zu_load_30nm,30.0,3,u,False,6,2,674.9785814301141,True,fault_test,0.04,True,True,spline_residual,6,30.0,48.290178661996194
external_dual_three_phase_flt3zu_load_30nm,30.0,3,u,False,7,2,1162.445996351657,True,fault_test,0.04,True,True,spline_residual,6,30.0,48.290178661996194
external_dual_three_phase_flt4zv_load_30nm,30.0,4,v,False,0,2,40.560766815934684,True,fault_test,0.16,False,False,spline_residual,6,30.0,48.290178661996194
external_dual_three_phase_flt4zv_load_30nm,30.0,4,v,False,1,2,33.15223751507874,True,fault_test,0.16,False,False,spline_residual,6,30.0,48.290178661996194
external_dual_three_phase_flt4zv_load_30nm,30.0,4,v,False,2,2,66.47137156649825,True,fault_test,0.04,True,True,spline_residual,6,30.0,48.290178661996194
external_dual_three_phase_flt4zv_load_30nm,30.0,4,v,False,3,2,126.59407773469901,True,fault_test,0.04,True,True,spline_residual,6,30.0,48.290178661996194
external_dual_three_phase_flt4zv_load_30nm,30.0,4,v,False,4,2,224.37563630922708,True,fault_test,0.04,True,True,spline_residual,6,30.0,48.290178661996194
external_dual_three_phase_flt4zv_load_30nm,30.0,4,v,False,5,2,339.8565858942971,True,fault_test,0.04,True,True,spline_residual,6,30.0,48.290178661996194
external_dual_three_phase_flt4zv_load_30nm,30.0,4,v,False,6,2,535.8466156442481,True,fault_test,0.04,True,True,spline_residual,6,30.0,48.290178661996194
external_dual_three_phase_flt4zv_load_30nm,30.0,4,v,False,7,2,921.0812097732684,True,fault_test,0.04,True,True,spline_residual,6,30.0,48.290178661996194
external_dual_three_phase_flt5zu_load_30nm,30.0,5,u,False,0,2,58.893744018784346,True,fault_test,0.04,True,True,spline_residual,6,30.0,48.290178661996194
external_dual_three_phase_flt5zu_load_30nm,30.0,5,u,False,1,2,55.37674268754859,True,fault_test,0.04,True,True,spline_residual,6,30.0,48.290178661996194
external_dual_three_phase_flt5zu_load_30nm,30.0,5,u,False,2,2,81.35571635181824,True,fault_test,0.04,True,True,spline_residual,6,30.0,48.290178661996194
external_dual_three_phase_flt5zu_load_30nm,30.0,5,u,False,3,2,139.3916134236198,True,fault_test,0.04,True,True,spline_residual,6,30.0,48.290178661996194
external_dual_three_phase_flt5zu_load_30nm,30.0,5,u,False,4,2,230.20138140480537,True,fault_test,0.04,True,True,spline_residual,6,30.0,48.290178661996194
external_dual_three_phase_flt5zu_load_30nm,30.0,5,u,False,5,2,323.1253120219375,True,fault_test,0.04,True,True,spline_residual,6,30.0,48.290178661996194
external_dual_three_phase_flt5zu_load_30nm,30.0,5,u,False,6,2,491.0345111646718,True,fault_test,0.04,True,True,spline_residual,6,30.0,48.290178661996194
external_dual_three_phase_flt5zu_load_30nm,30.0,5,u,False,7,2,813.6474649075155,True,fault_test,0.04,True,True,spline_residual,6,30.0,48.290178661996194
external_dual_three_phase_flt6zu_load_30nm,30.0,6,u,False,0,2,47.43793543834556,True,fault_test,0.08,False,False,spline_residual,6,30.0,48.290178661996194
external_dual_three_phase_flt6zu_load_30nm,30.0,6,u,False,1,2,52.93443637467338,True,fault_test,0.04,True,True,spline_residual,6,30.0,48.290178661996194
external_dual_three_phase_flt6zu_load_30nm,30.0,6,u,False,2,2,96.13339378913516,True,fault_test,0.04,True,True,spline_residual,6,30.0,48.290178661996194
external_dual_three_phase_flt6zu_load_30nm,30.0,6,u,False,3,2,151.34645210937626,True,fault_test,0.04,True,True,spline_residual,6,30.0,48.290178661996194
external_dual_three_phase_flt6zu_load_30nm,30.0,6,u,False,4,2,238.957368064664,True,fault_test,0.04,True,True,spline_residual,6,30.0,48.290178661996194
external_dual_three_phase_flt6zu_load_30nm,30.0,6,u,False,5,2,347.79994943394274,True,fault_test,0.04,True,True,spline_residual,6,30.0,48.290178661996194
external_dual_three_phase_flt6zu_load_30nm,30.0,6,u,False,6,2,524.4173088576835,True,fault_test,0.04,True,True,spline_residual,6,30.0,48.290178661996194
external_dual_three_phase_flt6zu_load_30nm,30.0,6,u,False,7,2,860.9021541359306,True,fault_test,0.04,True,True,spline_residual,6,30.0,48.290178661996194
external_dual_three_phase_flt0z_load_10nm,10.0,0,,True,0,2,34.06205340885362,True,calibration,,False,False,spline_local_scale,6,30.0,66.19455400034042
external_dual_three_phase_flt0z_load_10nm,10.0,0,,True,1,2,14.390376862420007,True,calibration,,False,False,spline_local_scale,6,30.0,66.19455400034042
external_dual_three_phase_flt0z_load_10nm,10.0,0,,True,2,2,5.604234459821752,True,calibration,,False,False,spline_local_scale,6,30.0,66.19455400034042
external_dual_three_phase_flt0z_load_10nm,10.0,0,,True,3,2,3.530316011301491,True,calibration,,False,False,spline_local_scale,6,30.0,66.19455400034042
external_dual_three_phase_flt0z_load_10nm,10.0,0,,True,4,2,4.337992826394959,True,calibration,,False,False,spline_local_scale,6,30.0,66.19455400034042
external_dual_three_phase_flt0z_load_10nm,10.0,0,,True,5,2,3.710961570390115,True,calibration,,False,False,spline_local_scale,6,30.0,66.19455400034042
external_dual_three_phase_flt0z_load_10nm,10.0,0,,True,6,2,4.314695606052277,True,calibration,,False,False,spline_local_scale,6,30.0,66.19455400034042
external_dual_three_phase_flt0z_load_10nm,10.0,0,,True,7,2,8.336145228252803,True,calibration,,False,False,spline_local_scale,6,30.0,66.19455400034042
external_dual_three_phase_flt0z_load_20nm,20.0,0,,True,0,2,66.19455400034042,True,calibration,,False,False,spline_local_scale,6,30.0,66.19455400034042
external_dual_three_phase_flt0z_load_20nm,20.0,0,,True,1,2,32.840499210130915,True,calibration,,False,False,spline_local_scale,6,30.0,66.19455400034042
external_dual_three_phase_flt0z_load_20nm,20.0,0,,True,2,2,22.07547595734227,True,calibration,,False,False,spline_local_scale,6,30.0,66.19455400034042
external_dual_three_phase_flt0z_load_20nm,20.0,0,,True,3,2,16.598805801652382,True,calibration,,False,False,spline_local_scale,6,30.0,66.19455400034042
external_dual_three_phase_flt0z_load_20nm,20.0,0,,True,4,2,17.42373665809044,True,calibration,,False,False,spline_local_scale,6,30.0,66.19455400034042
external_dual_three_phase_flt0z_load_20nm,20.0,0,,True,5,2,12.739473673218235,True,calibration,,False,False,spline_local_scale,6,30.0,66.19455400034042
external_dual_three_phase_flt0z_load_20nm,20.0,0,,True,6,2,16.584068905961978,True,calibration,,False,False,spline_local_scale,6,30.0,66.19455400034042
external_dual_three_phase_flt0z_load_20nm,20.0,0,,True,7,2,31.28621681626816,True,calibration,,False,False,spline_local_scale,6,30.0,66.19455400034042
external_dual_three_phase_flt0z_load_30nm,30.0,0,,True,0,2,26.218223048123306,True,health_test,0.2,False,False,spline_local_scale,6,30.0,66.19455400034042
external_dual_three_phase_flt0z_load_30nm,30.0,0,,True,1,2,9.506384576951959,True,health_test,0.52,False,False,spline_local_scale,6,30.0,66.19455400034042
external_dual_three_phase_flt0z_load_30nm,30.0,0,,True,2,2,4.177662419708599,True,health_test,0.88,False,False,spline_local_scale,6,30.0,66.19455400034042
external_dual_three_phase_flt0z_load_30nm,30.0,0,,True,3,2,3.4320162113708332,True,health_test,1.0,False,False,spline_local_scale,6,30.0,66.19455400034042
external_dual_three_phase_flt0z_load_30nm,30.0,0,,True,4,2,4.107894208906266,True,health_test,0.88,False,False,spline_local_scale,6,30.0,66.19455400034042
external_dual_three_phase_flt0z_load_30nm,30.0,0,,True,5,2,3.0827222275379444,True,health_test,1.0,False,False,spline_local_scale,6,30.0,66.19455400034042
external_dual_three_phase_flt0z_load_30nm,30.0,0,,True,6,2,3.3933873526910707,True,health_test,1.0,False,False,spline_local_scale,6,30.0,66.19455400034042
external_dual_three_phase_flt0z_load_30nm,30.0,0,,True,7,2,5.101166629331782,True,health_test,0.76,False,False,spline_local_scale,6,30.0,66.19455400034042
external_dual_three_phase_flt0z_load_5nm,5.0,0,,True,0,2,21.581953009918216,True,calibration,,False,False,spline_local_scale,6,30.0,66.19455400034042
external_dual_three_phase_flt0z_load_5nm,5.0,0,,True,1,2,9.34545633256457,True,calibration,,False,False,spline_local_scale,6,30.0,66.19455400034042
external_dual_three_phase_flt0z_load_5nm,5.0,0,,True,2,2,3.8937388949197036,True,calibration,,False,False,spline_local_scale,6,30.0,66.19455400034042
external_dual_three_phase_flt0z_load_5nm,5.0,0,,True,3,2,4.571625018784394,True,calibration,,False,False,spline_local_scale,6,30.0,66.19455400034042
external_dual_three_phase_flt0z_load_5nm,5.0,0,,True,4,2,6.101656587378496,True,calibration,,False,False,spline_local_scale,6,30.0,66.19455400034042
external_dual_three_phase_flt0z_load_5nm,5.0,0,,True,5,2,7.204948576522433,True,calibration,,False,False,spline_local_scale,6,30.0,66.19455400034042
external_dual_three_phase_flt0z_load_5nm,5.0,0,,True,6,2,8.55151084452264,True,calibration,,False,False,spline_local_scale,6,30.0,66.19455400034042
external_dual_three_phase_flt0z_load_5nm,5.0,0,,True,7,2,18.74801774734818,True,calibration,,False,False,spline_local_scale,6,30.0,66.19455400034042
external_dual_three_phase_flt1zu_load_30nm,30.0,1,u,False,0,2,24.448295704672354,True,fault_test,0.2,False,False,spline_local_scale,6,30.0,66.19455400034042
external_dual_three_phase_flt1zu_load_30nm,30.0,1,u,False,1,2,10.359466684686751,True,fault_test,0.52,False,False,spline_local_scale,6,30.0,66.19455400034042
external_dual_three_phase_flt1zu_load_30nm,30.0,1,u,False,2,2,12.900276913168188,True,fault_test,0.48,False,False,spline_local_scale,6,30.0,66.19455400034042
external_dual_three_phase_flt1zu_load_30nm,30.0,1,u,False,3,2,20.757232033063325,True,fault_test,0.28,False,False,spline_local_scale,6,30.0,66.19455400034042
external_dual_three_phase_flt1zu_load_30nm,30.0,1,u,False,4,2,35.19013777897442,True,fault_test,0.08,False,False,spline_local_scale,6,30.0,66.19455400034042
external_dual_three_phase_flt1zu_load_30nm,30.0,1,u,False,5,2,76.35285907308547,True,fault_test,0.04,True,True,spline_local_scale,6,30.0,66.19455400034042
external_dual_three_phase_flt1zu_load_30nm,30.0,1,u,False,6,2,165.38774016585648,True,fault_test,0.04,True,True,spline_local_scale,6,30.0,66.19455400034042
external_dual_three_phase_flt1zu_load_30nm,30.0,1,u,False,7,2,400.5918297741324,True,fault_test,0.04,True,True,spline_local_scale,6,30.0,66.19455400034042
external_dual_three_phase_flt2zv_load_30nm,30.0,2,v,False,0,2,22.388592101412097,True,fault_test,0.2,False,False,spline_local_scale,6,30.0,66.19455400034042
external_dual_three_phase_flt2zv_load_30nm,30.0,2,v,False,1,2,16.99852644517299,True,fault_test,0.36,False,False,spline_local_scale,6,30.0,66.19455400034042
external_dual_three_phase_flt2zv_load_30nm,30.0,2,v,False,2,2,51.7916402114966,True,fault_test,0.08,False,False,spline_local_scale,6,30.0,66.19455400034042
external_dual_three_phase_flt2zv_load_30nm,30.0,2,v,False,3,2,112.59354057957992,True,fault_test,0.04,True,True,spline_local_scale,6,30.0,66.19455400034042
external_dual_three_phase_flt2zv_load_30nm,30.0,2,v,False,4,2,205.9396451746931,True,fault_test,0.04,True,True,spline_local_scale,6,30.0,66.19455400034042
external_dual_three_phase_flt2zv_load_30nm,30.0,2,v,False,5,2,391.62542989675507,True,fault_test,0.04,True,True,spline_local_scale,6,30.0,66.19455400034042
external_dual_three_phase_flt2zv_load_30nm,30.0,2,v,False,6,2,721.1528516758603,True,fault_test,0.04,True,True,spline_local_scale,6,30.0,66.19455400034042
external_dual_three_phase_flt2zv_load_30nm,30.0,2,v,False,7,2,1554.6078839432184,True,fault_test,0.04,True,True,spline_local_scale,6,30.0,66.19455400034042
external_dual_three_phase_flt3zu_load_30nm,30.0,3,u,False,0,2,41.63553444170733,True,fault_test,0.08,False,False,spline_local_scale,6,30.0,66.19455400034042
external_dual_three_phase_flt3zu_load_30nm,30.0,3,u,False,1,2,78.33914584831867,True,fault_test,0.04,True,True,spline_local_scale,6,30.0,66.19455400034042
external_dual_three_phase_flt3zu_load_30nm,30.0,3,u,False,2,2,158.03906951858647,True,fault_test,0.04,True,True,spline_local_scale,6,30.0,66.19455400034042
external_dual_three_phase_flt3zu_load_30nm,30.0,3,u,False,3,2,294.4734689893171,True,fault_test,0.04,True,True,spline_local_scale,6,30.0,66.19455400034042
external_dual_three_phase_flt3zu_load_30nm,30.0,3,u,False,4,2,535.3859869383131,True,fault_test,0.04,True,True,spline_local_scale,6,30.0,66.19455400034042
external_dual_three_phase_flt3zu_load_30nm,30.0,3,u,False,5,2,895.4855707257677,True,fault_test,0.04,True,True,spline_local_scale,6,30.0,66.19455400034042
external_dual_three_phase_flt3zu_load_30nm,30.0,3,u,False,6,2,1569.266786470604,True,fault_test,0.04,True,True,spline_local_scale,6,30.0,66.19455400034042
external_dual_three_phase_flt3zu_load_30nm,30.0,3,u,False,7,2,3083.705959519243,True,fault_test,0.04,True,True,spline_local_scale,6,30.0,66.19455400034042
external_dual_three_phase_flt4zv_load_30nm,30.0,4,v,False,0,2,26.836545864120332,True,fault_test,0.2,False,False,spline_local_scale,6,30.0,66.19455400034042
external_dual_three_phase_flt4zv_load_30nm,30.0,4,v,False,1,2,61.68034764451086,True,fault_test,0.08,False,False,spline_local_scale,6,30.0,66.19455400034042
external_dual_three_phase_flt4zv_load_30nm,30.0,4,v,False,2,2,150.6239498073169,True,fault_test,0.04,True,True,spline_local_scale,6,30.0,66.19455400034042
external_dual_three_phase_flt4zv_load_30nm,30.0,4,v,False,3,2,297.7890299756482,True,fault_test,0.04,True,True,spline_local_scale,6,30.0,66.19455400034042
external_dual_three_phase_flt4zv_load_30nm,30.0,4,v,False,4,2,503.4609480072527,True,fault_test,0.04,True,True,spline_local_scale,6,30.0,66.19455400034042
external_dual_three_phase_flt4zv_load_30nm,30.0,4,v,False,5,2,775.3200508293506,True,fault_test,0.04,True,True,spline_local_scale,6,30.0,66.19455400034042
external_dual_three_phase_flt4zv_load_30nm,30.0,4,v,False,6,2,1358.8939937626326,True,fault_test,0.04,True,True,spline_local_scale,6,30.0,66.19455400034042
external_dual_three_phase_flt4zv_load_30nm,30.0,4,v,False,7,2,2686.207415651829,True,fault_test,0.04,True,True,spline_local_scale,6,30.0,66.19455400034042
external_dual_three_phase_flt5zu_load_30nm,30.0,5,u,False,0,2,50.763138277936115,True,fault_test,0.08,False,False,spline_local_scale,6,30.0,66.19455400034042
external_dual_three_phase_flt5zu_load_30nm,30.0,5,u,False,1,2,113.2786020567666,True,fault_test,0.04,True,True,spline_local_scale,6,30.0,66.19455400034042
external_dual_three_phase_flt5zu_load_30nm,30.0,5,u,False,2,2,162.7187539346698,True,fault_test,0.04,True,True,spline_local_scale,6,30.0,66.19455400034042
external_dual_three_phase_flt5zu_load_30nm,30.0,5,u,False,3,2,268.9150709922503,True,fault_test,0.04,True,True,spline_local_scale,6,30.0,66.19455400034042
external_dual_three_phase_flt5zu_load_30nm,30.0,5,u,False,4,2,430.07993675372444,True,fault_test,0.04,True,True,spline_local_scale,6,30.0,66.19455400034042
external_dual_three_phase_flt5zu_load_30nm,30.0,5,u,False,5,2,619.3451734742437,True,fault_test,0.04,True,True,spline_local_scale,6,30.0,66.19455400034042
external_dual_three_phase_flt5zu_load_30nm,30.0,5,u,False,6,2,1014.8956713891263,True,fault_test,0.04,True,True,spline_local_scale,6,30.0,66.19455400034042
external_dual_three_phase_flt5zu_load_30nm,30.0,5,u,False,7,2,1970.6820191349775,True,fault_test,0.04,True,True,spline_local_scale,6,30.0,66.19455400034042
external_dual_three_phase_flt6zu_load_30nm,30.0,6,u,False,0,2,64.27477489220001,True,fault_test,0.08,False,False,spline_local_scale,6,30.0,66.19455400034042
external_dual_three_phase_flt6zu_load_30nm,30.0,6,u,False,1,2,110.36465443167378,True,fault_test,0.04,True,True,spline_local_scale,6,30.0,66.19455400034042
external_dual_three_phase_flt6zu_load_30nm,30.0,6,u,False,2,2,189.93298301277466,True,fault_test,0.04,True,True,spline_local_scale,6,30.0,66.19455400034042
external_dual_three_phase_flt6zu_load_30nm,30.0,6,u,False,3,2,289.97591297065844,True,fault_test,0.04,True,True,spline_local_scale,6,30.0,66.19455400034042
external_dual_three_phase_flt6zu_load_30nm,30.0,6,u,False,4,2,440.69794554889427,True,fault_test,0.04,True,True,spline_local_scale,6,30.0,66.19455400034042
external_dual_three_phase_flt6zu_load_30nm,30.0,6,u,False,5,2,664.3712867808174,True,fault_test,0.04,True,True,spline_local_scale,6,30.0,66.19455400034042
external_dual_three_phase_flt6zu_load_30nm,30.0,6,u,False,6,2,1071.6512924563383,True,fault_test,0.04,True,True,spline_local_scale,6,30.0,66.19455400034042
external_dual_three_phase_flt6zu_load_30nm,30.0,6,u,False,7,2,2071.589261932602,True,fault_test,0.04,True,True,spline_local_scale,6,30.0,66.19455400034042
external_dual_three_phase_flt0z_load_10nm,10.0,0,,True,0,2,0.4951838914051538,True,calibration,,False,False,isolation_forest,6,30.0,0.5158712448537369
external_dual_three_phase_flt0z_load_10nm,10.0,0,,True,1,2,0.42231242834148053,True,calibration,,False,False,isolation_forest,6,30.0,0.5158712448537369
external_dual_three_phase_flt0z_load_10nm,10.0,0,,True,2,2,0.41046750404385857,True,calibration,,False,False,isolation_forest,6,30.0,0.5158712448537369
external_dual_three_phase_flt0z_load_10nm,10.0,0,,True,3,2,0.40857618141116997,True,calibration,,False,False,isolation_forest,6,30.0,0.5158712448537369
external_dual_three_phase_flt0z_load_10nm,10.0,0,,True,4,2,0.40841522644959416,True,calibration,,False,False,isolation_forest,6,30.0,0.5158712448537369
external_dual_three_phase_flt0z_load_10nm,10.0,0,,True,5,2,0.39922377885695826,True,calibration,,False,False,isolation_forest,6,30.0,0.5158712448537369
external_dual_three_phase_flt0z_load_10nm,10.0,0,,True,6,2,0.4143101620573339,True,calibration,,False,False,isolation_forest,6,30.0,0.5158712448537369
external_dual_three_phase_flt0z_load_10nm,10.0,0,,True,7,2,0.43851765948086163,True,calibration,,False,False,isolation_forest,6,30.0,0.5158712448537369
external_dual_three_phase_flt0z_load_20nm,20.0,0,,True,0,2,0.4762773038526684,True,calibration,,False,False,isolation_forest,6,30.0,0.5158712448537369
external_dual_three_phase_flt0z_load_20nm,20.0,0,,True,1,2,0.3903827824639364,True,calibration,,False,False,isolation_forest,6,30.0,0.5158712448537369
external_dual_three_phase_flt0z_load_20nm,20.0,0,,True,2,2,0.37837748394867604,True,calibration,,False,False,isolation_forest,6,30.0,0.5158712448537369
external_dual_three_phase_flt0z_load_20nm,20.0,0,,True,3,2,0.36301941675123806,True,calibration,,False,False,isolation_forest,6,30.0,0.5158712448537369
external_dual_three_phase_flt0z_load_20nm,20.0,0,,True,4,2,0.3578181896681929,True,calibration,,False,False,isolation_forest,6,30.0,0.5158712448537369
external_dual_three_phase_flt0z_load_20nm,20.0,0,,True,5,2,0.35620868010637885,True,calibration,,False,False,isolation_forest,6,30.0,0.5158712448537369
external_dual_three_phase_flt0z_load_20nm,20.0,0,,True,6,2,0.3670909731126349,True,calibration,,False,False,isolation_forest,6,30.0,0.5158712448537369
external_dual_three_phase_flt0z_load_20nm,20.0,0,,True,7,2,0.37816459611518705,True,calibration,,False,False,isolation_forest,6,30.0,0.5158712448537369
external_dual_three_phase_flt0z_load_30nm,30.0,0,,True,0,2,0.4812271828218965,True,health_test,0.16,False,False,isolation_forest,6,30.0,0.5158712448537369
external_dual_three_phase_flt0z_load_30nm,30.0,0,,True,1,2,0.3760560679761927,True,health_test,0.84,False,False,isolation_forest,6,30.0,0.5158712448537369
external_dual_three_phase_flt0z_load_30nm,30.0,0,,True,2,2,0.3649000335083187,True,health_test,0.88,False,False,isolation_forest,6,30.0,0.5158712448537369
external_dual_three_phase_flt0z_load_30nm,30.0,0,,True,3,2,0.35028613857735147,True,health_test,1.0,False,False,isolation_forest,6,30.0,0.5158712448537369
external_dual_three_phase_flt0z_load_30nm,30.0,0,,True,4,2,0.3556009569597784,True,health_test,1.0,False,False,isolation_forest,6,30.0,0.5158712448537369
external_dual_three_phase_flt0z_load_30nm,30.0,0,,True,5,2,0.3504568128268309,True,health_test,1.0,False,False,isolation_forest,6,30.0,0.5158712448537369
external_dual_three_phase_flt0z_load_30nm,30.0,0,,True,6,2,0.3587191183962891,True,health_test,0.92,False,False,isolation_forest,6,30.0,0.5158712448537369
external_dual_three_phase_flt0z_load_30nm,30.0,0,,True,7,2,0.36433216767043136,True,health_test,0.88,False,False,isolation_forest,6,30.0,0.5158712448537369
external_dual_three_phase_flt0z_load_5nm,5.0,0,,True,0,2,0.5158712448537369,True,calibration,,False,False,isolation_forest,6,30.0,0.5158712448537369
external_dual_three_phase_flt0z_load_5nm,5.0,0,,True,1,2,0.461293774981101,True,calibration,,False,False,isolation_forest,6,30.0,0.5158712448537369
external_dual_three_phase_flt0z_load_5nm,5.0,0,,True,2,2,0.43784794374087416,True,calibration,,False,False,isolation_forest,6,30.0,0.5158712448537369
external_dual_three_phase_flt0z_load_5nm,5.0,0,,True,3,2,0.4361918875502604,True,calibration,,False,False,isolation_forest,6,30.0,0.5158712448537369
external_dual_three_phase_flt0z_load_5nm,5.0,0,,True,4,2,0.4394484776244192,True,calibration,,False,False,isolation_forest,6,30.0,0.5158712448537369
external_dual_three_phase_flt0z_load_5nm,5.0,0,,True,5,2,0.44774042735684744,True,calibration,,False,False,isolation_forest,6,30.0,0.5158712448537369
external_dual_three_phase_flt0z_load_5nm,5.0,0,,True,6,2,0.463951016669558,True,calibration,,False,False,isolation_forest,6,30.0,0.5158712448537369
external_dual_three_phase_flt0z_load_5nm,5.0,0,,True,7,2,0.48246110371736217,True,calibration,,False,False,isolation_forest,6,30.0,0.5158712448537369
external_dual_three_phase_flt1zu_load_30nm,30.0,1,u,False,0,2,0.48911211696277224,True,fault_test,0.12,False,False,isolation_forest,6,30.0,0.5158712448537369
external_dual_three_phase_flt1zu_load_30nm,30.0,1,u,False,1,2,0.4022407079002802,True,fault_test,0.68,False,False,isolation_forest,6,30.0,0.5158712448537369
external_dual_three_phase_flt1zu_load_30nm,30.0,1,u,False,2,2,0.4048232787437905,True,fault_test,0.68,False,False,isolation_forest,6,30.0,0.5158712448537369
external_dual_three_phase_flt1zu_load_30nm,30.0,1,u,False,3,2,0.4309924938972872,True,fault_test,0.48,False,False,isolation_forest,6,30.0,0.5158712448537369
external_dual_three_phase_flt1zu_load_30nm,30.0,1,u,False,4,2,0.4396367221029327,True,fault_test,0.32,False,False,isolation_forest,6,30.0,0.5158712448537369
external_dual_three_phase_flt1zu_load_30nm,30.0,1,u,False,5,2,0.4520281815314386,True,fault_test,0.28,False,False,isolation_forest,6,30.0,0.5158712448537369
external_dual_three_phase_flt1zu_load_30nm,30.0,1,u,False,6,2,0.4798023940252993,True,fault_test,0.16,False,False,isolation_forest,6,30.0,0.5158712448537369
external_dual_three_phase_flt1zu_load_30nm,30.0,1,u,False,7,2,0.5067419361253708,True,fault_test,0.08,False,False,isolation_forest,6,30.0,0.5158712448537369
external_dual_three_phase_flt2zv_load_30nm,30.0,2,v,False,0,2,0.47657354921791606,True,fault_test,0.16,False,False,isolation_forest,6,30.0,0.5158712448537369
external_dual_three_phase_flt2zv_load_30nm,30.0,2,v,False,1,2,0.40882044970875386,True,fault_test,0.6,False,False,isolation_forest,6,30.0,0.5158712448537369
external_dual_three_phase_flt2zv_load_30nm,30.0,2,v,False,2,2,0.4475315067594116,True,fault_test,0.32,False,False,isolation_forest,6,30.0,0.5158712448537369
external_dual_three_phase_flt2zv_load_30nm,30.0,2,v,False,3,2,0.47959508574470383,True,fault_test,0.16,False,False,isolation_forest,6,30.0,0.5158712448537369
external_dual_three_phase_flt2zv_load_30nm,30.0,2,v,False,4,2,0.5150978701736473,True,fault_test,0.08,False,False,isolation_forest,6,30.0,0.5158712448537369
external_dual_three_phase_flt2zv_load_30nm,30.0,2,v,False,5,2,0.5475508535558956,True,fault_test,0.04,True,True,isolation_forest,6,30.0,0.5158712448537369
external_dual_three_phase_flt2zv_load_30nm,30.0,2,v,False,6,2,0.5760386017682292,True,fault_test,0.04,True,True,isolation_forest,6,30.0,0.5158712448537369
external_dual_three_phase_flt2zv_load_30nm,30.0,2,v,False,7,2,0.6016644258306585,True,fault_test,0.04,True,True,isolation_forest,6,30.0,0.5158712448537369
external_dual_three_phase_flt3zu_load_30nm,30.0,3,u,False,0,2,0.49598600834207374,True,fault_test,0.08,False,False,isolation_forest,6,30.0,0.5158712448537369
external_dual_three_phase_flt3zu_load_30nm,30.0,3,u,False,1,2,0.4722805276923717,True,fault_test,0.2,False,False,isolation_forest,6,30.0,0.5158712448537369
external_dual_three_phase_flt3zu_load_30nm,30.0,3,u,False,2,2,0.47072528574566863,True,fault_test,0.2,False,False,isolation_forest,6,30.0,0.5158712448537369
external_dual_three_phase_flt3zu_load_30nm,30.0,3,u,False,3,2,0.49710321953812464,True,fault_test,0.08,False,False,isolation_forest,6,30.0,0.5158712448537369
external_dual_three_phase_flt3zu_load_30nm,30.0,3,u,False,4,2,0.5256107530145696,True,fault_test,0.04,True,True,isolation_forest,6,30.0,0.5158712448537369
external_dual_three_phase_flt3zu_load_30nm,30.0,3,u,False,5,2,0.5468513886745093,True,fault_test,0.04,True,True,isolation_forest,6,30.0,0.5158712448537369
external_dual_three_phase_flt3zu_load_30nm,30.0,3,u,False,6,2,0.569237047772221,True,fault_test,0.04,True,True,isolation_forest,6,30.0,0.5158712448537369
external_dual_three_phase_flt3zu_load_30nm,30.0,3,u,False,7,2,0.5833780149761513,True,fault_test,0.04,True,True,isolation_forest,6,30.0,0.5158712448537369
external_dual_three_phase_flt4zv_load_30nm,30.0,4,v,False,0,2,0.46810764360633633,True,fault_test,0.2,False,False,isolation_forest,6,30.0,0.5158712448537369
external_dual_three_phase_flt4zv_load_30nm,30.0,4,v,False,1,2,0.4582763843797267,True,fault_test,0.28,False,False,isolation_forest,6,30.0,0.5158712448537369
external_dual_three_phase_flt4zv_load_30nm,30.0,4,v,False,2,2,0.4881761403977273,True,fault_test,0.12,False,False,isolation_forest,6,30.0,0.5158712448537369
external_dual_three_phase_flt4zv_load_30nm,30.0,4,v,False,3,2,0.5382315356664245,True,fault_test,0.04,True,True,isolation_forest,6,30.0,0.5158712448537369
external_dual_three_phase_flt4zv_load_30nm,30.0,4,v,False,4,2,0.5680485411911862,True,fault_test,0.04,True,True,isolation_forest,6,30.0,0.5158712448537369
external_dual_three_phase_flt4zv_load_30nm,30.0,4,v,False,5,2,0.5839587283415804,True,fault_test,0.04,True,True,isolation_forest,6,30.0,0.5158712448537369
external_dual_three_phase_flt4zv_load_30nm,30.0,4,v,False,6,2,0.6072740246552509,True,fault_test,0.04,True,True,isolation_forest,6,30.0,0.5158712448537369
external_dual_three_phase_flt4zv_load_30nm,30.0,4,v,False,7,2,0.6184308591505561,True,fault_test,0.04,True,True,isolation_forest,6,30.0,0.5158712448537369
external_dual_three_phase_flt5zu_load_30nm,30.0,5,u,False,0,2,0.5144096723937847,True,fault_test,0.08,False,False,isolation_forest,6,30.0,0.5158712448537369
external_dual_three_phase_flt5zu_load_30nm,30.0,5,u,False,1,2,0.4807254993778992,True,fault_test,0.16,False,False,isolation_forest,6,30.0,0.5158712448537369
external_dual_three_phase_flt5zu_load_30nm,30.0,5,u,False,2,2,0.4960303638114436,True,fault_test,0.08,False,False,isolation_forest,6,30.0,0.5158712448537369
external_dual_three_phase_flt5zu_load_30nm,30.0,5,u,False,3,2,0.5222220180706278,True,fault_test,0.04,True,True,isolation_forest,6,30.0,0.5158712448537369
external_dual_three_phase_flt5zu_load_30nm,30.0,5,u,False,4,2,0.5424769891027523,True,fault_test,0.04,True,True,isolation_forest,6,30.0,0.5158712448537369
external_dual_three_phase_flt5zu_load_30nm,30.0,5,u,False,5,2,0.5396877778048206,True,fault_test,0.04,True,True,isolation_forest,6,30.0,0.5158712448537369
external_dual_three_phase_flt5zu_load_30nm,30.0,5,u,False,6,2,0.5572061302605503,True,fault_test,0.04,True,True,isolation_forest,6,30.0,0.5158712448537369
external_dual_three_phase_flt5zu_load_30nm,30.0,5,u,False,7,2,0.5751766555946495,True,fault_test,0.04,True,True,isolation_forest,6,30.0,0.5158712448537369
external_dual_three_phase_flt6zu_load_30nm,30.0,6,u,False,0,2,0.5071086423511401,True,fault_test,0.08,False,False,isolation_forest,6,30.0,0.5158712448537369
external_dual_three_phase_flt6zu_load_30nm,30.0,6,u,False,1,2,0.4837700890736153,True,fault_test,0.12,False,False,isolation_forest,6,30.0,0.5158712448537369
external_dual_three_phase_flt6zu_load_30nm,30.0,6,u,False,2,2,0.5009089986642792,True,fault_test,0.08,False,False,isolation_forest,6,30.0,0.5158712448537369
external_dual_three_phase_flt6zu_load_30nm,30.0,6,u,False,3,2,0.5190451690277561,True,fault_test,0.04,True,True,isolation_forest,6,30.0,0.5158712448537369
external_dual_three_phase_flt6zu_load_30nm,30.0,6,u,False,4,2,0.5395452147979025,True,fault_test,0.04,True,True,isolation_forest,6,30.0,0.5158712448537369
external_dual_three_phase_flt6zu_load_30nm,30.0,6,u,False,5,2,0.5443001975262123,True,fault_test,0.04,True,True,isolation_forest,6,30.0,0.5158712448537369
external_dual_three_phase_flt6zu_load_30nm,30.0,6,u,False,6,2,0.5640722636508249,True,fault_test,0.04,True,True,isolation_forest,6,30.0,0.5158712448537369
external_dual_three_phase_flt6zu_load_30nm,30.0,6,u,False,7,2,0.5765565540617775,True,fault_test,0.04,True,True,isolation_forest,6,30.0,0.5158712448537369
external_dual_three_phase_flt0z_load_10nm,10.0,0,,True,0,2,508105.3154633813,True,calibration,,False,False,min_cov_det,6,30.0,508105.3154633813
external_dual_three_phase_flt0z_load_10nm,10.0,0,,True,1,2,26256.55041926462,True,calibration,,False,False,min_cov_det,6,30.0,508105.3154633813
external_dual_three_phase_flt0z_load_10nm,10.0,0,,True,2,2,569.9224085134559,True,calibration,,False,False,min_cov_det,6,30.0,508105.3154633813
external_dual_three_phase_flt0z_load_10nm,10.0,0,,True,3,2,457.0450537068473,True,calibration,,False,False,min_cov_det,6,30.0,508105.3154633813
external_dual_three_phase_flt0z_load_10nm,10.0,0,,True,4,2,1304.6024660429864,True,calibration,,False,False,min_cov_det,6,30.0,508105.3154633813
external_dual_three_phase_flt0z_load_10nm,10.0,0,,True,5,2,1533.8332222768267,True,calibration,,False,False,min_cov_det,6,30.0,508105.3154633813
external_dual_three_phase_flt0z_load_10nm,10.0,0,,True,6,2,941.5301854719429,True,calibration,,False,False,min_cov_det,6,30.0,508105.3154633813
external_dual_three_phase_flt0z_load_10nm,10.0,0,,True,7,2,1283.3811967093643,True,calibration,,False,False,min_cov_det,6,30.0,508105.3154633813
external_dual_three_phase_flt0z_load_20nm,20.0,0,,True,0,2,479344.4976284157,True,calibration,,False,False,min_cov_det,6,30.0,508105.3154633813
external_dual_three_phase_flt0z_load_20nm,20.0,0,,True,1,2,23090.46771040968,True,calibration,,False,False,min_cov_det,6,30.0,508105.3154633813
external_dual_three_phase_flt0z_load_20nm,20.0,0,,True,2,2,509.60173573502175,True,calibration,,False,False,min_cov_det,6,30.0,508105.3154633813
external_dual_three_phase_flt0z_load_20nm,20.0,0,,True,3,2,97.70605791573286,True,calibration,,False,False,min_cov_det,6,30.0,508105.3154633813
external_dual_three_phase_flt0z_load_20nm,20.0,0,,True,4,2,82.39399956402424,True,calibration,,False,False,min_cov_det,6,30.0,508105.3154633813
external_dual_three_phase_flt0z_load_20nm,20.0,0,,True,5,2,68.97876329281938,True,calibration,,False,False,min_cov_det,6,30.0,508105.3154633813
external_dual_three_phase_flt0z_load_20nm,20.0,0,,True,6,2,65.41368174857591,True,calibration,,False,False,min_cov_det,6,30.0,508105.3154633813
external_dual_three_phase_flt0z_load_20nm,20.0,0,,True,7,2,65.0276213715559,True,calibration,,False,False,min_cov_det,6,30.0,508105.3154633813
external_dual_three_phase_flt0z_load_30nm,30.0,0,,True,0,2,530201.9845768202,True,health_test,0.04,True,True,min_cov_det,6,30.0,508105.3154633813
external_dual_three_phase_flt0z_load_30nm,30.0,0,,True,1,2,23253.5980538016,True,health_test,0.4,False,False,min_cov_det,6,30.0,508105.3154633813
external_dual_three_phase_flt0z_load_30nm,30.0,0,,True,2,2,391.6220438751957,True,health_test,0.8,False,False,min_cov_det,6,30.0,508105.3154633813
external_dual_three_phase_flt0z_load_30nm,30.0,0,,True,3,2,39.05778515669636,True,health_test,1.0,False,False,min_cov_det,6,30.0,508105.3154633813
external_dual_three_phase_flt0z_load_30nm,30.0,0,,True,4,2,51.42306976514304,True,health_test,1.0,False,False,min_cov_det,6,30.0,508105.3154633813
external_dual_three_phase_flt0z_load_30nm,30.0,0,,True,5,2,44.37633410418936,True,health_test,1.0,False,False,min_cov_det,6,30.0,508105.3154633813
external_dual_three_phase_flt0z_load_30nm,30.0,0,,True,6,2,27.27919015341596,True,health_test,1.0,False,False,min_cov_det,6,30.0,508105.3154633813
external_dual_three_phase_flt0z_load_30nm,30.0,0,,True,7,2,39.09798546117366,True,health_test,1.0,False,False,min_cov_det,6,30.0,508105.3154633813
external_dual_three_phase_flt0z_load_5nm,5.0,0,,True,0,2,493940.25659645785,True,calibration,,False,False,min_cov_det,6,30.0,508105.3154633813
external_dual_three_phase_flt0z_load_5nm,5.0,0,,True,1,2,25077.906306678018,True,calibration,,False,False,min_cov_det,6,30.0,508105.3154633813
external_dual_three_phase_flt0z_load_5nm,5.0,0,,True,2,2,2956.825442408865,True,calibration,,False,False,min_cov_det,6,30.0,508105.3154633813
external_dual_three_phase_flt0z_load_5nm,5.0,0,,True,3,2,6840.913049772076,True,calibration,,False,False,min_cov_det,6,30.0,508105.3154633813
external_dual_three_phase_flt0z_load_5nm,5.0,0,,True,4,2,24799.661831381894,True,calibration,,False,False,min_cov_det,6,30.0,508105.3154633813
external_dual_three_phase_flt0z_load_5nm,5.0,0,,True,5,2,25614.94419127827,True,calibration,,False,False,min_cov_det,6,30.0,508105.3154633813
external_dual_three_phase_flt0z_load_5nm,5.0,0,,True,6,2,31625.958690843137,True,calibration,,False,False,min_cov_det,6,30.0,508105.3154633813
external_dual_three_phase_flt0z_load_5nm,5.0,0,,True,7,2,36164.869472167265,True,calibration,,False,False,min_cov_det,6,30.0,508105.3154633813
external_dual_three_phase_flt1zu_load_30nm,30.0,1,u,False,0,2,508402.0760457306,True,fault_test,0.04,True,True,min_cov_det,6,30.0,508105.3154633813
external_dual_three_phase_flt1zu_load_30nm,30.0,1,u,False,1,2,23031.454468804157,True,fault_test,0.44,False,False,min_cov_det,6,30.0,508105.3154633813
external_dual_three_phase_flt1zu_load_30nm,30.0,1,u,False,2,2,829.4326081189346,True,fault_test,0.68,False,False,min_cov_det,6,30.0,508105.3154633813
external_dual_three_phase_flt1zu_load_30nm,30.0,1,u,False,3,2,950.9031568122638,True,fault_test,0.64,False,False,min_cov_det,6,30.0,508105.3154633813
external_dual_three_phase_flt1zu_load_30nm,30.0,1,u,False,4,2,1101.9320963604116,True,fault_test,0.64,False,False,min_cov_det,6,30.0,508105.3154633813
external_dual_three_phase_flt1zu_load_30nm,30.0,1,u,False,5,2,1642.7916700828328,True,fault_test,0.52,False,False,min_cov_det,6,30.0,508105.3154633813
external_dual_three_phase_flt1zu_load_30nm,30.0,1,u,False,6,2,3464.1004053881675,True,fault_test,0.48,False,False,min_cov_det,6,30.0,508105.3154633813
external_dual_three_phase_flt1zu_load_30nm,30.0,1,u,False,7,2,5647.855546448424,True,fault_test,0.48,False,False,min_cov_det,6,30.0,508105.3154633813
external_dual_three_phase_flt2zv_load_30nm,30.0,2,v,False,0,2,516541.91412310454,True,fault_test,0.04,True,True,min_cov_det,6,30.0,508105.3154633813
external_dual_three_phase_flt2zv_load_30nm,30.0,2,v,False,1,2,24652.718279054105,True,fault_test,0.4,False,False,min_cov_det,6,30.0,508105.3154633813
external_dual_three_phase_flt2zv_load_30nm,30.0,2,v,False,2,2,924.1042554789273,True,fault_test,0.68,False,False,min_cov_det,6,30.0,508105.3154633813
external_dual_three_phase_flt2zv_load_30nm,30.0,2,v,False,3,2,4331.406969429255,True,fault_test,0.48,False,False,min_cov_det,6,30.0,508105.3154633813
external_dual_three_phase_flt2zv_load_30nm,30.0,2,v,False,4,2,12941.5535628474,True,fault_test,0.44,False,False,min_cov_det,6,30.0,508105.3154633813
external_dual_three_phase_flt2zv_load_30nm,30.0,2,v,False,5,2,32154.342485516663,True,fault_test,0.2,False,False,min_cov_det,6,30.0,508105.3154633813
external_dual_three_phase_flt2zv_load_30nm,30.0,2,v,False,6,2,68564.50226368378,True,fault_test,0.16,False,False,min_cov_det,6,30.0,508105.3154633813
external_dual_three_phase_flt2zv_load_30nm,30.0,2,v,False,7,2,126332.2430539859,True,fault_test,0.16,False,False,min_cov_det,6,30.0,508105.3154633813
external_dual_three_phase_flt3zu_load_30nm,30.0,3,u,False,0,2,542649.2422994582,True,fault_test,0.04,True,True,min_cov_det,6,30.0,508105.3154633813
external_dual_three_phase_flt3zu_load_30nm,30.0,3,u,False,1,2,24417.0798882777,True,fault_test,0.4,False,False,min_cov_det,6,30.0,508105.3154633813
external_dual_three_phase_flt3zu_load_30nm,30.0,3,u,False,2,2,4808.599435326846,True,fault_test,0.48,False,False,min_cov_det,6,30.0,508105.3154633813
external_dual_three_phase_flt3zu_load_30nm,30.0,3,u,False,3,2,8310.610602839783,True,fault_test,0.44,False,False,min_cov_det,6,30.0,508105.3154633813
external_dual_three_phase_flt3zu_load_30nm,30.0,3,u,False,4,2,12957.764712524464,True,fault_test,0.44,False,False,min_cov_det,6,30.0,508105.3154633813
external_dual_three_phase_flt3zu_load_30nm,30.0,3,u,False,5,2,18969.54005671612,True,fault_test,0.44,False,False,min_cov_det,6,30.0,508105.3154633813
external_dual_three_phase_flt3zu_load_30nm,30.0,3,u,False,6,2,31507.64544223573,True,fault_test,0.24,False,False,min_cov_det,6,30.0,508105.3154633813
external_dual_three_phase_flt3zu_load_30nm,30.0,3,u,False,7,2,45494.82307278879,True,fault_test,0.16,False,False,min_cov_det,6,30.0,508105.3154633813
external_dual_three_phase_flt4zv_load_30nm,30.0,4,v,False,0,2,504566.06406757043,True,fault_test,0.08,False,False,min_cov_det,6,30.0,508105.3154633813
external_dual_three_phase_flt4zv_load_30nm,30.0,4,v,False,1,2,26524.37067546857,True,fault_test,0.24,False,False,min_cov_det,6,30.0,508105.3154633813
external_dual_three_phase_flt4zv_load_30nm,30.0,4,v,False,2,2,6034.016577443145,True,fault_test,0.48,False,False,min_cov_det,6,30.0,508105.3154633813
external_dual_three_phase_flt4zv_load_30nm,30.0,4,v,False,3,2,19329.478654519855,True,fault_test,0.44,False,False,min_cov_det,6,30.0,508105.3154633813
external_dual_three_phase_flt4zv_load_30nm,30.0,4,v,False,4,2,48256.32219269719,True,fault_test,0.16,False,False,min_cov_det,6,30.0,508105.3154633813
external_dual_three_phase_flt4zv_load_30nm,30.0,4,v,False,5,2,87051.54518616779,True,fault_test,0.16,False,False,min_cov_det,6,30.0,508105.3154633813
external_dual_three_phase_flt4zv_load_30nm,30.0,4,v,False,6,2,164132.86877371665,True,fault_test,0.16,False,False,min_cov_det,6,30.0,508105.3154633813
external_dual_three_phase_flt4zv_load_30nm,30.0,4,v,False,7,2,259180.37623363078,True,fault_test,0.16,False,False,min_cov_det,6,30.0,508105.3154633813
external_dual_three_phase_flt5zu_load_30nm,30.0,5,u,False,0,2,500806.80150434875,True,fault_test,0.08,False,False,min_cov_det,6,30.0,508105.3154633813
external_dual_three_phase_flt5zu_load_30nm,30.0,5,u,False,1,2,27507.71360698623,True,fault_test,0.24,False,False,min_cov_det,6,30.0,508105.3154633813
external_dual_three_phase_flt5zu_load_30nm,30.0,5,u,False,2,2,4217.244976017796,True,fault_test,0.48,False,False,min_cov_det,6,30.0,508105.3154633813
external_dual_three_phase_flt5zu_load_30nm,30.0,5,u,False,3,2,7804.68511398554,True,fault_test,0.44,False,False,min_cov_det,6,30.0,508105.3154633813
external_dual_three_phase_flt5zu_load_30nm,30.0,5,u,False,4,2,12368.913833127815,True,fault_test,0.44,False,False,min_cov_det,6,30.0,508105.3154633813
external_dual_three_phase_flt5zu_load_30nm,30.0,5,u,False,5,2,15228.947317520078,True,fault_test,0.44,False,False,min_cov_det,6,30.0,508105.3154633813
external_dual_three_phase_flt5zu_load_30nm,30.0,5,u,False,6,2,25132.719218392805,True,fault_test,0.32,False,False,min_cov_det,6,30.0,508105.3154633813
external_dual_three_phase_flt5zu_load_30nm,30.0,5,u,False,7,2,35675.3751854787,True,fault_test,0.2,False,False,min_cov_det,6,30.0,508105.3154633813
external_dual_three_phase_flt6zu_load_30nm,30.0,6,u,False,0,2,491590.2302491006,True,fault_test,0.12,False,False,min_cov_det,6,30.0,508105.3154633813
external_dual_three_phase_flt6zu_load_30nm,30.0,6,u,False,1,2,29350.578260084476,True,fault_test,0.24,False,False,min_cov_det,6,30.0,508105.3154633813
external_dual_three_phase_flt6zu_load_30nm,30.0,6,u,False,2,2,5010.285190799466,True,fault_test,0.48,False,False,min_cov_det,6,30.0,508105.3154633813
external_dual_three_phase_flt6zu_load_30nm,30.0,6,u,False,3,2,8044.05439374306,True,fault_test,0.44,False,False,min_cov_det,6,30.0,508105.3154633813
external_dual_three_phase_flt6zu_load_30nm,30.0,6,u,False,4,2,12609.30668587073,True,fault_test,0.44,False,False,min_cov_det,6,30.0,508105.3154633813
external_dual_three_phase_flt6zu_load_30nm,30.0,6,u,False,5,2,16662.288659148286,True,fault_test,0.44,False,False,min_cov_det,6,30.0,508105.3154633813
external_dual_three_phase_flt6zu_load_30nm,30.0,6,u,False,6,2,27013.993248861814,True,fault_test,0.24,False,False,min_cov_det,6,30.0,508105.3154633813
external_dual_three_phase_flt6zu_load_30nm,30.0,6,u,False,7,2,38133.32778292701,True,fault_test,0.16,False,False,min_cov_det,6,30.0,508105.3154633813
external_dual_three_phase_flt0z_load_15nm,15.0,0,,True,0,2,39.17051805977836,True,calibration,,False,False,unconditioned_residual,7,35.0,39.17051805977836
external_dual_three_phase_flt0z_load_15nm,15.0,0,,True,1,2,2.09626654495202,True,calibration,,False,False,unconditioned_residual,7,35.0,39.17051805977836
external_dual_three_phase_flt0z_load_15nm,15.0,0,,True,2,2,0.4740568732837431,True,calibration,,False,False,unconditioned_residual,7,35.0,39.17051805977836
external_dual_three_phase_flt0z_load_15nm,15.0,0,,True,3,2,0.4315217036633454,True,calibration,,False,False,unconditioned_residual,7,35.0,39.17051805977836
external_dual_three_phase_flt0z_load_15nm,15.0,0,,True,4,2,0.3954108239019044,True,calibration,,False,False,unconditioned_residual,7,35.0,39.17051805977836
external_dual_three_phase_flt0z_load_15nm,15.0,0,,True,5,2,0.3685672108460751,True,calibration,,False,False,unconditioned_residual,7,35.0,39.17051805977836
external_dual_three_phase_flt0z_load_15nm,15.0,0,,True,6,2,0.4864966421110042,True,calibration,,False,False,unconditioned_residual,7,35.0,39.17051805977836
external_dual_three_phase_flt0z_load_15nm,15.0,0,,True,7,2,0.8440506593702176,True,calibration,,False,False,unconditioned_residual,7,35.0,39.17051805977836
external_dual_three_phase_flt0z_load_25nm,25.0,0,,True,0,2,36.74603523953549,True,calibration,,False,False,unconditioned_residual,7,35.0,39.17051805977836
external_dual_three_phase_flt0z_load_25nm,25.0,0,,True,1,2,2.177241439527463,True,calibration,,False,False,unconditioned_residual,7,35.0,39.17051805977836
external_dual_three_phase_flt0z_load_25nm,25.0,0,,True,2,2,0.46020288089083944,True,calibration,,False,False,unconditioned_residual,7,35.0,39.17051805977836
external_dual_three_phase_flt0z_load_25nm,25.0,0,,True,3,2,0.398549863163123,True,calibration,,False,False,unconditioned_residual,7,35.0,39.17051805977836
external_dual_three_phase_flt0z_load_25nm,25.0,0,,True,4,2,0.3628778368377078,True,calibration,,False,False,unconditioned_residual,7,35.0,39.17051805977836
external_dual_three_phase_flt0z_load_25nm,25.0,0,,True,5,2,0.3624976109345803,True,calibration,,False,False,unconditioned_residual,7,35.0,39.17051805977836
external_dual_three_phase_flt0z_load_25nm,25.0,0,,True,6,2,0.5198645627044185,True,calibration,,False,False,unconditioned_residual,7,35.0,39.17051805977836
external_dual_three_phase_flt0z_load_25nm,25.0,0,,True,7,2,0.813729189772751,True,calibration,,False,False,unconditioned_residual,7,35.0,39.17051805977836
external_dual_three_phase_flt0z_load_35nm,35.0,0,,True,0,2,40.416226967564434,False,health_test,0.04,True,False,unconditioned_residual,7,35.0,39.17051805977836
external_dual_three_phase_flt0z_load_35nm,35.0,0,,True,1,2,1.936016824715927,False,health_test,0.28,False,False,unconditioned_residual,7,35.0,39.17051805977836
external_dual_three_phase_flt0z_load_35nm,35.0,0,,True,2,2,0.4306863792258323,False,health_test,0.8,False,False,unconditioned_residual,7,35.0,39.17051805977836
external_dual_three_phase_flt0z_load_35nm,35.0,0,,True,3,2,0.41042734077081844,False,health_test,0.8,False,False,unconditioned_residual,7,35.0,39.17051805977836
external_dual_three_phase_flt0z_load_35nm,35.0,0,,True,4,2,0.390541218510132,False,health_test,0.88,False,False,unconditioned_residual,7,35.0,39.17051805977836
external_dual_three_phase_flt0z_load_35nm,35.0,0,,True,5,2,0.41196514801503675,False,health_test,0.8,False,False,unconditioned_residual,7,35.0,39.17051805977836
external_dual_three_phase_flt0z_load_35nm,35.0,0,,True,6,2,0.5408725844905624,False,health_test,0.56,False,False,unconditioned_residual,7,35.0,39.17051805977836
external_dual_three_phase_flt0z_load_35nm,35.0,0,,True,7,2,0.8781346836732707,False,health_test,0.36,False,False,unconditioned_residual,7,35.0,39.17051805977836
external_dual_three_phase_flt0z_load_5nm,5.0,0,,True,0,2,38.034528373894815,True,calibration,,False,False,unconditioned_residual,7,35.0,39.17051805977836
external_dual_three_phase_flt0z_load_5nm,5.0,0,,True,1,2,2.1949942622925787,True,calibration,,False,False,unconditioned_residual,7,35.0,39.17051805977836
external_dual_three_phase_flt0z_load_5nm,5.0,0,,True,2,2,0.538025834347275,True,calibration,,False,False,unconditioned_residual,7,35.0,39.17051805977836
external_dual_three_phase_flt0z_load_5nm,5.0,0,,True,3,2,0.6136836678640232,True,calibration,,False,False,unconditioned_residual,7,35.0,39.17051805977836
external_dual_three_phase_flt0z_load_5nm,5.0,0,,True,4,2,0.6452678755360952,True,calibration,,False,False,unconditioned_residual,7,35.0,39.17051805977836
external_dual_three_phase_flt0z_load_5nm,5.0,0,,True,5,2,0.7281065660859486,True,calibration,,False,False,unconditioned_residual,7,35.0,39.17051805977836
external_dual_three_phase_flt0z_load_5nm,5.0,0,,True,6,2,1.076226335251322,True,calibration,,False,False,unconditioned_residual,7,35.0,39.17051805977836
external_dual_three_phase_flt0z_load_5nm,5.0,0,,True,7,2,1.7872019641711567,True,calibration,,False,False,unconditioned_residual,7,35.0,39.17051805977836
external_dual_three_phase_flt1zu_load_35nm,35.0,1,u,False,0,2,40.02805282133342,False,fault_test,0.04,True,False,unconditioned_residual,7,35.0,39.17051805977836
external_dual_three_phase_flt1zu_load_35nm,35.0,1,u,False,1,2,2.098776255677806,False,fault_test,0.24,False,False,unconditioned_residual,7,35.0,39.17051805977836
external_dual_three_phase_flt1zu_load_35nm,35.0,1,u,False,2,2,0.7785542633273916,False,fault_test,0.44,False,False,unconditioned_residual,7,35.0,39.17051805977836
external_dual_three_phase_flt1zu_load_35nm,35.0,1,u,False,3,2,0.8123210355480863,False,fault_test,0.44,False,False,unconditioned_residual,7,35.0,39.17051805977836
external_dual_three_phase_flt1zu_load_35nm,35.0,1,u,False,4,2,1.134730482067774,False,fault_test,0.32,False,False,unconditioned_residual,7,35.0,39.17051805977836
external_dual_three_phase_flt1zu_load_35nm,35.0,1,u,False,5,2,2.03358976421534,False,fault_test,0.28,False,False,unconditioned_residual,7,35.0,39.17051805977836
external_dual_three_phase_flt1zu_load_35nm,35.0,1,u,False,6,2,4.304344531641691,False,fault_test,0.16,False,False,unconditioned_residual,7,35.0,39.17051805977836
external_dual_three_phase_flt1zu_load_35nm,35.0,1,u,False,7,2,8.101727357016404,False,fault_test,0.16,False,False,unconditioned_residual,7,35.0,39.17051805977836
external_dual_three_phase_flt2zv_load_35nm,35.0,2,v,False,0,2,39.067653074109344,False,fault_test,0.08,False,False,unconditioned_residual,7,35.0,39.17051805977836
external_dual_three_phase_flt2zv_load_35nm,35.0,2,v,False,1,2,1.9703506367971384,False,fault_test,0.28,False,False,unconditioned_residual,7,35.0,39.17051805977836
external_dual_three_phase_flt2zv_load_35nm,35.0,2,v,False,2,2,1.5668783600204799,False,fault_test,0.32,False,False,unconditioned_residual,7,35.0,39.17051805977836
external_dual_three_phase_flt2zv_load_35nm,35.0,2,v,False,3,2,3.283414423375312,False,fault_test,0.16,False,False,unconditioned_residual,7,35.0,39.17051805977836
external_dual_three_phase_flt2zv_load_35nm,35.0,2,v,False,4,2,7.613944679992499,False,fault_test,0.16,False,False,unconditioned_residual,7,35.0,39.17051805977836
external_dual_three_phase_flt2zv_load_35nm,35.0,2,v,False,5,2,15.602781882628443,False,fault_test,0.16,False,False,unconditioned_residual,7,35.0,39.17051805977836
external_dual_three_phase_flt2zv_load_35nm,35.0,2,v,False,6,2,28.623711307673993,False,fault_test,0.16,False,False,unconditioned_residual,7,35.0,39.17051805977836
external_dual_three_phase_flt2zv_load_35nm,35.0,2,v,False,7,2,52.58047068990258,False,fault_test,0.04,True,False,unconditioned_residual,7,35.0,39.17051805977836
external_dual_three_phase_flt3zu_load_35nm,35.0,3,u,False,0,2,37.309471977855594,False,fault_test,0.12,False,False,unconditioned_residual,7,35.0,39.17051805977836
external_dual_three_phase_flt3zu_load_35nm,35.0,3,u,False,1,2,2.4301572061955152,False,fault_test,0.16,False,False,unconditioned_residual,7,35.0,39.17051805977836
external_dual_three_phase_flt3zu_load_35nm,35.0,3,u,False,2,2,3.224391748394674,False,fault_test,0.16,False,False,unconditioned_residual,7,35.0,39.17051805977836
external_dual_three_phase_flt3zu_load_35nm,35.0,3,u,False,3,2,6.99723605452448,False,fault_test,0.16,False,False,unconditioned_residual,7,35.0,39.17051805977836
external_dual_three_phase_flt3zu_load_35nm,35.0,3,u,False,4,2,12.878330091572215,False,fault_test,0.16,False,False,unconditioned_residual,7,35.0,39.17051805977836
external_dual_three_phase_flt3zu_load_35nm,35.0,3,u,False,5,2,21.341348271288567,False,fault_test,0.16,False,False,unconditioned_residual,7,35.0,39.17051805977836
external_dual_three_phase_flt3zu_load_35nm,35.0,3,u,False,6,2,34.70506299746146,False,fault_test,0.16,False,False,unconditioned_residual,7,35.0,39.17051805977836
external_dual_three_phase_flt3zu_load_35nm,35.0,3,u,False,7,2,59.22336696495308,False,fault_test,0.04,True,False,unconditioned_residual,7,35.0,39.17051805977836
external_dual_three_phase_flt4zv_load_35nm,35.0,4,v,False,0,2,37.846836003352024,False,fault_test,0.12,False,False,unconditioned_residual,7,35.0,39.17051805977836
external_dual_three_phase_flt4zv_load_35nm,35.0,4,v,False,1,2,2.2833437890058432,False,fault_test,0.16,False,False,unconditioned_residual,7,35.0,39.17051805977836
external_dual_three_phase_flt4zv_load_35nm,35.0,4,v,False,2,2,4.628240653348952,False,fault_test,0.16,False,False,unconditioned_residual,7,35.0,39.17051805977836
external_dual_three_phase_flt4zv_load_35nm,35.0,4,v,False,3,2,10.773122934531498,False,fault_test,0.16,False,False,unconditioned_residual,7,35.0,39.17051805977836
external_dual_three_phase_flt4zv_load_35nm,35.0,4,v,False,4,2,21.190957796881076,False,fault_test,0.16,False,False,unconditioned_residual,7,35.0,39.17051805977836
external_dual_three_phase_flt4zv_load_35nm,35.0,4,v,False,5,2,33.73148177186039,False,fault_test,0.16,False,False,unconditioned_residual,7,35.0,39.17051805977836
external_dual_three_phase_flt4zv_load_35nm,35.0,4,v,False,6,2,58.5478187811097,False,fault_test,0.04,True,False,unconditioned_residual,7,35.0,39.17051805977836
external_dual_three_phase_flt4zv_load_35nm,35.0,4,v,False,7,2,96.79975279410282,False,fault_test,0.04,True,False,unconditioned_residual,7,35.0,39.17051805977836
external_dual_three_phase_flt5zu_load_35nm,35.0,5,u,False,0,2,37.06666885472756,False,fault_test,0.12,False,False,unconditioned_residual,7,35.0,39.17051805977836
external_dual_three_phase_flt5zu_load_35nm,35.0,5,u,False,1,2,2.6391578153004898,False,fault_test,0.16,False,False,unconditioned_residual,7,35.0,39.17051805977836
external_dual_three_phase_flt5zu_load_35nm,35.0,5,u,False,2,2,4.583736863930524,False,fault_test,0.16,False,False,unconditioned_residual,7,35.0,39.17051805977836
external_dual_three_phase_flt5zu_load_35nm,35.0,5,u,False,3,2,6.960629684475284,False,fault_test,0.16,False,False,unconditioned_residual,7,35.0,39.17051805977836
external_dual_three_phase_flt5zu_load_35nm,35.0,5,u,False,4,2,11.566352449151825,False,fault_test,0.16,False,False,unconditioned_residual,7,35.0,39.17051805977836
external_dual_three_phase_flt5zu_load_35nm,35.0,5,u,False,5,2,17.035688501985838,False,fault_test,0.16,False,False,unconditioned_residual,7,35.0,39.17051805977836
external_dual_three_phase_flt5zu_load_35nm,35.0,5,u,False,6,2,27.661144587919285,False,fault_test,0.16,False,False,unconditioned_residual,7,35.0,39.17051805977836
external_dual_three_phase_flt5zu_load_35nm,35.0,5,u,False,7,2,41.15490142863888,False,fault_test,0.04,True,False,unconditioned_residual,7,35.0,39.17051805977836
external_dual_three_phase_flt6zu_load_35nm,35.0,6,u,False,0,2,40.10148710504985,False,fault_test,0.04,True,False,unconditioned_residual,7,35.0,39.17051805977836
external_dual_three_phase_flt6zu_load_35nm,35.0,6,u,False,1,2,3.1260814777822112,False,fault_test,0.16,False,False,unconditioned_residual,7,35.0,39.17051805977836
external_dual_three_phase_flt6zu_load_35nm,35.0,6,u,False,2,2,4.274515951750007,False,fault_test,0.16,False,False,unconditioned_residual,7,35.0,39.17051805977836
external_dual_three_phase_flt6zu_load_35nm,35.0,6,u,False,3,2,7.565659350206169,False,fault_test,0.16,False,False,unconditioned_residual,7,35.0,39.17051805977836
external_dual_three_phase_flt6zu_load_35nm,35.0,6,u,False,4,2,12.136776277169762,False,fault_test,0.16,False,False,unconditioned_residual,7,35.0,39.17051805977836
external_dual_three_phase_flt6zu_load_35nm,35.0,6,u,False,5,2,18.35546089091053,False,fault_test,0.16,False,False,unconditioned_residual,7,35.0,39.17051805977836
external_dual_three_phase_flt6zu_load_35nm,35.0,6,u,False,6,2,28.79640232047526,False,fault_test,0.16,False,False,unconditioned_residual,7,35.0,39.17051805977836
external_dual_three_phase_flt6zu_load_35nm,35.0,6,u,False,7,2,43.716782576509054,False,fault_test,0.04,True,False,unconditioned_residual,7,35.0,39.17051805977836
external_dual_three_phase_flt0z_load_15nm,15.0,0,,True,0,2,48.812094025262425,True,calibration,,False,False,linear_residual,7,35.0,49.2724652099811
external_dual_three_phase_flt0z_load_15nm,15.0,0,,True,1,2,6.4358647299687695,True,calibration,,False,False,linear_residual,7,35.0,49.2724652099811
external_dual_three_phase_flt0z_load_15nm,15.0,0,,True,2,2,1.4710486560812457,True,calibration,,False,False,linear_residual,7,35.0,49.2724652099811
external_dual_three_phase_flt0z_load_15nm,15.0,0,,True,3,2,1.1991377397581815,True,calibration,,False,False,linear_residual,7,35.0,49.2724652099811
external_dual_three_phase_flt0z_load_15nm,15.0,0,,True,4,2,1.0807368120836678,True,calibration,,False,False,linear_residual,7,35.0,49.2724652099811
external_dual_three_phase_flt0z_load_15nm,15.0,0,,True,5,2,0.8771694382404427,True,calibration,,False,False,linear_residual,7,35.0,49.2724652099811
external_dual_three_phase_flt0z_load_15nm,15.0,0,,True,6,2,1.428856128099221,True,calibration,,False,False,linear_residual,7,35.0,49.2724652099811
external_dual_three_phase_flt0z_load_15nm,15.0,0,,True,7,2,2.7230655915917246,True,calibration,,False,False,linear_residual,7,35.0,49.2724652099811
external_dual_three_phase_flt0z_load_25nm,25.0,0,,True,0,2,42.89336653123581,True,calibration,,False,False,linear_residual,7,35.0,49.2724652099811
external_dual_three_phase_flt0z_load_25nm,25.0,0,,True,1,2,6.078907693558751,True,calibration,,False,False,linear_residual,7,35.0,49.2724652099811
external_dual_three_phase_flt0z_load_25nm,25.0,0,,True,2,2,0.8752604383154965,True,calibration,,False,False,linear_residual,7,35.0,49.2724652099811
external_dual_three_phase_flt0z_load_25nm,25.0,0,,True,3,2,0.5727767008554806,True,calibration,,False,False,linear_residual,7,35.0,49.2724652099811
external_dual_three_phase_flt0z_load_25nm,25.0,0,,True,4,2,0.4156448610221119,True,calibration,,False,False,linear_residual,7,35.0,49.2724652099811
external_dual_three_phase_flt0z_load_25nm,25.0,0,,True,5,2,0.3298528843185419,True,calibration,,False,False,linear_residual,7,35.0,49.2724652099811
external_dual_three_phase_flt0z_load_25nm,25.0,0,,True,6,2,1.0563591160476296,True,calibration,,False,False,linear_residual,7,35.0,49.2724652099811
external_dual_three_phase_flt0z_load_25nm,25.0,0,,True,7,2,2.5135203541912503,True,calibration,,False,False,linear_residual,7,35.0,49.2724652099811
external_dual_three_phase_flt0z_load_35nm,35.0,0,,True,0,2,50.2782379792001,False,health_test,0.04,True,False,linear_residual,7,35.0,49.2724652099811
external_dual_three_phase_flt0z_load_35nm,35.0,0,,True,1,2,5.130861924948366,False,health_test,0.32,False,False,linear_residual,7,35.0,49.2724652099811
external_dual_three_phase_flt0z_load_35nm,35.0,0,,True,2,2,0.9516297185706654,False,health_test,0.8,False,False,linear_residual,7,35.0,49.2724652099811
external_dual_three_phase_flt0z_load_35nm,35.0,0,,True,3,2,0.7564706689678768,False,health_test,0.88,False,False,linear_residual,7,35.0,49.2724652099811
external_dual_three_phase_flt0z_load_35nm,35.0,0,,True,4,2,0.4688750653709615,False,health_test,0.92,False,False,linear_residual,7,35.0,49.2724652099811
external_dual_three_phase_flt0z_load_35nm,35.0,0,,True,5,2,0.2744476141368084,False,health_test,1.0,False,False,linear_residual,7,35.0,49.2724652099811
external_dual_three_phase_flt0z_load_35nm,35.0,0,,True,6,2,1.0535863619206707,False,health_test,0.8,False,False,linear_residual,7,35.0,49.2724652099811
external_dual_three_phase_flt0z_load_35nm,35.0,0,,True,7,2,2.6484576641989834,False,health_test,0.56,False,False,linear_residual,7,35.0,49.2724652099811
external_dual_three_phase_flt0z_load_5nm,5.0,0,,True,0,2,49.2724652099811,True,calibration,,False,False,linear_residual,7,35.0,49.2724652099811
external_dual_three_phase_flt0z_load_5nm,5.0,0,,True,1,2,8.581763950090444,True,calibration,,False,False,linear_residual,7,35.0,49.2724652099811
external_dual_three_phase_flt0z_load_5nm,5.0,0,,True,2,2,3.464809601395956,True,calibration,,False,False,linear_residual,7,35.0,49.2724652099811
external_dual_three_phase_flt0z_load_5nm,5.0,0,,True,3,2,2.7162213605764847,True,calibration,,False,False,linear_residual,7,35.0,49.2724652099811
external_dual_three_phase_flt0z_load_5nm,5.0,0,,True,4,2,2.8493866446376224,True,calibration,,False,False,linear_residual,7,35.0,49.2724652099811
external_dual_three_phase_flt0z_load_5nm,5.0,0,,True,5,2,3.0704882091750862,True,calibration,,False,False,linear_residual,7,35.0,49.2724652099811
external_dual_three_phase_flt0z_load_5nm,5.0,0,,True,6,2,4.768479670419633,True,calibration,,False,False,linear_residual,7,35.0,49.2724652099811
external_dual_three_phase_flt0z_load_5nm,5.0,0,,True,7,2,8.179347452610092,True,calibration,,False,False,linear_residual,7,35.0,49.2724652099811
external_dual_three_phase_flt1zu_load_35nm,35.0,1,u,False,0,2,49.47381801740227,False,fault_test,0.04,True,False,linear_residual,7,35.0,49.2724652099811
external_dual_three_phase_flt1zu_load_35nm,35.0,1,u,False,1,2,5.622043249638699,False,fault_test,0.32,False,False,linear_residual,7,35.0,49.2724652099811
external_dual_three_phase_flt1zu_load_35nm,35.0,1,u,False,2,2,4.494292591424365,False,fault_test,0.36,False,False,linear_residual,7,35.0,49.2724652099811
external_dual_three_phase_flt1zu_load_35nm,35.0,1,u,False,3,2,5.720049709551623,False,fault_test,0.32,False,False,linear_residual,7,35.0,49.2724652099811
external_dual_three_phase_flt1zu_load_35nm,35.0,1,u,False,4,2,9.860861462468595,False,fault_test,0.16,False,False,linear_residual,7,35.0,49.2724652099811
external_dual_three_phase_flt1zu_load_35nm,35.0,1,u,False,5,2,19.02635625620132,False,fault_test,0.16,False,False,linear_residual,7,35.0,49.2724652099811
external_dual_three_phase_flt1zu_load_35nm,35.0,1,u,False,6,2,43.132318369557865,False,fault_test,0.12,False,False,linear_residual,7,35.0,49.2724652099811
external_dual_three_phase_flt1zu_load_35nm,35.0,1,u,False,7,2,85.84689381984583,False,fault_test,0.04,True,False,linear_residual,7,35.0,49.2724652099811
external_dual_three_phase_flt2zv_load_35nm,35.0,2,v,False,0,2,46.99610719012055,False,fault_test,0.12,False,False,linear_residual,7,35.0,49.2724652099811
external_dual_three_phase_flt2zv_load_35nm,35.0,2,v,False,1,2,7.694622938745275,False,fault_test,0.24,False,False,linear_residual,7,35.0,49.2724652099811
external_dual_three_phase_flt2zv_load_35nm,35.0,2,v,False,2,2,22.740075743102665,False,fault_test,0.16,False,False,linear_residual,7,35.0,49.2724652099811
external_dual_three_phase_flt2zv_load_35nm,35.0,2,v,False,3,2,39.50984498467975,False,fault_test,0.16,False,False,linear_residual,7,35.0,49.2724652099811
external_dual_three_phase_flt2zv_load_35nm,35.0,2,v,False,4,2,74.01913233401746,False,fault_test,0.04,True,False,linear_residual,7,35.0,49.2724652099811
external_dual_three_phase_flt2zv_load_35nm,35.0,2,v,False,5,2,129.48197471057472,False,fault_test,0.04,True,False,linear_residual,7,35.0,49.2724652099811
external_dual_three_phase_flt2zv_load_35nm,35.0,2,v,False,6,2,205.15159260463116,False,fault_test,0.04,True,False,linear_residual,7,35.0,49.2724652099811
external_dual_three_phase_flt2zv_load_35nm,35.0,2,v,False,7,2,356.2728305132773,False,fault_test,0.04,True,False,linear_residual,7,35.0,49.2724652099811
external_dual_three_phase_flt3zu_load_35nm,35.0,3,u,False,0,2,49.6372518124896,False,fault_test,0.04,True,False,linear_residual,7,35.0,49.2724652099811
external_dual_three_phase_flt3zu_load_35nm,35.0,3,u,False,1,2,24.993503301266973,False,fault_test,0.16,False,False,linear_residual,7,35.0,49.2724652099811
external_dual_three_phase_flt3zu_load_35nm,35.0,3,u,False,2,2,38.15796261623598,False,fault_test,0.16,False,False,linear_residual,7,35.0,49.2724652099811
external_dual_three_phase_flt3zu_load_35nm,35.0,3,u,False,3,2,79.13478377127004,False,fault_test,0.04,True,False,linear_residual,7,35.0,49.2724652099811
external_dual_three_phase_flt3zu_load_35nm,35.0,3,u,False,4,2,149.0106508886098,False,fault_test,0.04,True,False,linear_residual,7,35.0,49.2724652099811
external_dual_three_phase_flt3zu_load_35nm,35.0,3,u,False,5,2,253.86947102423593,False,fault_test,0.04,True,False,linear_residual,7,35.0,49.2724652099811
external_dual_three_phase_flt3zu_load_35nm,35.0,3,u,False,6,2,410.0179301882513,False,fault_test,0.04,True,False,linear_residual,7,35.0,49.2724652099811
external_dual_three_phase_flt3zu_load_35nm,35.0,3,u,False,7,2,731.3503730244773,False,fault_test,0.04,True,False,linear_residual,7,35.0,49.2724652099811
external_dual_three_phase_flt4zv_load_35nm,35.0,4,v,False,0,2,46.398231673708835,False,fault_test,0.12,False,False,linear_residual,7,35.0,49.2724652099811
external_dual_three_phase_flt4zv_load_35nm,35.0,4,v,False,1,2,29.21904520255272,False,fault_test,0.16,False,False,linear_residual,7,35.0,49.2724652099811
external_dual_three_phase_flt4zv_load_35nm,35.0,4,v,False,2,2,51.398265270322256,False,fault_test,0.04,True,False,linear_residual,7,35.0,49.2724652099811
external_dual_three_phase_flt4zv_load_35nm,35.0,4,v,False,3,2,94.62412129329863,False,fault_test,0.04,True,False,linear_residual,7,35.0,49.2724652099811
external_dual_three_phase_flt4zv_load_35nm,35.0,4,v,False,4,2,164.13912098678537,False,fault_test,0.04,True,False,linear_residual,7,35.0,49.2724652099811
external_dual_three_phase_flt4zv_load_35nm,35.0,4,v,False,5,2,244.6495869922362,False,fault_test,0.04,True,False,linear_residual,7,35.0,49.2724652099811
external_dual_three_phase_flt4zv_load_35nm,35.0,4,v,False,6,2,388.23773507818294,False,fault_test,0.04,True,False,linear_residual,7,35.0,49.2724652099811
external_dual_three_phase_flt4zv_load_35nm,35.0,4,v,False,7,2,642.81548020493,False,fault_test,0.04,True,False,linear_residual,7,35.0,49.2724652099811
external_dual_three_phase_flt5zu_load_35nm,35.0,5,u,False,0,2,51.71039848585976,False,fault_test,0.04,True,False,linear_residual,7,35.0,49.2724652099811
external_dual_three_phase_flt5zu_load_35nm,35.0,5,u,False,1,2,31.52388192930276,False,fault_test,0.16,False,False,linear_residual,7,35.0,49.2724652099811
external_dual_three_phase_flt5zu_load_35nm,35.0,5,u,False,2,2,61.047201483500274,False,fault_test,0.04,True,False,linear_residual,7,35.0,49.2724652099811
external_dual_three_phase_flt5zu_load_35nm,35.0,5,u,False,3,2,93.10103782387316,False,fault_test,0.04,True,False,linear_residual,7,35.0,49.2724652099811
external_dual_three_phase_flt5zu_load_35nm,35.0,5,u,False,4,2,160.16846143641988,False,fault_test,0.04,True,False,linear_residual,7,35.0,49.2724652099811
external_dual_three_phase_flt5zu_load_35nm,35.0,5,u,False,5,2,246.99745091452522,False,fault_test,0.04,True,False,linear_residual,7,35.0,49.2724652099811
external_dual_three_phase_flt5zu_load_35nm,35.0,5,u,False,6,2,391.0974716697397,False,fault_test,0.04,True,False,linear_residual,7,35.0,49.2724652099811
external_dual_three_phase_flt5zu_load_35nm,35.0,5,u,False,7,2,581.053243857342,False,fault_test,0.04,True,False,linear_residual,7,35.0,49.2724652099811
external_dual_three_phase_flt6zu_load_35nm,35.0,6,u,False,0,2,49.10364788691148,False,fault_test,0.08,False,False,linear_residual,7,35.0,49.2724652099811
external_dual_three_phase_flt6zu_load_35nm,35.0,6,u,False,1,2,34.3061463764659,False,fault_test,0.16,False,False,linear_residual,7,35.0,49.2724652099811
external_dual_three_phase_flt6zu_load_35nm,35.0,6,u,False,2,2,58.460425112856,False,fault_test,0.04,True,False,linear_residual,7,35.0,49.2724652099811
external_dual_three_phase_flt6zu_load_35nm,35.0,6,u,False,3,2,102.88611163741949,False,fault_test,0.04,True,False,linear_residual,7,35.0,49.2724652099811
external_dual_three_phase_flt6zu_load_35nm,35.0,6,u,False,4,2,169.18817621921193,False,fault_test,0.04,True,False,linear_residual,7,35.0,49.2724652099811
external_dual_three_phase_flt6zu_load_35nm,35.0,6,u,False,5,2,271.62765738320917,False,fault_test,0.04,True,False,linear_residual,7,35.0,49.2724652099811
external_dual_three_phase_flt6zu_load_35nm,35.0,6,u,False,6,2,410.9107500520317,False,fault_test,0.04,True,False,linear_residual,7,35.0,49.2724652099811
external_dual_three_phase_flt6zu_load_35nm,35.0,6,u,False,7,2,611.5593732078955,False,fault_test,0.04,True,False,linear_residual,7,35.0,49.2724652099811
external_dual_three_phase_flt0z_load_15nm,15.0,0,,True,0,2,44.90350584221068,True,calibration,,False,False,quadratic_residual,7,35.0,45.060917829281195
external_dual_three_phase_flt0z_load_15nm,15.0,0,,True,1,2,5.149176064109261,True,calibration,,False,False,quadratic_residual,7,35.0,45.060917829281195
external_dual_three_phase_flt0z_load_15nm,15.0,0,,True,2,2,0.9696922116557535,True,calibration,,False,False,quadratic_residual,7,35.0,45.060917829281195
external_dual_three_phase_flt0z_load_15nm,15.0,0,,True,3,2,0.6801415596652856,True,calibration,,False,False,quadratic_residual,7,35.0,45.060917829281195
external_dual_three_phase_flt0z_load_15nm,15.0,0,,True,4,2,0.6054126836033974,True,calibration,,False,False,quadratic_residual,7,35.0,45.060917829281195
external_dual_three_phase_flt0z_load_15nm,15.0,0,,True,5,2,0.6326551728777468,True,calibration,,False,False,quadratic_residual,7,35.0,45.060917829281195
external_dual_three_phase_flt0z_load_15nm,15.0,0,,True,6,2,1.1797983206901055,True,calibration,,False,False,quadratic_residual,7,35.0,45.060917829281195
external_dual_three_phase_flt0z_load_15nm,15.0,0,,True,7,2,3.351928057454315,True,calibration,,False,False,quadratic_residual,7,35.0,45.060917829281195
external_dual_three_phase_flt0z_load_25nm,25.0,0,,True,0,2,40.737740990826616,True,calibration,,False,False,quadratic_residual,7,35.0,45.060917829281195
external_dual_three_phase_flt0z_load_25nm,25.0,0,,True,1,2,5.015670386027438,True,calibration,,False,False,quadratic_residual,7,35.0,45.060917829281195
external_dual_three_phase_flt0z_load_25nm,25.0,0,,True,2,2,0.7837240401151909,True,calibration,,False,False,quadratic_residual,7,35.0,45.060917829281195
external_dual_three_phase_flt0z_load_25nm,25.0,0,,True,3,2,0.48105338446992585,True,calibration,,False,False,quadratic_residual,7,35.0,45.060917829281195
external_dual_three_phase_flt0z_load_25nm,25.0,0,,True,4,2,0.34505160451465183,True,calibration,,False,False,quadratic_residual,7,35.0,45.060917829281195
external_dual_three_phase_flt0z_load_25nm,25.0,0,,True,5,2,0.4512595039144068,True,calibration,,False,False,quadratic_residual,7,35.0,45.060917829281195
external_dual_three_phase_flt0z_load_25nm,25.0,0,,True,6,2,0.6202468847632227,True,calibration,,False,False,quadratic_residual,7,35.0,45.060917829281195
external_dual_three_phase_flt0z_load_25nm,25.0,0,,True,7,2,2.2705731327504273,True,calibration,,False,False,quadratic_residual,7,35.0,45.060917829281195
external_dual_three_phase_flt0z_load_35nm,35.0,0,,True,0,2,47.73521747520647,False,health_test,0.04,True,False,quadratic_residual,7,35.0,45.060917829281195
external_dual_three_phase_flt0z_load_35nm,35.0,0,,True,1,2,4.5755712473375745,False,health_test,0.32,False,False,quadratic_residual,7,35.0,45.060917829281195
external_dual_three_phase_flt0z_load_35nm,35.0,0,,True,2,2,1.1394033083882489,False,health_test,0.64,False,False,quadratic_residual,7,35.0,45.060917829281195
external_dual_three_phase_flt0z_load_35nm,35.0,0,,True,3,2,0.7791151042025719,False,health_test,0.72,False,False,quadratic_residual,7,35.0,45.060917829281195
external_dual_three_phase_flt0z_load_35nm,35.0,0,,True,4,2,0.5974047651007249,False,health_test,0.88,False,False,quadratic_residual,7,35.0,45.060917829281195
external_dual_three_phase_flt0z_load_35nm,35.0,0,,True,5,2,0.7268650893772529,False,health_test,0.72,False,False,quadratic_residual,7,35.0,45.060917829281195
external_dual_three_phase_flt0z_load_35nm,35.0,0,,True,6,2,1.0978979905848587,False,health_test,0.64,False,False,quadratic_residual,7,35.0,45.060917829281195
external_dual_three_phase_flt0z_load_35nm,35.0,0,,True,7,2,3.618800364383807,False,health_test,0.36,False,False,quadratic_residual,7,35.0,45.060917829281195
external_dual_three_phase_flt0z_load_5nm,5.0,0,,True,0,2,45.060917829281195,True,calibration,,False,False,quadratic_residual,7,35.0,45.060917829281195
external_dual_three_phase_flt0z_load_5nm,5.0,0,,True,1,2,7.4078064921359985,True,calibration,,False,False,quadratic_residual,7,35.0,45.060917829281195
external_dual_three_phase_flt0z_load_5nm,5.0,0,,True,2,2,2.93637020293718,True,calibration,,False,False,quadratic_residual,7,35.0,45.060917829281195
external_dual_three_phase_flt0z_load_5nm,5.0,0,,True,3,2,2.2042979592388208,True,calibration,,False,False,quadratic_residual,7,35.0,45.060917829281195
external_dual_three_phase_flt0z_load_5nm,5.0,0,,True,4,2,2.3522671721091872,True,calibration,,False,False,quadratic_residual,7,35.0,45.060917829281195
external_dual_three_phase_flt0z_load_5nm,5.0,0,,True,5,2,2.951756061978461,True,calibration,,False,False,quadratic_residual,7,35.0,45.060917829281195
external_dual_three_phase_flt0z_load_5nm,5.0,0,,True,6,2,3.7647002313024682,True,calibration,,False,False,quadratic_residual,7,35.0,45.060917829281195
external_dual_three_phase_flt0z_load_5nm,5.0,0,,True,7,2,6.720008911953576,True,calibration,,False,False,quadratic_residual,7,35.0,45.060917829281195
external_dual_three_phase_flt1zu_load_35nm,35.0,1,u,False,0,2,46.62719400835542,False,fault_test,0.04,True,False,quadratic_residual,7,35.0,45.060917829281195
external_dual_three_phase_flt1zu_load_35nm,35.0,1,u,False,1,2,4.881500104729905,False,fault_test,0.32,False,False,quadratic_residual,7,35.0,45.060917829281195
external_dual_three_phase_flt1zu_load_35nm,35.0,1,u,False,2,2,5.4077506334797505,False,fault_test,0.24,False,False,quadratic_residual,7,35.0,45.060917829281195
external_dual_three_phase_flt1zu_load_35nm,35.0,1,u,False,3,2,7.524750328106849,False,fault_test,0.16,False,False,quadratic_residual,7,35.0,45.060917829281195
external_dual_three_phase_flt1zu_load_35nm,35.0,1,u,False,4,2,13.766419180449194,False,fault_test,0.16,False,False,quadratic_residual,7,35.0,45.060917829281195
external_dual_three_phase_flt1zu_load_35nm,35.0,1,u,False,5,2,27.54707971533829,False,fault_test,0.16,False,False,quadratic_residual,7,35.0,45.060917829281195
external_dual_three_phase_flt1zu_load_35nm,35.0,1,u,False,6,2,61.00614569751917,False,fault_test,0.04,True,False,quadratic_residual,7,35.0,45.060917829281195
external_dual_three_phase_flt1zu_load_35nm,35.0,1,u,False,7,2,122.93988571192321,False,fault_test,0.04,True,False,quadratic_residual,7,35.0,45.060917829281195
external_dual_three_phase_flt2zv_load_35nm,35.0,2,v,False,0,2,44.83763429947662,False,fault_test,0.12,False,False,quadratic_residual,7,35.0,45.060917829281195
external_dual_three_phase_flt2zv_load_35nm,35.0,2,v,False,1,2,8.599603231303973,False,fault_test,0.16,False,False,quadratic_residual,7,35.0,45.060917829281195
external_dual_three_phase_flt2zv_load_35nm,35.0,2,v,False,2,2,24.930607942572088,False,fault_test,0.16,False,False,quadratic_residual,7,35.0,45.060917829281195
external_dual_three_phase_flt2zv_load_35nm,35.0,2,v,False,3,2,43.56374845866092,False,fault_test,0.12,False,False,quadratic_residual,7,35.0,45.060917829281195
external_dual_three_phase_flt2zv_load_35nm,35.0,2,v,False,4,2,84.90095846021252,False,fault_test,0.04,True,False,quadratic_residual,7,35.0,45.060917829281195
external_dual_three_phase_flt2zv_load_35nm,35.0,2,v,False,5,2,155.55751589533844,False,fault_test,0.04,True,False,quadratic_residual,7,35.0,45.060917829281195
external_dual_three_phase_flt2zv_load_35nm,35.0,2,v,False,6,2,259.6520934954883,False,fault_test,0.04,True,False,quadratic_residual,7,35.0,45.060917829281195
external_dual_three_phase_flt2zv_load_35nm,35.0,2,v,False,7,2,474.3318755308418,False,fault_test,0.04,True,False,quadratic_residual,7,35.0,45.060917829281195
external_dual_three_phase_flt3zu_load_35nm,35.0,3,u,False,0,2,48.40028425834951,False,fault_test,0.04,True,False,quadratic_residual,7,35.0,45.060917829281195
external_dual_three_phase_flt3zu_load_35nm,35.0,3,u,False,1,2,31.96946425266461,False,fault_test,0.16,False,False,quadratic_residual,7,35.0,45.060917829281195
external_dual_three_phase_flt3zu_load_35nm,35.0,3,u,False,2,2,50.508353158461496,False,fault_test,0.04,True,False,quadratic_residual,7,35.0,45.060917829281195
external_dual_three_phase_flt3zu_load_35nm,35.0,3,u,False,3,2,106.79760384491385,False,fault_test,0.04,True,False,quadratic_residual,7,35.0,45.060917829281195
external_dual_three_phase_flt3zu_load_35nm,35.0,3,u,False,4,2,201.18733230785938,False,fault_test,0.04,True,False,quadratic_residual,7,35.0,45.060917829281195
external_dual_three_phase_flt3zu_load_35nm,35.0,3,u,False,5,2,339.7686796981308,False,fault_test,0.04,True,False,quadratic_residual,7,35.0,45.060917829281195
external_dual_three_phase_flt3zu_load_35nm,35.0,3,u,False,6,2,543.362605123387,False,fault_test,0.04,True,False,quadratic_residual,7,35.0,45.060917829281195
external_dual_three_phase_flt3zu_load_35nm,35.0,3,u,False,7,2,968.1946737901686,False,fault_test,0.04,True,False,quadratic_residual,7,35.0,45.060917829281195
external_dual_three_phase_flt4zv_load_35nm,35.0,4,v,False,0,2,44.57790061897688,False,fault_test,0.12,False,False,quadratic_residual,7,35.0,45.060917829281195
external_dual_three_phase_flt4zv_load_35nm,35.0,4,v,False,1,2,33.1357443508643,False,fault_test,0.16,False,False,quadratic_residual,7,35.0,45.060917829281195
external_dual_three_phase_flt4zv_load_35nm,35.0,4,v,False,2,2,58.645935044292074,False,fault_test,0.04,True,False,quadratic_residual,7,35.0,45.060917829281195
external_dual_three_phase_flt4zv_load_35nm,35.0,4,v,False,3,2,111.43013119754966,False,fault_test,0.04,True,False,quadratic_residual,7,35.0,45.060917829281195
external_dual_three_phase_flt4zv_load_35nm,35.0,4,v,False,4,2,198.69229196812114,False,fault_test,0.04,True,False,quadratic_residual,7,35.0,45.060917829281195
external_dual_three_phase_flt4zv_load_35nm,35.0,4,v,False,5,2,302.83118529550757,False,fault_test,0.04,True,False,quadratic_residual,7,35.0,45.060917829281195
external_dual_three_phase_flt4zv_load_35nm,35.0,4,v,False,6,2,497.3122618572499,False,fault_test,0.04,True,False,quadratic_residual,7,35.0,45.060917829281195
external_dual_three_phase_flt4zv_load_35nm,35.0,4,v,False,7,2,844.7475189151411,False,fault_test,0.04,True,False,quadratic_residual,7,35.0,45.060917829281195
external_dual_three_phase_flt5zu_load_35nm,35.0,5,u,False,0,2,52.6276250386633,False,fault_test,0.04,True,False,quadratic_residual,7,35.0,45.060917829281195
external_dual_three_phase_flt5zu_load_35nm,35.0,5,u,False,1,2,39.54243583366348,False,fault_test,0.16,False,False,quadratic_residual,7,35.0,45.060917829281195
external_dual_three_phase_flt5zu_load_35nm,35.0,5,u,False,2,2,75.76114944944005,False,fault_test,0.04,True,False,quadratic_residual,7,35.0,45.060917829281195
external_dual_three_phase_flt5zu_load_35nm,35.0,5,u,False,3,2,112.22142939556485,False,fault_test,0.04,True,False,quadratic_residual,7,35.0,45.060917829281195
external_dual_three_phase_flt5zu_load_35nm,35.0,5,u,False,4,2,191.68468508585164,False,fault_test,0.04,True,False,quadratic_residual,7,35.0,45.060917829281195
external_dual_three_phase_flt5zu_load_35nm,35.0,5,u,False,5,2,294.97845288668884,False,fault_test,0.04,True,False,quadratic_residual,7,35.0,45.060917829281195
external_dual_three_phase_flt5zu_load_35nm,35.0,5,u,False,6,2,471.4822207211702,False,fault_test,0.04,True,False,quadratic_residual,7,35.0,45.060917829281195
external_dual_three_phase_flt5zu_load_35nm,35.0,5,u,False,7,2,702.8479839070112,False,fault_test,0.04,True,False,quadratic_residual,7,35.0,45.060917829281195
external_dual_three_phase_flt6zu_load_35nm,35.0,6,u,False,0,2,46.987306147637625,False,fault_test,0.04,True,False,quadratic_residual,7,35.0,45.060917829281195
external_dual_three_phase_flt6zu_load_35nm,35.0,6,u,False,1,2,43.99304795842416,False,fault_test,0.12,False,False,quadratic_residual,7,35.0,45.060917829281195
external_dual_three_phase_flt6zu_load_35nm,35.0,6,u,False,2,2,72.48868355207692,False,fault_test,0.04,True,False,quadratic_residual,7,35.0,45.060917829281195
external_dual_three_phase_flt6zu_load_35nm,35.0,6,u,False,3,2,123.2451554425628,False,fault_test,0.04,True,False,quadratic_residual,7,35.0,45.060917829281195
external_dual_three_phase_flt6zu_load_35nm,35.0,6,u,False,4,2,201.55620848912253,False,fault_test,0.04,True,False,quadratic_residual,7,35.0,45.060917829281195
external_dual_three_phase_flt6zu_load_35nm,35.0,6,u,False,5,2,322.31870901649455,False,fault_test,0.04,True,False,quadratic_residual,7,35.0,45.060917829281195
external_dual_three_phase_flt6zu_load_35nm,35.0,6,u,False,6,2,492.87782371513015,False,fault_test,0.04,True,False,quadratic_residual,7,35.0,45.060917829281195
external_dual_three_phase_flt6zu_load_35nm,35.0,6,u,False,7,2,735.4371595823939,False,fault_test,0.04,True,False,quadratic_residual,7,35.0,45.060917829281195
external_dual_three_phase_flt0z_load_15nm,15.0,0,,True,0,2,44.81973225707068,True,calibration,,False,False,spline_residual,7,35.0,44.81973225707068
external_dual_three_phase_flt0z_load_15nm,15.0,0,,True,1,2,5.991260049417712,True,calibration,,False,False,spline_residual,7,35.0,44.81973225707068
external_dual_three_phase_flt0z_load_15nm,15.0,0,,True,2,2,0.8159421324605899,True,calibration,,False,False,spline_residual,7,35.0,44.81973225707068
external_dual_three_phase_flt0z_load_15nm,15.0,0,,True,3,2,0.7407014899626263,True,calibration,,False,False,spline_residual,7,35.0,44.81973225707068
external_dual_three_phase_flt0z_load_15nm,15.0,0,,True,4,2,0.7000561490666006,True,calibration,,False,False,spline_residual,7,35.0,44.81973225707068
external_dual_three_phase_flt0z_load_15nm,15.0,0,,True,5,2,0.6375831419374459,True,calibration,,False,False,spline_residual,7,35.0,44.81973225707068
external_dual_three_phase_flt0z_load_15nm,15.0,0,,True,6,2,1.3210824641369157,True,calibration,,False,False,spline_residual,7,35.0,44.81973225707068
external_dual_three_phase_flt0z_load_15nm,15.0,0,,True,7,2,1.5446267056468808,True,calibration,,False,False,spline_residual,7,35.0,44.81973225707068
external_dual_three_phase_flt0z_load_25nm,25.0,0,,True,0,2,39.09947365678318,True,calibration,,False,False,spline_residual,7,35.0,44.81973225707068
external_dual_three_phase_flt0z_load_25nm,25.0,0,,True,1,2,6.513694358334052,True,calibration,,False,False,spline_residual,7,35.0,44.81973225707068
external_dual_three_phase_flt0z_load_25nm,25.0,0,,True,2,2,1.1044467922753385,True,calibration,,False,False,spline_residual,7,35.0,44.81973225707068
external_dual_three_phase_flt0z_load_25nm,25.0,0,,True,3,2,0.7903432249953104,True,calibration,,False,False,spline_residual,7,35.0,44.81973225707068
external_dual_three_phase_flt0z_load_25nm,25.0,0,,True,4,2,0.6542606351186558,True,calibration,,False,False,spline_residual,7,35.0,44.81973225707068
external_dual_three_phase_flt0z_load_25nm,25.0,0,,True,5,2,0.5725503651638578,True,calibration,,False,False,spline_residual,7,35.0,44.81973225707068
external_dual_three_phase_flt0z_load_25nm,25.0,0,,True,6,2,1.0699110672213088,True,calibration,,False,False,spline_residual,7,35.0,44.81973225707068
external_dual_three_phase_flt0z_load_25nm,25.0,0,,True,7,2,1.5105296398035353,True,calibration,,False,False,spline_residual,7,35.0,44.81973225707068
external_dual_three_phase_flt0z_load_35nm,35.0,0,,True,0,2,46.787510942077546,False,health_test,0.04,True,False,spline_residual,7,35.0,44.81973225707068
external_dual_three_phase_flt0z_load_35nm,35.0,0,,True,1,2,5.279704923690565,False,health_test,0.32,False,False,spline_residual,7,35.0,44.81973225707068
external_dual_three_phase_flt0z_load_35nm,35.0,0,,True,2,2,0.8360756705438266,False,health_test,0.72,False,False,spline_residual,7,35.0,44.81973225707068
external_dual_three_phase_flt0z_load_35nm,35.0,0,,True,3,2,0.5452865809717867,False,health_test,1.0,False,False,spline_residual,7,35.0,44.81973225707068
external_dual_three_phase_flt0z_load_35nm,35.0,0,,True,4,2,0.49553525399764103,False,health_test,1.0,False,False,spline_residual,7,35.0,44.81973225707068
external_dual_three_phase_flt0z_load_35nm,35.0,0,,True,5,2,0.7754572556274776,False,health_test,0.8,False,False,spline_residual,7,35.0,44.81973225707068
external_dual_three_phase_flt0z_load_35nm,35.0,0,,True,6,2,1.947179892341377,False,health_test,0.52,False,False,spline_residual,7,35.0,44.81973225707068
external_dual_three_phase_flt0z_load_35nm,35.0,0,,True,7,2,2.156114395541077,False,health_test,0.44,False,False,spline_residual,7,35.0,44.81973225707068
external_dual_three_phase_flt0z_load_5nm,5.0,0,,True,0,2,43.89716924719279,True,calibration,,False,False,spline_residual,7,35.0,44.81973225707068
external_dual_three_phase_flt0z_load_5nm,5.0,0,,True,1,2,7.040138973929441,True,calibration,,False,False,spline_residual,7,35.0,44.81973225707068
external_dual_three_phase_flt0z_load_5nm,5.0,0,,True,2,2,2.1030095351734284,True,calibration,,False,False,spline_residual,7,35.0,44.81973225707068
external_dual_three_phase_flt0z_load_5nm,5.0,0,,True,3,2,2.035101940142587,True,calibration,,False,False,spline_residual,7,35.0,44.81973225707068
external_dual_three_phase_flt0z_load_5nm,5.0,0,,True,4,2,2.766882247891924,True,calibration,,False,False,spline_residual,7,35.0,44.81973225707068
external_dual_three_phase_flt0z_load_5nm,5.0,0,,True,5,2,3.1720924173436016,True,calibration,,False,False,spline_residual,7,35.0,44.81973225707068
external_dual_three_phase_flt0z_load_5nm,5.0,0,,True,6,2,4.567945683617893,True,calibration,,False,False,spline_residual,7,35.0,44.81973225707068
external_dual_three_phase_flt0z_load_5nm,5.0,0,,True,7,2,9.078432940503475,True,calibration,,False,False,spline_residual,7,35.0,44.81973225707068
external_dual_three_phase_flt1zu_load_35nm,35.0,1,u,False,0,2,46.000272000349284,False,fault_test,0.04,True,False,spline_residual,7,35.0,44.81973225707068
external_dual_three_phase_flt1zu_load_35nm,35.0,1,u,False,1,2,5.8906457709842766,False,fault_test,0.32,False,False,spline_residual,7,35.0,44.81973225707068
external_dual_three_phase_flt1zu_load_35nm,35.0,1,u,False,2,2,5.992368510213719,False,fault_test,0.28,False,False,spline_residual,7,35.0,44.81973225707068
external_dual_three_phase_flt1zu_load_35nm,35.0,1,u,False,3,2,8.354292070795221,False,fault_test,0.2,False,False,spline_residual,7,35.0,44.81973225707068
external_dual_three_phase_flt1zu_load_35nm,35.0,1,u,False,4,2,13.704613722756134,False,fault_test,0.16,False,False,spline_residual,7,35.0,44.81973225707068
external_dual_three_phase_flt1zu_load_35nm,35.0,1,u,False,5,2,25.510842877589162,False,fault_test,0.16,False,False,spline_residual,7,35.0,44.81973225707068
external_dual_three_phase_flt1zu_load_35nm,35.0,1,u,False,6,2,54.5693173083547,False,fault_test,0.04,True,False,spline_residual,7,35.0,44.81973225707068
external_dual_three_phase_flt1zu_load_35nm,35.0,1,u,False,7,2,118.65248301036124,False,fault_test,0.04,True,False,spline_residual,7,35.0,44.81973225707068
external_dual_three_phase_flt2zv_load_35nm,35.0,2,v,False,0,2,43.50152943091845,False,fault_test,0.12,False,False,spline_residual,7,35.0,44.81973225707068
external_dual_three_phase_flt2zv_load_35nm,35.0,2,v,False,1,2,8.091562112855243,False,fault_test,0.2,False,False,spline_residual,7,35.0,44.81973225707068
external_dual_three_phase_flt2zv_load_35nm,35.0,2,v,False,2,2,23.846562403995808,False,fault_test,0.16,False,False,spline_residual,7,35.0,44.81973225707068
external_dual_three_phase_flt2zv_load_35nm,35.0,2,v,False,3,2,42.311765244884704,False,fault_test,0.12,False,False,spline_residual,7,35.0,44.81973225707068
external_dual_three_phase_flt2zv_load_35nm,35.0,2,v,False,4,2,83.65957517750984,False,fault_test,0.04,True,False,spline_residual,7,35.0,44.81973225707068
external_dual_three_phase_flt2zv_load_35nm,35.0,2,v,False,5,2,153.46529944124424,False,fault_test,0.04,True,False,spline_residual,7,35.0,44.81973225707068
external_dual_three_phase_flt2zv_load_35nm,35.0,2,v,False,6,2,251.5004007754855,False,fault_test,0.04,True,False,spline_residual,7,35.0,44.81973225707068
external_dual_three_phase_flt2zv_load_35nm,35.0,2,v,False,7,2,465.4703105039091,False,fault_test,0.04,True,False,spline_residual,7,35.0,44.81973225707068
external_dual_three_phase_flt3zu_load_35nm,35.0,3,u,False,0,2,48.17349680256725,False,fault_test,0.04,True,False,spline_residual,7,35.0,44.81973225707068
external_dual_three_phase_flt3zu_load_35nm,35.0,3,u,False,1,2,34.57727462614115,False,fault_test,0.16,False,False,spline_residual,7,35.0,44.81973225707068
external_dual_three_phase_flt3zu_load_35nm,35.0,3,u,False,2,2,54.10833366852035,False,fault_test,0.04,True,False,spline_residual,7,35.0,44.81973225707068
external_dual_three_phase_flt3zu_load_35nm,35.0,3,u,False,3,2,110.96926444422202,False,fault_test,0.04,True,False,spline_residual,7,35.0,44.81973225707068
external_dual_three_phase_flt3zu_load_35nm,35.0,3,u,False,4,2,202.22496917039302,False,fault_test,0.04,True,False,spline_residual,7,35.0,44.81973225707068
external_dual_three_phase_flt3zu_load_35nm,35.0,3,u,False,5,2,332.46669221597534,False,fault_test,0.04,True,False,spline_residual,7,35.0,44.81973225707068
external_dual_three_phase_flt3zu_load_35nm,35.0,3,u,False,6,2,519.6167049140149,False,fault_test,0.04,True,False,spline_residual,7,35.0,44.81973225707068
external_dual_three_phase_flt3zu_load_35nm,35.0,3,u,False,7,2,950.9019825704938,False,fault_test,0.04,True,False,spline_residual,7,35.0,44.81973225707068
external_dual_three_phase_flt4zv_load_35nm,35.0,4,v,False,0,2,42.8550870179515,False,fault_test,0.12,False,False,spline_residual,7,35.0,44.81973225707068
external_dual_three_phase_flt4zv_load_35nm,35.0,4,v,False,1,2,32.664855136834355,False,fault_test,0.16,False,False,spline_residual,7,35.0,44.81973225707068
external_dual_three_phase_flt4zv_load_35nm,35.0,4,v,False,2,2,57.61189067065612,False,fault_test,0.04,True,False,spline_residual,7,35.0,44.81973225707068
external_dual_three_phase_flt4zv_load_35nm,35.0,4,v,False,3,2,110.02113031080086,False,fault_test,0.04,True,False,spline_residual,7,35.0,44.81973225707068
external_dual_three_phase_flt4zv_load_35nm,35.0,4,v,False,4,2,197.5066442686864,False,fault_test,0.04,True,False,spline_residual,7,35.0,44.81973225707068
external_dual_three_phase_flt4zv_load_35nm,35.0,4,v,False,5,2,300.20861843099897,False,fault_test,0.04,True,False,spline_residual,7,35.0,44.81973225707068
external_dual_three_phase_flt4zv_load_35nm,35.0,4,v,False,6,2,487.1703321763187,False,fault_test,0.04,True,False,spline_residual,7,35.0,44.81973225707068
external_dual_three_phase_flt4zv_load_35nm,35.0,4,v,False,7,2,832.3834184454565,False,fault_test,0.04,True,False,spline_residual,7,35.0,44.81973225707068
external_dual_three_phase_flt5zu_load_35nm,35.0,5,u,False,0,2,53.4113252803916,False,fault_test,0.04,True,False,spline_residual,7,35.0,44.81973225707068
external_dual_three_phase_flt5zu_load_35nm,35.0,5,u,False,1,2,39.97360165992381,False,fault_test,0.12,False,False,spline_residual,7,35.0,44.81973225707068
external_dual_three_phase_flt5zu_load_35nm,35.0,5,u,False,2,2,75.71747614806065,False,fault_test,0.04,True,False,spline_residual,7,35.0,44.81973225707068
external_dual_three_phase_flt5zu_load_35nm,35.0,5,u,False,3,2,110.53850587020256,False,fault_test,0.04,True,False,spline_residual,7,35.0,44.81973225707068
external_dual_three_phase_flt5zu_load_35nm,35.0,5,u,False,4,2,186.05696498650252,False,fault_test,0.04,True,False,spline_residual,7,35.0,44.81973225707068
external_dual_three_phase_flt5zu_load_35nm,35.0,5,u,False,5,2,281.5851407935353,False,fault_test,0.04,True,False,spline_residual,7,35.0,44.81973225707068
external_dual_three_phase_flt5zu_load_35nm,35.0,5,u,False,6,2,438.69269593183174,False,fault_test,0.04,True,False,spline_residual,7,35.0,44.81973225707068
external_dual_three_phase_flt5zu_load_35nm,35.0,5,u,False,7,2,682.0930823342512,False,fault_test,0.04,True,False,spline_residual,7,35.0,44.81973225707068
external_dual_three_phase_flt6zu_load_35nm,35.0,6,u,False,0,2,46.79980915516003,False,fault_test,0.04,True,False,spline_residual,7,35.0,44.81973225707068
external_dual_three_phase_flt6zu_load_35nm,35.0,6,u,False,1,2,44.91967974986265,False,fault_test,0.04,True,False,spline_residual,7,35.0,44.81973225707068
external_dual_three_phase_flt6zu_load_35nm,35.0,6,u,False,2,2,72.33700619884551,False,fault_test,0.04,True,False,spline_residual,7,35.0,44.81973225707068
external_dual_three_phase_flt6zu_load_35nm,35.0,6,u,False,3,2,121.07712611162498,False,fault_test,0.04,True,False,spline_residual,7,35.0,44.81973225707068
external_dual_three_phase_flt6zu_load_35nm,35.0,6,u,False,4,2,195.58097259724022,False,fault_test,0.04,True,False,spline_residual,7,35.0,44.81973225707068
external_dual_three_phase_flt6zu_load_35nm,35.0,6,u,False,5,2,307.70407287569515,False,fault_test,0.04,True,False,spline_residual,7,35.0,44.81973225707068
external_dual_three_phase_flt6zu_load_35nm,35.0,6,u,False,6,2,458.36992663139443,False,fault_test,0.04,True,False,spline_residual,7,35.0,44.81973225707068
external_dual_three_phase_flt6zu_load_35nm,35.0,6,u,False,7,2,713.0614154274659,False,fault_test,0.04,True,False,spline_residual,7,35.0,44.81973225707068
external_dual_three_phase_flt0z_load_15nm,15.0,0,,True,0,2,73.79576675195683,True,calibration,,False,False,spline_local_scale,7,35.0,73.79576675195683
external_dual_three_phase_flt0z_load_15nm,15.0,0,,True,1,2,15.03000187417764,True,calibration,,False,False,spline_local_scale,7,35.0,73.79576675195683
external_dual_three_phase_flt0z_load_15nm,15.0,0,,True,2,2,7.2203074293202425,True,calibration,,False,False,spline_local_scale,7,35.0,73.79576675195683
external_dual_three_phase_flt0z_load_15nm,15.0,0,,True,3,2,6.341194848099202,True,calibration,,False,False,spline_local_scale,7,35.0,73.79576675195683
external_dual_three_phase_flt0z_load_15nm,15.0,0,,True,4,2,6.099173343320088,True,calibration,,False,False,spline_local_scale,7,35.0,73.79576675195683
external_dual_three_phase_flt0z_load_15nm,15.0,0,,True,5,2,5.22380762838326,True,calibration,,False,False,spline_local_scale,7,35.0,73.79576675195683
external_dual_three_phase_flt0z_load_15nm,15.0,0,,True,6,2,5.889250505570394,True,calibration,,False,False,spline_local_scale,7,35.0,73.79576675195683
external_dual_three_phase_flt0z_load_15nm,15.0,0,,True,7,2,7.79234286789889,True,calibration,,False,False,spline_local_scale,7,35.0,73.79576675195683
external_dual_three_phase_flt0z_load_25nm,25.0,0,,True,0,2,20.5424407418742,True,calibration,,False,False,spline_local_scale,7,35.0,73.79576675195683
external_dual_three_phase_flt0z_load_25nm,25.0,0,,True,1,2,10.569538906259055,True,calibration,,False,False,spline_local_scale,7,35.0,73.79576675195683
external_dual_three_phase_flt0z_load_25nm,25.0,0,,True,2,2,5.327141112318273,True,calibration,,False,False,spline_local_scale,7,35.0,73.79576675195683
external_dual_three_phase_flt0z_load_25nm,25.0,0,,True,3,2,3.6077974094725067,True,calibration,,False,False,spline_local_scale,7,35.0,73.79576675195683
external_dual_three_phase_flt0z_load_25nm,25.0,0,,True,4,2,4.301170199704157,True,calibration,,False,False,spline_local_scale,7,35.0,73.79576675195683
external_dual_three_phase_flt0z_load_25nm,25.0,0,,True,5,2,2.5789818867681413,True,calibration,,False,False,spline_local_scale,7,35.0,73.79576675195683
external_dual_three_phase_flt0z_load_25nm,25.0,0,,True,6,2,3.0179371310434933,True,calibration,,False,False,spline_local_scale,7,35.0,73.79576675195683
external_dual_three_phase_flt0z_load_25nm,25.0,0,,True,7,2,4.825703498824421,True,calibration,,False,False,spline_local_scale,7,35.0,73.79576675195683
external_dual_three_phase_flt0z_load_35nm,35.0,0,,True,0,2,33.47557733575423,False,health_test,0.12,False,False,spline_local_scale,7,35.0,73.79576675195683
external_dual_three_phase_flt0z_load_35nm,35.0,0,,True,1,2,11.819724203131491,False,health_test,0.44,False,False,spline_local_scale,7,35.0,73.79576675195683
external_dual_three_phase_flt0z_load_35nm,35.0,0,,True,2,2,7.63146063535479,False,health_test,0.56,False,False,spline_local_scale,7,35.0,73.79576675195683
external_dual_three_phase_flt0z_load_35nm,35.0,0,,True,3,2,6.146951582936071,False,health_test,0.64,False,False,spline_local_scale,7,35.0,73.79576675195683
external_dual_three_phase_flt0z_load_35nm,35.0,0,,True,4,2,7.3918342113299715,False,health_test,0.56,False,False,spline_local_scale,7,35.0,73.79576675195683
external_dual_three_phase_flt0z_load_35nm,35.0,0,,True,5,2,7.375316897375926,False,health_test,0.56,False,False,spline_local_scale,7,35.0,73.79576675195683
external_dual_three_phase_flt0z_load_35nm,35.0,0,,True,6,2,9.425938864246573,False,health_test,0.52,False,False,spline_local_scale,7,35.0,73.79576675195683
external_dual_three_phase_flt0z_load_35nm,35.0,0,,True,7,2,14.158665909223451,False,health_test,0.36,False,False,spline_local_scale,7,35.0,73.79576675195683
external_dual_three_phase_flt0z_load_5nm,5.0,0,,True,0,2,40.576242697772514,True,calibration,,False,False,spline_local_scale,7,35.0,73.79576675195683
external_dual_three_phase_flt0z_load_5nm,5.0,0,,True,1,2,18.41839412638138,True,calibration,,False,False,spline_local_scale,7,35.0,73.79576675195683
external_dual_three_phase_flt0z_load_5nm,5.0,0,,True,2,2,13.121151116267308,True,calibration,,False,False,spline_local_scale,7,35.0,73.79576675195683
external_dual_three_phase_flt0z_load_5nm,5.0,0,,True,3,2,11.622057782517913,True,calibration,,False,False,spline_local_scale,7,35.0,73.79576675195683
external_dual_three_phase_flt0z_load_5nm,5.0,0,,True,4,2,13.655542506070793,True,calibration,,False,False,spline_local_scale,7,35.0,73.79576675195683
external_dual_three_phase_flt0z_load_5nm,5.0,0,,True,5,2,15.025135511114264,True,calibration,,False,False,spline_local_scale,7,35.0,73.79576675195683
external_dual_three_phase_flt0z_load_5nm,5.0,0,,True,6,2,17.78878105288944,True,calibration,,False,False,spline_local_scale,7,35.0,73.79576675195683
external_dual_three_phase_flt0z_load_5nm,5.0,0,,True,7,2,31.940704504049723,True,calibration,,False,False,spline_local_scale,7,35.0,73.79576675195683
external_dual_three_phase_flt1zu_load_35nm,35.0,1,u,False,0,2,32.06586425810021,False,fault_test,0.12,False,False,spline_local_scale,7,35.0,73.79576675195683
external_dual_three_phase_flt1zu_load_35nm,35.0,1,u,False,1,2,17.738121634022914,False,fault_test,0.28,False,False,spline_local_scale,7,35.0,73.79576675195683
external_dual_three_phase_flt1zu_load_35nm,35.0,1,u,False,2,2,20.722455143412617,False,fault_test,0.16,False,False,spline_local_scale,7,35.0,73.79576675195683
external_dual_three_phase_flt1zu_load_35nm,35.0,1,u,False,3,2,28.264891323991367,False,fault_test,0.16,False,False,spline_local_scale,7,35.0,73.79576675195683
external_dual_three_phase_flt1zu_load_35nm,35.0,1,u,False,4,2,38.61871847498039,False,fault_test,0.12,False,False,spline_local_scale,7,35.0,73.79576675195683
external_dual_three_phase_flt1zu_load_35nm,35.0,1,u,False,5,2,70.01988384201027,False,fault_test,0.08,False,False,spline_local_scale,7,35.0,73.79576675195683
external_dual_three_phase_flt1zu_load_35nm,35.0,1,u,False,6,2,162.66406851174307,False,fault_test,0.04,True,False,spline_local_scale,7,35.0,73.79576675195683
external_dual_three_phase_flt1zu_load_35nm,35.0,1,u,False,7,2,431.6821133641041,False,fault_test,0.04,True,False,spline_local_scale,7,35.0,73.79576675195683
external_dual_three_phase_flt2zv_load_35nm,35.0,2,v,False,0,2,42.50655645217884,False,fault_test,0.08,False,False,spline_local_scale,7,35.0,73.79576675195683
external_dual_three_phase_flt2zv_load_35nm,35.0,2,v,False,1,2,29.612456075999628,False,fault_test,0.16,False,False,spline_local_scale,7,35.0,73.79576675195683
external_dual_three_phase_flt2zv_load_35nm,35.0,2,v,False,2,2,87.85698320794327,False,fault_test,0.04,True,False,spline_local_scale,7,35.0,73.79576675195683
external_dual_three_phase_flt2zv_load_35nm,35.0,2,v,False,3,2,161.2784011884886,False,fault_test,0.04,True,False,spline_local_scale,7,35.0,73.79576675195683
external_dual_three_phase_flt2zv_load_35nm,35.0,2,v,False,4,2,294.43114003391196,False,fault_test,0.04,True,False,spline_local_scale,7,35.0,73.79576675195683
external_dual_three_phase_flt2zv_load_35nm,35.0,2,v,False,5,2,511.291411028586,False,fault_test,0.04,True,False,spline_local_scale,7,35.0,73.79576675195683
external_dual_three_phase_flt2zv_load_35nm,35.0,2,v,False,6,2,818.6149174352117,False,fault_test,0.04,True,False,spline_local_scale,7,35.0,73.79576675195683
external_dual_three_phase_flt2zv_load_35nm,35.0,2,v,False,7,2,1745.603384307111,False,fault_test,0.04,True,False,spline_local_scale,7,35.0,73.79576675195683
external_dual_three_phase_flt3zu_load_35nm,35.0,3,u,False,0,2,54.91723851841769,False,fault_test,0.08,False,False,spline_local_scale,7,35.0,73.79576675195683
external_dual_three_phase_flt3zu_load_35nm,35.0,3,u,False,1,2,103.2512205562925,False,fault_test,0.04,True,False,spline_local_scale,7,35.0,73.79576675195683
external_dual_three_phase_flt3zu_load_35nm,35.0,3,u,False,2,2,157.4757955529613,False,fault_test,0.04,True,False,spline_local_scale,7,35.0,73.79576675195683
external_dual_three_phase_flt3zu_load_35nm,35.0,3,u,False,3,2,299.00709475802626,False,fault_test,0.04,True,False,spline_local_scale,7,35.0,73.79576675195683
external_dual_three_phase_flt3zu_load_35nm,35.0,3,u,False,4,2,515.2447880255846,False,fault_test,0.04,True,False,spline_local_scale,7,35.0,73.79576675195683
external_dual_three_phase_flt3zu_load_35nm,35.0,3,u,False,5,2,894.7709964015926,False,fault_test,0.04,True,False,spline_local_scale,7,35.0,73.79576675195683
external_dual_three_phase_flt3zu_load_35nm,35.0,3,u,False,6,2,1526.1109895556815,False,fault_test,0.04,True,False,spline_local_scale,7,35.0,73.79576675195683
external_dual_three_phase_flt3zu_load_35nm,35.0,3,u,False,7,2,3388.657915602367,False,fault_test,0.04,True,False,spline_local_scale,7,35.0,73.79576675195683
external_dual_three_phase_flt4zv_load_35nm,35.0,4,v,False,0,2,38.647751123822,False,fault_test,0.12,False,False,spline_local_scale,7,35.0,73.79576675195683
external_dual_three_phase_flt4zv_load_35nm,35.0,4,v,False,1,2,109.9335074160546,False,fault_test,0.04,True,False,spline_local_scale,7,35.0,73.79576675195683
external_dual_three_phase_flt4zv_load_35nm,35.0,4,v,False,2,2,211.24187066369575,False,fault_test,0.04,True,False,spline_local_scale,7,35.0,73.79576675195683
external_dual_three_phase_flt4zv_load_35nm,35.0,4,v,False,3,2,392.18823650569107,False,fault_test,0.04,True,False,spline_local_scale,7,35.0,73.79576675195683
external_dual_three_phase_flt4zv_load_35nm,35.0,4,v,False,4,2,637.2649446968394,False,fault_test,0.04,True,False,spline_local_scale,7,35.0,73.79576675195683
external_dual_three_phase_flt4zv_load_35nm,35.0,4,v,False,5,2,920.9886582114838,False,fault_test,0.04,True,False,spline_local_scale,7,35.0,73.79576675195683
external_dual_three_phase_flt4zv_load_35nm,35.0,4,v,False,6,2,1507.136472829041,False,fault_test,0.04,True,False,spline_local_scale,7,35.0,73.79576675195683
external_dual_three_phase_flt4zv_load_35nm,35.0,4,v,False,7,2,2979.0889863073953,False,fault_test,0.04,True,False,spline_local_scale,7,35.0,73.79576675195683
external_dual_three_phase_flt5zu_load_35nm,35.0,5,u,False,0,2,69.44102010573882,False,fault_test,0.08,False,False,spline_local_scale,7,35.0,73.79576675195683
external_dual_three_phase_flt5zu_load_35nm,35.0,5,u,False,1,2,111.95769158831254,False,fault_test,0.04,True,False,spline_local_scale,7,35.0,73.79576675195683
external_dual_three_phase_flt5zu_load_35nm,35.0,5,u,False,2,2,212.32757783075908,False,fault_test,0.04,True,False,spline_local_scale,7,35.0,73.79576675195683
external_dual_three_phase_flt5zu_load_35nm,35.0,5,u,False,3,2,323.2338861871967,False,fault_test,0.04,True,False,spline_local_scale,7,35.0,73.79576675195683
external_dual_three_phase_flt5zu_load_35nm,35.0,5,u,False,4,2,545.5114875929339,False,fault_test,0.04,True,False,spline_local_scale,7,35.0,73.79576675195683
external_dual_three_phase_flt5zu_load_35nm,35.0,5,u,False,5,2,866.3554171634702,False,fault_test,0.04,True,False,spline_local_scale,7,35.0,73.79576675195683
external_dual_three_phase_flt5zu_load_35nm,35.0,5,u,False,6,2,1400.8189194842817,False,fault_test,0.04,True,False,spline_local_scale,7,35.0,73.79576675195683
external_dual_three_phase_flt5zu_load_35nm,35.0,5,u,False,7,2,2714.608422828532,False,fault_test,0.04,True,False,spline_local_scale,7,35.0,73.79576675195683
external_dual_three_phase_flt6zu_load_35nm,35.0,6,u,False,0,2,63.39297113658815,False,fault_test,0.08,False,False,spline_local_scale,7,35.0,73.79576675195683
external_dual_three_phase_flt6zu_load_35nm,35.0,6,u,False,1,2,123.93060429426248,False,fault_test,0.04,True,False,spline_local_scale,7,35.0,73.79576675195683
external_dual_three_phase_flt6zu_load_35nm,35.0,6,u,False,2,2,202.1095373116625,False,fault_test,0.04,True,False,spline_local_scale,7,35.0,73.79576675195683
external_dual_three_phase_flt6zu_load_35nm,35.0,6,u,False,3,2,356.1087670435086,False,fault_test,0.04,True,False,spline_local_scale,7,35.0,73.79576675195683
external_dual_three_phase_flt6zu_load_35nm,35.0,6,u,False,4,2,575.8323384437854,False,fault_test,0.04,True,False,spline_local_scale,7,35.0,73.79576675195683
external_dual_three_phase_flt6zu_load_35nm,35.0,6,u,False,5,2,958.2524914267427,False,fault_test,0.04,True,False,spline_local_scale,7,35.0,73.79576675195683
external_dual_three_phase_flt6zu_load_35nm,35.0,6,u,False,6,2,1471.4666467900433,False,fault_test,0.04,True,False,spline_local_scale,7,35.0,73.79576675195683
external_dual_three_phase_flt6zu_load_35nm,35.0,6,u,False,7,2,2867.4060085674105,False,fault_test,0.04,True,False,spline_local_scale,7,35.0,73.79576675195683
external_dual_three_phase_flt0z_load_15nm,15.0,0,,True,0,2,0.46925735963792,True,calibration,,False,False,isolation_forest,7,35.0,0.5045510254490273
external_dual_three_phase_flt0z_load_15nm,15.0,0,,True,1,2,0.3914798249248717,True,calibration,,False,False,isolation_forest,7,35.0,0.5045510254490273
external_dual_three_phase_flt0z_load_15nm,15.0,0,,True,2,2,0.3776173243411677,True,calibration,,False,False,isolation_forest,7,35.0,0.5045510254490273
external_dual_three_phase_flt0z_load_15nm,15.0,0,,True,3,2,0.3639112178661813,True,calibration,,False,False,isolation_forest,7,35.0,0.5045510254490273
external_dual_three_phase_flt0z_load_15nm,15.0,0,,True,4,2,0.3685843840073801,True,calibration,,False,False,isolation_forest,7,35.0,0.5045510254490273
external_dual_three_phase_flt0z_load_15nm,15.0,0,,True,5,2,0.3539862956092655,True,calibration,,False,False,isolation_forest,7,35.0,0.5045510254490273
external_dual_three_phase_flt0z_load_15nm,15.0,0,,True,6,2,0.3596173556354114,True,calibration,,False,False,isolation_forest,7,35.0,0.5045510254490273
external_dual_three_phase_flt0z_load_15nm,15.0,0,,True,7,2,0.3810941903699198,True,calibration,,False,False,isolation_forest,7,35.0,0.5045510254490273
external_dual_three_phase_flt0z_load_25nm,25.0,0,,True,0,2,0.45972158964602733,True,calibration,,False,False,isolation_forest,7,35.0,0.5045510254490273
external_dual_three_phase_flt0z_load_25nm,25.0,0,,True,1,2,0.38103945725473065,True,calibration,,False,False,isolation_forest,7,35.0,0.5045510254490273
external_dual_three_phase_flt0z_load_25nm,25.0,0,,True,2,2,0.3615526799487082,True,calibration,,False,False,isolation_forest,7,35.0,0.5045510254490273
external_dual_three_phase_flt0z_load_25nm,25.0,0,,True,3,2,0.35058640080390596,True,calibration,,False,False,isolation_forest,7,35.0,0.5045510254490273
external_dual_three_phase_flt0z_load_25nm,25.0,0,,True,4,2,0.3477436323275786,True,calibration,,False,False,isolation_forest,7,35.0,0.5045510254490273
external_dual_three_phase_flt0z_load_25nm,25.0,0,,True,5,2,0.3461518918461559,True,calibration,,False,False,isolation_forest,7,35.0,0.5045510254490273
external_dual_three_phase_flt0z_load_25nm,25.0,0,,True,6,2,0.3501840179139552,True,calibration,,False,False,isolation_forest,7,35.0,0.5045510254490273
external_dual_three_phase_flt0z_load_25nm,25.0,0,,True,7,2,0.3625074611581139,True,calibration,,False,False,isolation_forest,7,35.0,0.5045510254490273
external_dual_three_phase_flt0z_load_35nm,35.0,0,,True,0,2,0.4705682426312296,False,health_test,0.08,False,False,isolation_forest,7,35.0,0.5045510254490273
external_dual_three_phase_flt0z_load_35nm,35.0,0,,True,1,2,0.38014962432241634,False,health_test,0.56,False,False,isolation_forest,7,35.0,0.5045510254490273
external_dual_three_phase_flt0z_load_35nm,35.0,0,,True,2,2,0.36006904133076933,False,health_test,0.76,False,False,isolation_forest,7,35.0,0.5045510254490273
external_dual_three_phase_flt0z_load_35nm,35.0,0,,True,3,2,0.3587629720867854,False,health_test,0.8,False,False,isolation_forest,7,35.0,0.5045510254490273
external_dual_three_phase_flt0z_load_35nm,35.0,0,,True,4,2,0.35994213261128716,False,health_test,0.76,False,False,isolation_forest,7,35.0,0.5045510254490273
external_dual_three_phase_flt0z_load_35nm,35.0,0,,True,5,2,0.3563675248991923,False,health_test,0.8,False,False,isolation_forest,7,35.0,0.5045510254490273
external_dual_three_phase_flt0z_load_35nm,35.0,0,,True,6,2,0.3495465899062617,False,health_test,0.92,False,False,isolation_forest,7,35.0,0.5045510254490273
external_dual_three_phase_flt0z_load_35nm,35.0,0,,True,7,2,0.36401220381934474,False,health_test,0.64,False,False,isolation_forest,7,35.0,0.5045510254490273
external_dual_three_phase_flt0z_load_5nm,5.0,0,,True,0,2,0.5045510254490273,True,calibration,,False,False,isolation_forest,7,35.0,0.5045510254490273
external_dual_three_phase_flt0z_load_5nm,5.0,0,,True,1,2,0.4291354235712827,True,calibration,,False,False,isolation_forest,7,35.0,0.5045510254490273
external_dual_three_phase_flt0z_load_5nm,5.0,0,,True,2,2,0.41795035881605186,True,calibration,,False,False,isolation_forest,7,35.0,0.5045510254490273
external_dual_three_phase_flt0z_load_5nm,5.0,0,,True,3,2,0.42507835707256014,True,calibration,,False,False,isolation_forest,7,35.0,0.5045510254490273
external_dual_three_phase_flt0z_load_5nm,5.0,0,,True,4,2,0.43309496499170275,True,calibration,,False,False,isolation_forest,7,35.0,0.5045510254490273
external_dual_three_phase_flt0z_load_5nm,5.0,0,,True,5,2,0.4317673822607201,True,calibration,,False,False,isolation_forest,7,35.0,0.5045510254490273
external_dual_three_phase_flt0z_load_5nm,5.0,0,,True,6,2,0.4481349299875144,True,calibration,,False,False,isolation_forest,7,35.0,0.5045510254490273
external_dual_three_phase_flt0z_load_5nm,5.0,0,,True,7,2,0.46728323604134053,True,calibration,,False,False,isolation_forest,7,35.0,0.5045510254490273
external_dual_three_phase_flt1zu_load_35nm,35.0,1,u,False,0,2,0.47972446568901084,False,fault_test,0.08,False,False,isolation_forest,7,35.0,0.5045510254490273
external_dual_three_phase_flt1zu_load_35nm,35.0,1,u,False,1,2,0.403620452696249,False,fault_test,0.44,False,False,isolation_forest,7,35.0,0.5045510254490273
external_dual_three_phase_flt1zu_load_35nm,35.0,1,u,False,2,2,0.39788072453507883,False,fault_test,0.44,False,False,isolation_forest,7,35.0,0.5045510254490273
external_dual_three_phase_flt1zu_load_35nm,35.0,1,u,False,3,2,0.41655750236058986,False,fault_test,0.44,False,False,isolation_forest,7,35.0,0.5045510254490273
external_dual_three_phase_flt1zu_load_35nm,35.0,1,u,False,4,2,0.41961718209530785,False,fault_test,0.4,False,False,isolation_forest,7,35.0,0.5045510254490273
external_dual_three_phase_flt1zu_load_35nm,35.0,1,u,False,5,2,0.4253552479114544,False,fault_test,0.36,False,False,isolation_forest,7,35.0,0.5045510254490273
external_dual_three_phase_flt1zu_load_35nm,35.0,1,u,False,6,2,0.4507043215343232,False,fault_test,0.2,False,False,isolation_forest,7,35.0,0.5045510254490273
external_dual_three_phase_flt1zu_load_35nm,35.0,1,u,False,7,2,0.474068559300973,False,fault_test,0.08,False,False,isolation_forest,7,35.0,0.5045510254490273
external_dual_three_phase_flt2zv_load_35nm,35.0,2,v,False,0,2,0.45830756462653366,False,fault_test,0.2,False,False,isolation_forest,7,35.0,0.5045510254490273
external_dual_three_phase_flt2zv_load_35nm,35.0,2,v,False,1,2,0.38889447016968204,False,fault_test,0.48,False,False,isolation_forest,7,35.0,0.5045510254490273
external_dual_three_phase_flt2zv_load_35nm,35.0,2,v,False,2,2,0.4390123009044115,False,fault_test,0.24,False,False,isolation_forest,7,35.0,0.5045510254490273
external_dual_three_phase_flt2zv_load_35nm,35.0,2,v,False,3,2,0.45974782098754907,False,fault_test,0.16,False,False,isolation_forest,7,35.0,0.5045510254490273
external_dual_three_phase_flt2zv_load_35nm,35.0,2,v,False,4,2,0.4877684017700529,False,fault_test,0.08,False,False,isolation_forest,7,35.0,0.5045510254490273
external_dual_three_phase_flt2zv_load_35nm,35.0,2,v,False,5,2,0.513817202550147,False,fault_test,0.04,True,False,isolation_forest,7,35.0,0.5045510254490273
external_dual_three_phase_flt2zv_load_35nm,35.0,2,v,False,6,2,0.5510668095570997,False,fault_test,0.04,True,False,isolation_forest,7,35.0,0.5045510254490273
external_dual_three_phase_flt2zv_load_35nm,35.0,2,v,False,7,2,0.5770462253858284,False,fault_test,0.04,True,False,isolation_forest,7,35.0,0.5045510254490273
external_dual_three_phase_flt3zu_load_35nm,35.0,3,u,False,0,2,0.4839907267971381,False,fault_test,0.08,False,False,isolation_forest,7,35.0,0.5045510254490273
external_dual_three_phase_flt3zu_load_35nm,35.0,3,u,False,1,2,0.443212183958467,False,fault_test,0.24,False,False,isolation_forest,7,35.0,0.5045510254490273
external_dual_three_phase_flt3zu_load_35nm,35.0,3,u,False,2,2,0.4445126475129687,False,fault_test,0.24,False,False,isolation_forest,7,35.0,0.5045510254490273
external_dual_three_phase_flt3zu_load_35nm,35.0,3,u,False,3,2,0.4583620293051164,False,fault_test,0.2,False,False,isolation_forest,7,35.0,0.5045510254490273
external_dual_three_phase_flt3zu_load_35nm,35.0,3,u,False,4,2,0.482366735309767,False,fault_test,0.08,False,False,isolation_forest,7,35.0,0.5045510254490273
external_dual_three_phase_flt3zu_load_35nm,35.0,3,u,False,5,2,0.5067516147757632,False,fault_test,0.04,True,False,isolation_forest,7,35.0,0.5045510254490273
external_dual_three_phase_flt3zu_load_35nm,35.0,3,u,False,6,2,0.5326983382955442,False,fault_test,0.04,True,False,isolation_forest,7,35.0,0.5045510254490273
external_dual_three_phase_flt3zu_load_35nm,35.0,3,u,False,7,2,0.5542350884528766,False,fault_test,0.04,True,False,isolation_forest,7,35.0,0.5045510254490273
external_dual_three_phase_flt4zv_load_35nm,35.0,4,v,False,0,2,0.4534372065222962,False,fault_test,0.2,False,False,isolation_forest,7,35.0,0.5045510254490273
external_dual_three_phase_flt4zv_load_35nm,35.0,4,v,False,1,2,0.4381285684103795,False,fault_test,0.24,False,False,isolation_forest,7,35.0,0.5045510254490273
external_dual_three_phase_flt4zv_load_35nm,35.0,4,v,False,2,2,0.4766290896485783,False,fault_test,0.08,False,False,isolation_forest,7,35.0,0.5045510254490273
external_dual_three_phase_flt4zv_load_35nm,35.0,4,v,False,3,2,0.511258938329241,False,fault_test,0.04,True,False,isolation_forest,7,35.0,0.5045510254490273
external_dual_three_phase_flt4zv_load_35nm,35.0,4,v,False,4,2,0.5379240383463983,False,fault_test,0.04,True,False,isolation_forest,7,35.0,0.5045510254490273
external_dual_three_phase_flt4zv_load_35nm,35.0,4,v,False,5,2,0.5591853007181169,False,fault_test,0.04,True,False,isolation_forest,7,35.0,0.5045510254490273
external_dual_three_phase_flt4zv_load_35nm,35.0,4,v,False,6,2,0.5888251841641674,False,fault_test,0.04,True,False,isolation_forest,7,35.0,0.5045510254490273
external_dual_three_phase_flt4zv_load_35nm,35.0,4,v,False,7,2,0.606507810571063,False,fault_test,0.04,True,False,isolation_forest,7,35.0,0.5045510254490273
external_dual_three_phase_flt5zu_load_35nm,35.0,5,u,False,0,2,0.49250208864846445,False,fault_test,0.08,False,False,isolation_forest,7,35.0,0.5045510254490273
external_dual_three_phase_flt5zu_load_35nm,35.0,5,u,False,1,2,0.44371270016315156,False,fault_test,0.24,False,False,isolation_forest,7,35.0,0.5045510254490273
external_dual_three_phase_flt5zu_load_35nm,35.0,5,u,False,2,2,0.4699922664335596,False,fault_test,0.08,False,False,isolation_forest,7,35.0,0.5045510254490273
external_dual_three_phase_flt5zu_load_35nm,35.0,5,u,False,3,2,0.49153628016914164,False,fault_test,0.08,False,False,isolation_forest,7,35.0,0.5045510254490273
external_dual_three_phase_flt5zu_load_35nm,35.0,5,u,False,4,2,0.5088154143193309,False,fault_test,0.04,True,False,isolation_forest,7,35.0,0.5045510254490273
external_dual_three_phase_flt5zu_load_35nm,35.0,5,u,False,5,2,0.5117506419205083,False,fault_test,0.04,True,False,isolation_forest,7,35.0,0.5045510254490273
external_dual_three_phase_flt5zu_load_35nm,35.0,5,u,False,6,2,0.5312602066371416,False,fault_test,0.04,True,False,isolation_forest,7,35.0,0.5045510254490273
external_dual_three_phase_flt5zu_load_35nm,35.0,5,u,False,7,2,0.5511441249749145,False,fault_test,0.04,True,False,isolation_forest,7,35.0,0.5045510254490273
external_dual_three_phase_flt6zu_load_35nm,35.0,6,u,False,0,2,0.4845487719158532,False,fault_test,0.08,False,False,isolation_forest,7,35.0,0.5045510254490273
external_dual_three_phase_flt6zu_load_35nm,35.0,6,u,False,1,2,0.45676957215957203,False,fault_test,0.2,False,False,isolation_forest,7,35.0,0.5045510254490273
external_dual_three_phase_flt6zu_load_35nm,35.0,6,u,False,2,2,0.4720195944499415,False,fault_test,0.08,False,False,isolation_forest,7,35.0,0.5045510254490273
external_dual_three_phase_flt6zu_load_35nm,35.0,6,u,False,3,2,0.49533361197618037,False,fault_test,0.08,False,False,isolation_forest,7,35.0,0.5045510254490273
external_dual_three_phase_flt6zu_load_35nm,35.0,6,u,False,4,2,0.5103684351729973,False,fault_test,0.04,True,False,isolation_forest,7,35.0,0.5045510254490273
external_dual_three_phase_flt6zu_load_35nm,35.0,6,u,False,5,2,0.5139084732238536,False,fault_test,0.04,True,False,isolation_forest,7,35.0,0.5045510254490273
external_dual_three_phase_flt6zu_load_35nm,35.0,6,u,False,6,2,0.5359937776323774,False,fault_test,0.04,True,False,isolation_forest,7,35.0,0.5045510254490273
external_dual_three_phase_flt6zu_load_35nm,35.0,6,u,False,7,2,0.5553886855760745,False,fault_test,0.04,True,False,isolation_forest,7,35.0,0.5045510254490273
external_dual_three_phase_flt0z_load_15nm,15.0,0,,True,0,2,474691.8707535633,True,calibration,,False,False,min_cov_det,7,35.0,474691.8707535633
external_dual_three_phase_flt0z_load_15nm,15.0,0,,True,1,2,20866.62741891789,True,calibration,,False,False,min_cov_det,7,35.0,474691.8707535633
external_dual_three_phase_flt0z_load_15nm,15.0,0,,True,2,2,378.0785631006512,True,calibration,,False,False,min_cov_det,7,35.0,474691.8707535633
external_dual_three_phase_flt0z_load_15nm,15.0,0,,True,3,2,85.30846064236967,True,calibration,,False,False,min_cov_det,7,35.0,474691.8707535633
external_dual_three_phase_flt0z_load_15nm,15.0,0,,True,4,2,62.75945251446434,True,calibration,,False,False,min_cov_det,7,35.0,474691.8707535633
external_dual_three_phase_flt0z_load_15nm,15.0,0,,True,5,2,69.07555463935613,True,calibration,,False,False,min_cov_det,7,35.0,474691.8707535633
external_dual_three_phase_flt0z_load_15nm,15.0,0,,True,6,2,70.50689817516893,True,calibration,,False,False,min_cov_det,7,35.0,474691.8707535633
external_dual_three_phase_flt0z_load_15nm,15.0,0,,True,7,2,76.45427074139309,True,calibration,,False,False,min_cov_det,7,35.0,474691.8707535633
external_dual_three_phase_flt0z_load_25nm,25.0,0,,True,0,2,444080.7030647724,True,calibration,,False,False,min_cov_det,7,35.0,474691.8707535633
external_dual_three_phase_flt0z_load_25nm,25.0,0,,True,1,2,21699.494090842738,True,calibration,,False,False,min_cov_det,7,35.0,474691.8707535633
external_dual_three_phase_flt0z_load_25nm,25.0,0,,True,2,2,346.3897814585931,True,calibration,,False,False,min_cov_det,7,35.0,474691.8707535633
external_dual_three_phase_flt0z_load_25nm,25.0,0,,True,3,2,36.42341271624179,True,calibration,,False,False,min_cov_det,7,35.0,474691.8707535633
external_dual_three_phase_flt0z_load_25nm,25.0,0,,True,4,2,34.54017128568055,True,calibration,,False,False,min_cov_det,7,35.0,474691.8707535633
external_dual_three_phase_flt0z_load_25nm,25.0,0,,True,5,2,22.53653256476954,True,calibration,,False,False,min_cov_det,7,35.0,474691.8707535633
external_dual_three_phase_flt0z_load_25nm,25.0,0,,True,6,2,23.280201025807205,True,calibration,,False,False,min_cov_det,7,35.0,474691.8707535633
external_dual_three_phase_flt0z_load_25nm,25.0,0,,True,7,2,47.03838203135236,True,calibration,,False,False,min_cov_det,7,35.0,474691.8707535633
external_dual_three_phase_flt0z_load_35nm,35.0,0,,True,0,2,494751.21722465864,False,health_test,0.04,True,False,min_cov_det,7,35.0,474691.8707535633
external_dual_three_phase_flt0z_load_35nm,35.0,0,,True,1,2,18930.078932347675,False,health_test,0.28,False,False,min_cov_det,7,35.0,474691.8707535633
external_dual_three_phase_flt0z_load_35nm,35.0,0,,True,2,2,310.32834077489423,False,health_test,0.6,False,False,min_cov_det,7,35.0,474691.8707535633
external_dual_three_phase_flt0z_load_35nm,35.0,0,,True,3,2,31.62903965607758,False,health_test,0.92,False,False,min_cov_det,7,35.0,474691.8707535633
external_dual_three_phase_flt0z_load_35nm,35.0,0,,True,4,2,25.90597932502007,False,health_test,0.92,False,False,min_cov_det,7,35.0,474691.8707535633
external_dual_three_phase_flt0z_load_35nm,35.0,0,,True,5,2,29.584136067462875,False,health_test,0.92,False,False,min_cov_det,7,35.0,474691.8707535633
external_dual_three_phase_flt0z_load_35nm,35.0,0,,True,6,2,28.18454055661904,False,health_test,0.92,False,False,min_cov_det,7,35.0,474691.8707535633
external_dual_three_phase_flt0z_load_35nm,35.0,0,,True,7,2,51.01434046016596,False,health_test,0.8,False,False,min_cov_det,7,35.0,474691.8707535633
external_dual_three_phase_flt0z_load_5nm,5.0,0,,True,0,2,461060.73830034793,True,calibration,,False,False,min_cov_det,7,35.0,474691.8707535633
external_dual_three_phase_flt0z_load_5nm,5.0,0,,True,1,2,19995.76901375817,True,calibration,,False,False,min_cov_det,7,35.0,474691.8707535633
external_dual_three_phase_flt0z_load_5nm,5.0,0,,True,2,2,847.7221310845365,True,calibration,,False,False,min_cov_det,7,35.0,474691.8707535633
external_dual_three_phase_flt0z_load_5nm,5.0,0,,True,3,2,1815.6320878084148,True,calibration,,False,False,min_cov_det,7,35.0,474691.8707535633
external_dual_three_phase_flt0z_load_5nm,5.0,0,,True,4,2,7517.848682746946,True,calibration,,False,False,min_cov_det,7,35.0,474691.8707535633
external_dual_three_phase_flt0z_load_5nm,5.0,0,,True,5,2,8201.393410818013,True,calibration,,False,False,min_cov_det,7,35.0,474691.8707535633
external_dual_three_phase_flt0z_load_5nm,5.0,0,,True,6,2,9624.683926769509,True,calibration,,False,False,min_cov_det,7,35.0,474691.8707535633
external_dual_three_phase_flt0z_load_5nm,5.0,0,,True,7,2,10788.085494262028,True,calibration,,False,False,min_cov_det,7,35.0,474691.8707535633
external_dual_three_phase_flt1zu_load_35nm,35.0,1,u,False,0,2,480920.7312435326,False,fault_test,0.04,True,False,min_cov_det,7,35.0,474691.8707535633
external_dual_three_phase_flt1zu_load_35nm,35.0,1,u,False,1,2,18735.7934785122,False,fault_test,0.28,False,False,min_cov_det,7,35.0,474691.8707535633
external_dual_three_phase_flt1zu_load_35nm,35.0,1,u,False,2,2,360.1921857119363,False,fault_test,0.56,False,False,min_cov_det,7,35.0,474691.8707535633
external_dual_three_phase_flt1zu_load_35nm,35.0,1,u,False,3,2,611.7164646188545,False,fault_test,0.52,False,False,min_cov_det,7,35.0,474691.8707535633
external_dual_three_phase_flt1zu_load_35nm,35.0,1,u,False,4,2,1071.7341756839576,False,fault_test,0.48,False,False,min_cov_det,7,35.0,474691.8707535633
external_dual_three_phase_flt1zu_load_35nm,35.0,1,u,False,5,2,1377.576840997807,False,fault_test,0.48,False,False,min_cov_det,7,35.0,474691.8707535633
external_dual_three_phase_flt1zu_load_35nm,35.0,1,u,False,6,2,2215.2627123506977,False,fault_test,0.44,False,False,min_cov_det,7,35.0,474691.8707535633
external_dual_three_phase_flt1zu_load_35nm,35.0,1,u,False,7,2,3897.483930035909,False,fault_test,0.44,False,False,min_cov_det,7,35.0,474691.8707535633
external_dual_three_phase_flt2zv_load_35nm,35.0,2,v,False,0,2,476111.03970490553,False,fault_test,0.04,True,False,min_cov_det,7,35.0,474691.8707535633
external_dual_three_phase_flt2zv_load_35nm,35.0,2,v,False,1,2,19137.834182883227,False,fault_test,0.28,False,False,min_cov_det,7,35.0,474691.8707535633
external_dual_three_phase_flt2zv_load_35nm,35.0,2,v,False,2,2,490.83298552067043,False,fault_test,0.52,False,False,min_cov_det,7,35.0,474691.8707535633
external_dual_three_phase_flt2zv_load_35nm,35.0,2,v,False,3,2,1963.1367526847384,False,fault_test,0.44,False,False,min_cov_det,7,35.0,474691.8707535633
external_dual_three_phase_flt2zv_load_35nm,35.0,2,v,False,4,2,8184.410579838115,False,fault_test,0.4,False,False,min_cov_det,7,35.0,474691.8707535633
external_dual_three_phase_flt2zv_load_35nm,35.0,2,v,False,5,2,21661.526431217055,False,fault_test,0.2,False,False,min_cov_det,7,35.0,474691.8707535633
external_dual_three_phase_flt2zv_load_35nm,35.0,2,v,False,6,2,47775.62325236318,False,fault_test,0.16,False,False,min_cov_det,7,35.0,474691.8707535633
external_dual_three_phase_flt2zv_load_35nm,35.0,2,v,False,7,2,91434.78923064569,False,fault_test,0.16,False,False,min_cov_det,7,35.0,474691.8707535633
external_dual_three_phase_flt3zu_load_35nm,35.0,3,u,False,0,2,455242.3872935618,False,fault_test,0.12,False,False,min_cov_det,7,35.0,474691.8707535633
external_dual_three_phase_flt3zu_load_35nm,35.0,3,u,False,1,2,20583.694456334546,False,fault_test,0.24,False,False,min_cov_det,7,35.0,474691.8707535633
external_dual_three_phase_flt3zu_load_35nm,35.0,3,u,False,2,2,3201.0374002130975,False,fault_test,0.44,False,False,min_cov_det,7,35.0,474691.8707535633
external_dual_three_phase_flt3zu_load_35nm,35.0,3,u,False,3,2,5089.810039053443,False,fault_test,0.44,False,False,min_cov_det,7,35.0,474691.8707535633
external_dual_three_phase_flt3zu_load_35nm,35.0,3,u,False,4,2,7650.895742304903,False,fault_test,0.4,False,False,min_cov_det,7,35.0,474691.8707535633
external_dual_three_phase_flt3zu_load_35nm,35.0,3,u,False,5,2,11889.250022511238,False,fault_test,0.28,False,False,min_cov_det,7,35.0,474691.8707535633
external_dual_three_phase_flt3zu_load_35nm,35.0,3,u,False,6,2,18386.705772806374,False,fault_test,0.28,False,False,min_cov_det,7,35.0,474691.8707535633
external_dual_three_phase_flt3zu_load_35nm,35.0,3,u,False,7,2,29234.87304256858,False,fault_test,0.16,False,False,min_cov_det,7,35.0,474691.8707535633
external_dual_three_phase_flt4zv_load_35nm,35.0,4,v,False,0,2,454223.05269363895,False,fault_test,0.12,False,False,min_cov_det,7,35.0,474691.8707535633
external_dual_three_phase_flt4zv_load_35nm,35.0,4,v,False,1,2,21440.992021102993,False,fault_test,0.2,False,False,min_cov_det,7,35.0,474691.8707535633
external_dual_three_phase_flt4zv_load_35nm,35.0,4,v,False,2,2,3491.3072999208716,False,fault_test,0.44,False,False,min_cov_det,7,35.0,474691.8707535633
external_dual_three_phase_flt4zv_load_35nm,35.0,4,v,False,3,2,13606.938162314613,False,fault_test,0.28,False,False,min_cov_det,7,35.0,474691.8707535633
external_dual_three_phase_flt4zv_load_35nm,35.0,4,v,False,4,2,35942.55947390952,False,fault_test,0.16,False,False,min_cov_det,7,35.0,474691.8707535633
external_dual_three_phase_flt4zv_load_35nm,35.0,4,v,False,5,2,65892.01487582267,False,fault_test,0.16,False,False,min_cov_det,7,35.0,474691.8707535633
external_dual_three_phase_flt4zv_load_35nm,35.0,4,v,False,6,2,130047.09883398391,False,fault_test,0.16,False,False,min_cov_det,7,35.0,474691.8707535633
external_dual_three_phase_flt4zv_load_35nm,35.0,4,v,False,7,2,205014.59259265,False,fault_test,0.16,False,False,min_cov_det,7,35.0,474691.8707535633
external_dual_three_phase_flt5zu_load_35nm,35.0,5,u,False,0,2,435775.47282902006,False,fault_test,0.16,False,False,min_cov_det,7,35.0,474691.8707535633
external_dual_three_phase_flt5zu_load_35nm,35.0,5,u,False,1,2,19915.820664588493,False,fault_test,0.28,False,False,min_cov_det,7,35.0,474691.8707535633
external_dual_three_phase_flt5zu_load_35nm,35.0,5,u,False,2,2,2342.2019747853583,False,fault_test,0.44,False,False,min_cov_det,7,35.0,474691.8707535633
external_dual_three_phase_flt5zu_load_35nm,35.0,5,u,False,3,2,3537.9916292117814,False,fault_test,0.44,False,False,min_cov_det,7,35.0,474691.8707535633
external_dual_three_phase_flt5zu_load_35nm,35.0,5,u,False,4,2,5517.672055092946,False,fault_test,0.44,False,False,min_cov_det,7,35.0,474691.8707535633
external_dual_three_phase_flt5zu_load_35nm,35.0,5,u,False,5,2,6800.058736669753,False,fault_test,0.44,False,False,min_cov_det,7,35.0,474691.8707535633
external_dual_three_phase_flt5zu_load_35nm,35.0,5,u,False,6,2,10117.614920000666,False,fault_test,0.32,False,False,min_cov_det,7,35.0,474691.8707535633
external_dual_three_phase_flt5zu_load_35nm,35.0,5,u,False,7,2,15579.862102898509,False,fault_test,0.28,False,False,min_cov_det,7,35.0,474691.8707535633
external_dual_three_phase_flt6zu_load_35nm,35.0,6,u,False,0,2,485806.2197403993,False,fault_test,0.04,True,False,min_cov_det,7,35.0,474691.8707535633
external_dual_three_phase_flt6zu_load_35nm,35.0,6,u,False,1,2,17314.683995558386,False,fault_test,0.28,False,False,min_cov_det,7,35.0,474691.8707535633
external_dual_three_phase_flt6zu_load_35nm,35.0,6,u,False,2,2,2441.617828185258,False,fault_test,0.44,False,False,min_cov_det,7,35.0,474691.8707535633
external_dual_three_phase_flt6zu_load_35nm,35.0,6,u,False,3,2,3861.246078666423,False,fault_test,0.44,False,False,min_cov_det,7,35.0,474691.8707535633
external_dual_three_phase_flt6zu_load_35nm,35.0,6,u,False,4,2,5732.626638566329,False,fault_test,0.44,False,False,min_cov_det,7,35.0,474691.8707535633
external_dual_three_phase_flt6zu_load_35nm,35.0,6,u,False,5,2,7151.322259228597,False,fault_test,0.44,False,False,min_cov_det,7,35.0,474691.8707535633
external_dual_three_phase_flt6zu_load_35nm,35.0,6,u,False,6,2,11036.632523891529,False,fault_test,0.28,False,False,min_cov_det,7,35.0,474691.8707535633
external_dual_three_phase_flt6zu_load_35nm,35.0,6,u,False,7,2,15980.322866792312,False,fault_test,0.28,False,False,min_cov_det,7,35.0,474691.8707535633
