record_id,speed_rpm,torque_setting_code,fault_family,terminal_a,terminal_b,fault_span_percent,pre_windows,pre_max_score,pre_raw_alarms,pre_actionable_alarms,pre_any_raw_alarm,pre_any_actionable_alarm,pre_full_support,fault_windows,fault_max_score,fault_raw_alarms,fault_actionable_alarms,fault_any_raw_alarm,fault_any_actionable_alarm,fault_full_support,recovery_windows,recovery_max_score,recovery_raw_alarms,recovery_actionable_alarms,recovery_any_raw_alarm,recovery_any_actionable_alarm,recovery_full_support,first_alarm_window,command_to_alarm_s,delay_right_censored_beyond_0p4s,pre_session_false_alarm,fault_record_detection,fault_record_abstention,method
fault_turns_d01_d04_r026_s1200_t52,1200,52,turns,D01,D04,12.04,3,67.79501820098413,2,2,True,True,True,2,172.76100461871738,2,2,True,True,True,6,42.93230747793653,2,2,True,True,True,0.0,0.2,False,True,True,False,unconditioned_residual
fault_turns_d01_d04_r026_s1200_t64,1200,64,turns,D01,D04,12.04,3,154.9552583778629,2,2,True,True,True,2,91.11592315516646,2,2,True,True,True,6,90.74763274773994,4,4,True,True,True,0.0,0.2,False,True,True,False,unconditioned_residual
fault_turns_d01_d04_r026_s1200_t80,1200,80,turns,D01,D04,12.04,3,48.49285934285164,1,1,True,True,True,2,31.83587432180082,0,0,False,False,True,6,29.88002680805204,0,0,False,False,True,,,True,True,False,False,unconditioned_residual
fault_turns_d01_d04_r026_s1500_t52,1500,52,turns,D01,D04,12.04,3,29.673353897472914,0,0,False,False,True,2,104.44251932428607,2,2,True,True,True,6,42.44018885035318,1,1,True,True,True,0.0,0.2,False,False,True,False,unconditioned_residual
fault_turns_d01_d04_r026_s1500_t64,1500,64,turns,D01,D04,12.04,3,21.11174270376229,0,0,False,False,True,2,100.92998033202663,2,2,True,True,True,6,45.5054963454519,3,3,True,True,True,0.0,0.2,False,False,True,False,unconditioned_residual
fault_turns_d01_d04_r026_s1500_t80,1500,80,turns,D01,D04,12.04,3,36.61176386593821,2,2,True,True,True,2,41.305926157036964,2,2,True,True,True,6,33.28491022679898,1,1,True,True,True,0.0,0.2,False,True,True,False,unconditioned_residual
fault_turns_d01_d04_r026_s1800_t52,1800,52,turns,D01,D04,12.04,3,40.30079934498286,1,1,True,True,True,2,179.28937778451893,2,2,True,True,True,6,113.32807276165393,1,1,True,True,True,0.0,0.2,False,True,True,False,unconditioned_residual
fault_turns_d01_d04_r026_s1800_t64,1800,64,turns,D01,D04,12.04,3,19.536630502886485,0,0,False,False,True,2,173.54595823907403,2,2,True,True,True,6,18.5447150428975,0,0,False,False,True,0.0,0.2,False,False,True,False,unconditioned_residual
fault_turns_d01_d04_r026_s1800_t80,1800,80,turns,D01,D04,12.04,3,20.33084156136762,0,0,False,False,True,2,76.50398252683148,2,2,True,True,True,6,90.94599405527757,6,6,True,True,True,0.0,0.2,False,False,True,False,unconditioned_residual
fault_turns_d02_d03_r026_s1200_t52,1200,52,turns,D02,D03,7.689999999999999,3,59.51975565605744,2,2,True,True,True,2,69.0585044530756,2,2,True,True,True,6,40.75209119620779,1,1,True,True,True,0.0,0.2,False,True,True,False,unconditioned_residual
fault_turns_d02_d03_r026_s1200_t64,1200,64,turns,D02,D03,7.689999999999999,3,52.329362498392086,1,1,True,True,True,2,31.987176672883486,0,0,False,False,True,6,22.503908819154127,0,0,False,False,True,,,True,True,False,False,unconditioned_residual
fault_turns_d02_d03_r026_s1200_t80,1200,80,turns,D02,D03,7.689999999999999,3,49.60183626393238,1,1,True,True,True,2,39.483856929738394,1,1,True,True,True,6,37.394216731728015,2,2,True,True,True,1.0,0.4,False,True,True,False,unconditioned_residual
fault_turns_d02_d03_r026_s1500_t52,1500,52,turns,D02,D03,7.689999999999999,3,32.756540291325486,1,1,True,True,True,2,41.64941293862202,1,1,True,True,True,6,70.75614328719983,3,3,True,True,True,1.0,0.4,False,True,True,False,unconditioned_residual
fault_turns_d02_d03_r026_s1500_t64,1500,64,turns,D02,D03,7.689999999999999,3,33.54516246346385,1,1,True,True,True,2,44.23512303750272,2,2,True,True,True,6,24.31251510611417,0,0,False,False,True,0.0,0.2,False,True,True,False,unconditioned_residual
fault_turns_d02_d03_r026_s1500_t80,1500,80,turns,D02,D03,7.689999999999999,3,31.982518994609507,0,0,False,False,True,2,31.02770713920738,0,0,False,False,True,6,25.14503818257548,0,0,False,False,True,,,True,False,False,False,unconditioned_residual
fault_turns_d02_d03_r026_s1800_t52,1800,52,turns,D02,D03,7.689999999999999,3,28.01260930542893,0,0,False,False,True,2,56.436654504910564,2,2,True,True,True,6,22.64985519032077,0,0,False,False,True,0.0,0.2,False,False,True,False,unconditioned_residual
fault_turns_d02_d03_r026_s1800_t64,1800,64,turns,D02,D03,7.689999999999999,3,13.074897174478991,0,0,False,False,True,2,22.698701671110165,0,0,False,False,True,6,14.077863072035262,0,0,False,False,True,,,True,False,False,False,unconditioned_residual
fault_turns_d02_d03_r026_s1800_t80,1800,80,turns,D02,D03,7.689999999999999,3,19.12880368187125,0,0,False,False,True,2,22.54038244484409,0,0,False,False,True,6,18.03168434319721,0,0,False,False,True,,,True,False,False,False,unconditioned_residual
fault_turns_d05_d08_r026_s1200_t52,1200,52,turns,D05,D08,12.1,3,52.12580965850107,2,2,True,True,True,2,149.86464371007065,2,2,True,True,True,6,45.58665543615004,1,1,True,True,True,0.0,0.2,False,True,True,False,unconditioned_residual
fault_turns_d05_d08_r026_s1200_t64,1200,64,turns,D05,D08,12.1,3,20.153455615636602,0,0,False,False,True,2,78.89857713309101,1,1,True,True,True,6,31.763816997582495,0,0,False,False,True,1.0,0.4,False,False,True,False,unconditioned_residual
fault_turns_d05_d08_r026_s1200_t80,1200,80,turns,D05,D08,12.1,3,22.373832245111288,0,0,False,False,True,2,48.876510161558,1,1,True,True,True,6,12.461932549632348,0,0,False,False,True,1.0,0.4,False,False,True,False,unconditioned_residual
fault_turns_d05_d08_r026_s1500_t52,1500,52,turns,D05,D08,12.1,3,131.9770584831767,3,3,True,True,True,2,131.9325645539376,2,2,True,True,True,6,57.17735244737643,5,5,True,True,True,0.0,0.2,False,True,True,False,unconditioned_residual
fault_turns_d05_d08_r026_s1500_t64,1500,64,turns,D05,D08,12.1,3,19.624885470795423,0,0,False,False,True,2,160.72821752523217,2,2,True,True,True,6,25.00329234627374,0,0,False,False,True,0.0,0.2,False,False,True,False,unconditioned_residual
fault_turns_d05_d08_r026_s1500_t80,1500,80,turns,D05,D08,12.1,3,42.84528983276203,3,3,True,True,True,2,84.50320709413697,2,2,True,True,True,6,1885.0237520360192,5,5,True,True,True,0.0,0.2,False,True,True,False,unconditioned_residual
fault_turns_d05_d08_r026_s1800_t52,1800,52,turns,D05,D08,12.1,3,23.767807243202785,0,0,False,False,True,2,182.7758465872156,2,2,True,True,True,6,51.20812968080756,1,1,True,True,True,0.0,0.2,False,False,True,False,unconditioned_residual
fault_turns_d05_d08_r026_s1800_t64,1800,64,turns,D05,D08,12.1,3,24.109409881235667,0,0,False,False,True,2,131.43194093363252,2,2,True,True,True,6,83.87675869168196,1,1,True,True,True,0.0,0.2,False,False,True,False,unconditioned_residual
fault_turns_d05_d08_r026_s1800_t80,1800,80,turns,D05,D08,12.1,3,26.218112640105154,0,0,False,False,True,2,89.35145900111542,2,2,True,True,True,6,32.43116457431949,1,1,True,True,True,0.0,0.2,False,False,True,False,unconditioned_residual
fault_turns_d06_d07_r026_s1200_t52,1200,52,turns,D06,D07,7.399999999999999,3,20.809125293356043,0,0,False,False,True,2,28.74994255707295,0,0,False,False,True,6,31.177141251230847,0,0,False,False,True,,,True,False,False,False,unconditioned_residual
fault_turns_d06_d07_r026_s1200_t64,1200,64,turns,D06,D07,7.399999999999999,3,24.457258525354096,0,0,False,False,True,2,25.208717347468642,0,0,False,False,True,6,19.43608324423392,0,0,False,False,True,,,True,False,False,False,unconditioned_residual
fault_turns_d06_d07_r026_s1200_t80,1200,80,turns,D06,D07,7.399999999999999,3,43.63239462032203,2,2,True,True,True,2,54.31874139708741,1,1,True,True,True,6,32.5358675576147,1,1,True,True,True,1.0,0.4,False,True,True,False,unconditioned_residual
fault_turns_d06_d07_r026_s1500_t52,1500,52,turns,D06,D07,7.399999999999999,3,55.461412792060756,3,3,True,True,True,2,80.77223066732137,2,2,True,True,True,6,44.06547551607643,2,2,True,True,True,0.0,0.2,False,True,True,False,unconditioned_residual
fault_turns_d06_d07_r026_s1500_t64,1500,64,turns,D06,D07,7.399999999999999,3,40.845303674171234,2,2,True,True,True,2,51.19700281929105,2,2,True,True,True,6,35.32473521275316,1,1,True,True,True,0.0,0.2,False,True,True,False,unconditioned_residual
fault_turns_d06_d07_r026_s1500_t80,1500,80,turns,D06,D07,7.399999999999999,3,67.84065827724473,1,1,True,True,True,2,29.129908922150154,0,0,False,False,True,6,24.509044661677404,0,0,False,False,True,,,True,True,False,False,unconditioned_residual
fault_turns_d06_d07_r026_s1800_t52,1800,52,turns,D06,D07,7.399999999999999,3,36.31018320860379,1,1,True,True,True,2,35.412129699580866,1,1,True,True,True,6,20.24110211102146,0,0,False,False,True,1.0,0.4,False,True,True,False,unconditioned_residual
fault_turns_d06_d07_r026_s1800_t64,1800,64,turns,D06,D07,7.399999999999999,3,19.11587589059335,0,0,False,False,True,2,20.143213150749663,0,0,False,False,True,6,18.43851404370346,0,0,False,False,True,,,True,False,False,False,unconditioned_residual
fault_turns_d06_d07_r026_s1800_t80,1800,80,turns,D06,D07,7.399999999999999,3,17.701195270480447,0,0,False,False,True,2,29.76519518955282,0,0,False,False,True,6,17.301210114902076,0,0,False,False,True,,,True,False,False,False,unconditioned_residual
fault_turns_d09_d10_r026_s1200_t52,1200,52,turns,D09,D10,2.799999999999997,3,52.647591494678,3,3,True,True,True,2,39.416590258369176,1,1,True,True,True,6,43.661625535384466,3,3,True,True,True,1.0,0.4,False,True,True,False,unconditioned_residual
fault_turns_d09_d10_r026_s1200_t64,1200,64,turns,D09,D10,2.799999999999997,3,49.00551838856544,1,1,True,True,True,2,29.874467788913563,0,0,False,False,True,6,33.348167477019324,1,1,True,True,True,,,True,True,False,False,unconditioned_residual
fault_turns_d09_d10_r026_s1200_t80,1200,80,turns,D09,D10,2.799999999999997,3,44.095398732045055,1,1,True,True,True,2,24.135199198099482,0,0,False,False,True,6,29.92754753706494,0,0,False,False,True,,,True,True,False,False,unconditioned_residual
fault_turns_d09_d10_r026_s1500_t52,1500,52,turns,D09,D10,2.799999999999997,3,35.725296664133026,2,2,True,True,True,2,78.77984181710366,2,2,True,True,True,6,131.28218085829934,6,6,True,True,True,0.0,0.2,False,True,True,False,unconditioned_residual
fault_turns_d09_d10_r026_s1500_t64,1500,64,turns,D09,D10,2.799999999999997,3,50.880804493010814,1,1,True,True,True,2,34.39258713998286,1,1,True,True,True,6,46.36859824243987,2,2,True,True,True,1.0,0.4,False,True,True,False,unconditioned_residual
fault_turns_d09_d10_r026_s1500_t80,1500,80,turns,D09,D10,2.799999999999997,3,23.159266816434915,0,0,False,False,True,2,15.98401571237123,0,0,False,False,True,6,57.67122976959038,3,3,True,True,True,,,True,False,False,False,unconditioned_residual
fault_turns_d09_d10_r026_s1800_t52,1800,52,turns,D09,D10,2.799999999999997,3,48.05783051463073,1,1,True,True,True,2,69.65949069996651,1,1,True,True,True,6,89.49203683648761,5,5,True,True,True,1.0,0.4,False,True,True,False,unconditioned_residual
fault_turns_d09_d10_r026_s1800_t64,1800,64,turns,D09,D10,2.799999999999997,3,58.59082985847135,1,1,True,True,True,2,46.82206158151317,1,1,True,True,True,6,68.19267019128212,4,4,True,True,True,1.0,0.4,False,True,True,False,unconditioned_residual
fault_turns_d09_d10_r026_s1800_t80,1800,80,turns,D09,D10,2.799999999999997,3,31.125337146124206,0,0,False,False,True,2,17.23723160380998,0,0,False,False,True,6,33.02796899429574,1,1,True,True,True,,,True,False,False,False,unconditioned_residual
fault_turns_d11_d12_r026_s1200_t52,1200,52,turns,D11,D12,2.699999999999996,3,46.904814908142285,2,2,True,True,True,2,41.961310537977084,1,1,True,True,True,6,23.62803744441473,0,0,False,False,True,0.0,0.2,False,True,True,False,unconditioned_residual
fault_turns_d11_d12_r026_s1200_t64,1200,64,turns,D11,D12,2.699999999999996,3,46.52934606290103,2,2,True,True,True,2,30.925499431504473,0,0,False,False,True,6,78.73372923986584,6,6,True,True,True,,,True,True,False,False,unconditioned_residual
fault_turns_d11_d12_r026_s1200_t80,1200,80,turns,D11,D12,2.699999999999996,3,57.017465805803546,1,1,True,True,True,2,18.500082777517974,0,0,False,False,True,6,30.157589054523406,0,0,False,False,True,,,True,True,False,False,unconditioned_residual
fault_turns_d11_d12_r026_s1500_t52,1500,52,turns,D11,D12,2.699999999999996,3,26.379585210966045,0,0,False,False,True,2,26.317392396172565,0,0,False,False,True,6,86.18456702304233,4,4,True,True,True,,,True,False,False,False,unconditioned_residual
fault_turns_d11_d12_r026_s1500_t64,1500,64,turns,D11,D12,2.699999999999996,3,56.99040510957717,3,3,True,True,True,2,51.014694746960245,2,2,True,True,True,6,31.809438910028785,0,0,False,False,True,0.0,0.2,False,True,True,False,unconditioned_residual
fault_turns_d11_d12_r026_s1500_t80,1500,80,turns,D11,D12,2.699999999999996,3,29.668644584065362,0,0,False,False,True,2,38.753287972310886,2,2,True,True,True,6,78.60026324551119,3,3,True,True,True,0.0,0.2,False,False,True,False,unconditioned_residual
fault_turns_d11_d12_r026_s1800_t52,1800,52,turns,D11,D12,2.699999999999996,3,64.57957848885418,3,3,True,True,True,2,36.47322987041862,1,1,True,True,True,6,142.77121901701713,4,4,True,True,True,1.0,0.4,False,True,True,False,unconditioned_residual
fault_turns_d11_d12_r026_s1800_t64,1800,64,turns,D11,D12,2.699999999999996,3,52.78717887375936,3,3,True,True,True,2,29.223234521399263,0,0,False,False,True,6,243.60475800506978,4,4,True,True,True,,,True,True,False,False,unconditioned_residual
fault_turns_d11_d12_r026_s1800_t80,1800,80,turns,D11,D12,2.699999999999996,3,34.92680206297981,1,1,True,True,True,2,11.942460608612993,0,0,False,False,True,6,60.97259235288173,1,1,True,True,True,,,True,True,False,False,unconditioned_residual
fault_turns_d13_d16_r026_s1200_t52,1200,52,turns,D13,D16,11.6,3,33.23746006210189,1,1,True,True,True,2,53.0553636565145,1,1,True,True,True,6,20.33116824824144,0,0,False,False,True,1.0,0.4,False,True,True,False,unconditioned_residual
fault_turns_d13_d16_r026_s1200_t64,1200,64,turns,D13,D16,11.6,3,11.167596968507766,0,0,False,False,True,2,44.41117057803356,1,1,True,True,True,6,52.02854703233247,1,1,True,True,True,0.0,0.2,False,False,True,False,unconditioned_residual
fault_turns_d13_d16_r026_s1200_t80,1200,80,turns,D13,D16,11.6,3,21.435287366875954,0,0,False,False,True,2,25.075468176693377,0,0,False,False,True,6,15.460523833792145,0,0,False,False,True,,,True,False,False,False,unconditioned_residual
fault_turns_d13_d16_r026_s1500_t52,1500,52,turns,D13,D16,11.6,3,60.236696116921976,3,3,True,True,True,2,103.27260189556725,2,2,True,True,True,6,27.72158818494325,0,0,False,False,True,0.0,0.2,False,True,True,False,unconditioned_residual
fault_turns_d13_d16_r026_s1500_t64,1500,64,turns,D13,D16,11.6,3,20.497340760933096,0,0,False,False,True,2,62.22760574765035,2,2,True,True,True,6,22.625952708849823,0,0,False,False,True,0.0,0.2,False,False,True,False,unconditioned_residual
fault_turns_d13_d16_r026_s1500_t80,1500,80,turns,D13,D16,11.6,3,31.815326805355785,0,0,False,False,True,2,48.042405558627465,1,1,True,True,True,6,35.49355604061812,1,1,True,True,True,1.0,0.4,False,False,True,False,unconditioned_residual
fault_turns_d13_d16_r026_s1800_t52,1800,52,turns,D13,D16,11.6,3,31.441768927595714,0,0,False,False,True,2,151.21596456959094,2,2,True,True,True,6,28.397463176894234,0,0,False,False,True,0.0,0.2,False,False,True,False,unconditioned_residual
fault_turns_d13_d16_r026_s1800_t64,1800,64,turns,D13,D16,11.6,3,12.609485723337894,0,0,False,False,True,2,84.43490985159845,1,1,True,True,True,6,17.0719843148639,0,0,False,False,True,1.0,0.4,False,False,True,False,unconditioned_residual
fault_turns_d13_d16_r026_s1800_t80,1800,80,turns,D13,D16,11.6,3,25.762085406206296,0,0,False,False,True,2,74.57894682129356,2,2,True,True,True,6,31.044945697905437,0,0,False,False,True,0.0,0.2,False,False,True,False,unconditioned_residual
fault_turns_d14_d15_r026_s1200_t52,1200,52,turns,D14,D15,7.400000000000006,3,37.48690106786117,1,1,True,True,True,2,19.25258699757881,0,0,False,False,True,6,51.036661008252615,3,3,True,True,True,,,True,True,False,False,unconditioned_residual
fault_turns_d14_d15_r026_s1200_t64,1200,64,turns,D14,D15,7.400000000000006,3,50.92048363527262,1,1,True,True,True,2,33.93095693558193,1,1,True,True,True,6,34.599715602682494,2,2,True,True,True,1.0,0.4,False,True,True,False,unconditioned_residual
fault_turns_d14_d15_r026_s1200_t80,1200,80,turns,D14,D15,7.400000000000006,3,78.11670100532982,1,1,True,True,True,2,31.94498890186124,0,0,False,False,True,6,29.365680231003623,0,0,False,False,True,,,True,True,False,False,unconditioned_residual
fault_turns_d14_d15_r026_s1500_t52,1500,52,turns,D14,D15,7.400000000000006,3,19.619030108299505,0,0,False,False,True,2,38.12918584071558,1,1,True,True,True,6,44.62919894025252,2,2,True,True,True,1.0,0.4,False,False,True,False,unconditioned_residual
fault_turns_d14_d15_r026_s1500_t64,1500,64,turns,D14,D15,7.400000000000006,3,22.082378372246072,0,0,False,False,True,2,23.287629981937503,0,0,False,False,True,6,44.812225368109026,4,4,True,True,True,,,True,False,False,False,unconditioned_residual
fault_turns_d14_d15_r026_s1500_t80,1500,80,turns,D14,D15,7.400000000000006,3,44.5185239353508,2,2,True,True,True,2,23.950580300767236,0,0,False,False,True,6,23.240257789581563,0,0,False,False,True,,,True,True,False,False,unconditioned_residual
fault_turns_d14_d15_r026_s1800_t52,1800,52,turns,D14,D15,7.400000000000006,3,31.217853394263173,0,0,False,False,True,2,45.577175600339984,2,2,True,True,True,6,80.58865322446204,3,3,True,True,True,0.0,0.2,False,False,True,False,unconditioned_residual
fault_turns_d14_d15_r026_s1800_t64,1800,64,turns,D14,D15,7.400000000000006,3,21.76728318381723,0,0,False,False,True,2,22.58924121557262,0,0,False,False,True,6,16.823017159111725,0,0,False,False,True,,,True,False,False,False,unconditioned_residual
fault_turns_d14_d15_r026_s1800_t80,1800,80,turns,D14,D15,7.400000000000006,3,19.289830233197232,0,0,False,False,True,2,13.263014029524811,0,0,False,False,True,6,12.654815393775735,0,0,False,False,True,,,True,False,False,False,unconditioned_residual
fault_turns_d17_d20_r026_s1200_t52,1200,52,turns,D17,D20,11.599999999999994,3,29.525879854228904,0,0,False,False,True,2,60.86282606438979,1,1,True,True,True,6,28.84506466677438,0,0,False,False,True,1.0,0.4,False,False,True,False,unconditioned_residual
fault_turns_d17_d20_r026_s1200_t64,1200,64,turns,D17,D20,11.599999999999994,3,47.55515536415933,2,2,True,True,True,2,60.66333292700983,1,1,True,True,True,6,24.930607998874592,0,0,False,False,True,1.0,0.4,False,True,True,False,unconditioned_residual
fault_turns_d17_d20_r026_s1200_t80,1200,80,turns,D17,D20,11.599999999999994,3,44.34562755171186,2,2,True,True,True,2,33.33212716431433,1,1,True,True,True,6,34.71709576092077,1,1,True,True,True,1.0,0.4,False,True,True,False,unconditioned_residual
fault_turns_d17_d20_r026_s1500_t52,1500,52,turns,D17,D20,11.599999999999994,3,26.32769458754279,0,0,False,False,True,2,87.64289406929889,2,2,True,True,True,6,35.50088257861151,2,2,True,True,True,0.0,0.2,False,False,True,False,unconditioned_residual
fault_turns_d17_d20_r026_s1500_t64,1500,64,turns,D17,D20,11.599999999999994,3,23.5301278844708,0,0,False,False,True,2,54.757930704472955,2,2,True,True,True,6,25.413661927398007,0,0,False,False,True,0.0,0.2,False,False,True,False,unconditioned_residual
fault_turns_d17_d20_r026_s1500_t80,1500,80,turns,D17,D20,11.599999999999994,3,20.941128410239543,0,0,False,False,True,2,40.23998648618621,1,1,True,True,True,6,28.448441325662515,0,0,False,False,True,1.0,0.4,False,False,True,False,unconditioned_residual
fault_turns_d17_d20_r026_s1800_t52,1800,52,turns,D17,D20,11.599999999999994,3,37.34240506914312,2,2,True,True,True,2,129.23966813983424,2,2,True,True,True,6,26.35536867814821,0,0,False,False,True,0.0,0.2,False,True,True,False,unconditioned_residual
fault_turns_d17_d20_r026_s1800_t64,1800,64,turns,D17,D20,11.599999999999994,3,12.470878368343854,0,0,False,False,True,2,89.48987457612867,2,2,True,True,True,6,21.23952451439733,0,0,False,False,True,0.0,0.2,False,False,True,False,unconditioned_residual
fault_turns_d17_d20_r026_s1800_t80,1800,80,turns,D17,D20,11.599999999999994,3,18.054476917722116,0,0,False,False,True,2,62.47552178972765,1,1,True,True,True,6,23.812397870134077,0,0,False,False,True,1.0,0.4,False,False,True,False,unconditioned_residual
fault_turns_d18_d19_r026_s1200_t52,1200,52,turns,D18,D19,7.400000000000006,3,55.59497756986407,3,3,True,True,True,2,42.618299752967346,1,1,True,True,True,6,35.56273527042457,1,1,True,True,True,1.0,0.4,False,True,True,False,unconditioned_residual
fault_turns_d18_d19_r026_s1200_t64,1200,64,turns,D18,D19,7.400000000000006,3,24.766374358232543,0,0,False,False,True,2,12.890720692597412,0,0,False,False,True,6,22.404425249509593,0,0,False,False,True,,,True,False,False,False,unconditioned_residual
fault_turns_d18_d19_r026_s1200_t80,1200,80,turns,D18,D19,7.400000000000006,3,36.301276483396904,1,1,True,True,True,2,48.46578600529364,1,1,True,True,True,6,14.87407599803054,0,0,False,False,True,0.0,0.2,False,True,True,False,unconditioned_residual
fault_turns_d18_d19_r026_s1500_t52,1500,52,turns,D18,D19,7.400000000000006,3,28.706924960374067,0,0,False,False,True,2,66.3729606628271,2,2,True,True,True,6,110.75913426365102,4,4,True,True,True,0.0,0.2,False,False,True,False,unconditioned_residual
fault_turns_d18_d19_r026_s1500_t64,1500,64,turns,D18,D19,7.400000000000006,3,50.08600022179638,1,1,True,True,True,2,45.5992017477856,2,2,True,True,True,6,35.93377405507977,2,2,True,True,True,0.0,0.2,False,True,True,False,unconditioned_residual
fault_turns_d18_d19_r026_s1500_t80,1500,80,turns,D18,D19,7.400000000000006,3,27.477403511867124,0,0,False,False,True,2,34.120670069223124,2,2,True,True,True,6,42.61454409070167,2,2,True,True,True,0.0,0.2,False,False,True,False,unconditioned_residual
fault_turns_d18_d19_r026_s1800_t52,1800,52,turns,D18,D19,7.400000000000006,3,31.828955850233577,0,0,False,False,True,2,45.214999638356915,1,1,True,True,True,6,37.805809757434744,1,1,True,True,True,1.0,0.4,False,False,True,False,unconditioned_residual
fault_turns_d18_d19_r026_s1800_t64,1800,64,turns,D18,D19,7.400000000000006,3,38.43889338154207,1,1,True,True,True,2,40.28190429404928,2,2,True,True,True,6,25.562754887567117,0,0,False,False,True,0.0,0.2,False,True,True,False,unconditioned_residual
fault_turns_d18_d19_r026_s1800_t80,1800,80,turns,D18,D19,7.400000000000006,3,18.96836090479575,0,0,False,False,True,2,15.844945352429555,0,0,False,False,True,6,13.756274413773216,0,0,False,False,True,,,True,False,False,False,unconditioned_residual
fault_turns_d21_d22_r026_s1200_t52,1200,52,turns,D21,D22,3.8000000000000114,3,34.818551865101846,2,2,True,True,True,2,76.05052224735472,1,1,True,True,True,6,60.19208297776829,5,5,True,True,True,0.0,0.2,False,True,True,False,unconditioned_residual
fault_turns_d21_d22_r026_s1200_t64,1200,64,turns,D21,D22,3.8000000000000114,3,42.69726410263898,1,1,True,True,True,2,26.411654726526663,0,0,False,False,True,6,18.391260442456918,0,0,False,False,True,,,True,True,False,False,unconditioned_residual
fault_turns_d21_d22_r026_s1200_t80,1200,80,turns,D21,D22,3.8000000000000114,3,37.16137706506861,1,1,True,True,True,2,19.65086663128488,0,0,False,False,True,6,34.93693494013445,1,1,True,True,True,,,True,True,False,False,unconditioned_residual
fault_turns_d21_d22_r026_s1500_t52,1500,52,turns,D21,D22,3.8000000000000114,3,44.77203531431488,1,1,True,True,True,2,44.453101907980745,1,1,True,True,True,6,140.71335864595255,5,5,True,True,True,1.0,0.4,False,True,True,False,unconditioned_residual
fault_turns_d21_d22_r026_s1500_t64,1500,64,turns,D21,D22,3.8000000000000114,3,42.647029719777166,1,1,True,True,True,2,31.750491040628347,0,0,False,False,True,6,59.407284951200666,3,3,True,True,True,,,True,True,False,False,unconditioned_residual
fault_turns_d21_d22_r026_s1500_t80,1500,80,turns,D21,D22,3.8000000000000114,3,21.404172513626868,0,0,False,False,True,2,27.830151361830765,0,0,False,False,True,6,20.913102497727806,0,0,False,False,True,,,True,False,False,False,unconditioned_residual
fault_turns_d21_d22_r026_s1800_t52,1800,52,turns,D21,D22,3.8000000000000114,3,67.51480179881918,1,1,True,True,True,2,37.23577043450108,1,1,True,True,True,6,33.544457671363396,1,1,True,True,True,0.0,0.2,False,True,True,False,unconditioned_residual
fault_turns_d21_d22_r026_s1800_t64,1800,64,turns,D21,D22,3.8000000000000114,3,18.664214605605547,0,0,False,False,True,2,12.29732567863394,0,0,False,False,True,6,53.46932422833536,1,1,True,True,True,,,True,False,False,False,unconditioned_residual
fault_turns_d21_d22_r026_s1800_t80,1800,80,turns,D21,D22,3.8000000000000114,3,37.296426783797806,1,1,True,True,True,2,63.73394744120186,1,1,True,True,True,6,18.685360696476007,0,0,False,False,True,0.0,0.2,False,True,True,False,unconditioned_residual
fault_turns_d23_d24_r026_s1200_t52,1200,52,turns,D23,D24,2.800000000000012,3,55.7145350674776,3,3,True,True,True,2,48.65069161348404,1,1,True,True,True,6,103.47139673613137,4,4,True,True,True,0.0,0.2,False,True,True,False,unconditioned_residual
fault_turns_d23_d24_r026_s1200_t64,1200,64,turns,D23,D24,2.800000000000012,3,63.0470480709553,3,3,True,True,True,2,48.66848958606518,2,2,True,True,True,6,36.766185174937775,3,3,True,True,True,0.0,0.2,False,True,True,False,unconditioned_residual
fault_turns_d23_d24_r026_s1200_t80,1200,80,turns,D23,D24,2.800000000000012,3,52.96612041412224,2,2,True,True,True,2,18.777554804928727,0,0,False,False,True,6,38.92973896776599,3,3,True,True,True,,,True,True,False,False,unconditioned_residual
fault_turns_d23_d24_r026_s1500_t52,1500,52,turns,D23,D24,2.800000000000012,3,45.37161313300093,1,1,True,True,True,2,25.509790307304314,0,0,False,False,True,6,51.23105949063752,3,3,True,True,True,,,True,True,False,False,unconditioned_residual
fault_turns_d23_d24_r026_s1500_t64,1500,64,turns,D23,D24,2.800000000000012,3,26.060081523952142,0,0,False,False,True,2,36.92875653358696,1,1,True,True,True,6,38.082153335193354,2,2,True,True,True,0.0,0.2,False,False,True,False,unconditioned_residual
fault_turns_d23_d24_r026_s1500_t80,1500,80,turns,D23,D24,2.800000000000012,3,32.96267596186944,1,1,True,True,True,2,32.40185369962599,1,1,True,True,True,6,26.838234485901264,0,0,False,False,True,0.0,0.2,False,True,True,False,unconditioned_residual
fault_turns_d23_d24_r026_s1800_t52,1800,52,turns,D23,D24,2.800000000000012,3,27.04276662133742,0,0,False,False,True,2,39.406676308539275,2,2,True,True,True,6,42.590129274468325,1,1,True,True,True,0.0,0.2,False,False,True,False,unconditioned_residual
fault_turns_d23_d24_r026_s1800_t64,1800,64,turns,D23,D24,2.800000000000012,3,56.36283775318283,2,2,True,True,True,2,18.439285419613654,0,0,False,False,True,6,39.73256958928131,1,1,True,True,True,,,True,True,False,False,unconditioned_residual
fault_turns_d23_d24_r026_s1800_t80,1800,80,turns,D23,D24,2.800000000000012,3,33.58989270950936,1,1,True,True,True,2,24.680079498169434,0,0,False,False,True,6,31.564212285724253,0,0,False,False,True,,,True,True,False,False,unconditioned_residual
fault_windings_d01_d06_r026_s1200_t52,1200,52,windings,D01,D06,14.34,3,57.35746541723914,1,1,True,True,True,2,204.5947113987874,2,2,True,True,True,6,91.14811991993196,3,3,True,True,True,0.0,0.2,False,True,True,False,unconditioned_residual
fault_windings_d01_d06_r026_s1200_t64,1200,64,windings,D01,D06,14.34,3,73.5372018965575,2,2,True,True,True,2,121.2613107945256,2,2,True,True,True,6,58.98217303863645,1,1,True,True,True,0.0,0.2,False,True,True,False,unconditioned_residual
fault_windings_d01_d06_r026_s1200_t80,1200,80,windings,D01,D06,14.34,3,13.896300422627593,0,0,False,False,True,2,75.56092493504607,1,1,True,True,True,6,17.18625315711765,0,0,False,False,True,1.0,0.4,False,False,True,False,unconditioned_residual
fault_windings_d01_d06_r026_s1500_t52,1500,52,windings,D01,D06,14.34,3,45.04190200214572,2,2,True,True,True,2,394.66521471647087,2,2,True,True,True,6,66.47382139289002,1,1,True,True,True,0.0,0.2,False,True,True,False,unconditioned_residual
fault_windings_d01_d06_r026_s1500_t64,1500,64,windings,D01,D06,14.34,3,21.198836467867928,0,0,False,False,True,2,275.22932525577227,2,2,True,True,True,6,75.10204512706724,2,2,True,True,True,0.0,0.2,False,False,True,False,unconditioned_residual
fault_windings_d01_d06_r026_s1500_t80,1500,80,windings,D01,D06,14.34,3,22.59939267354381,0,0,False,False,True,2,129.22230384630132,2,2,True,True,True,6,35.89105943886126,1,1,True,True,True,0.0,0.2,False,False,True,False,unconditioned_residual
fault_windings_d01_d06_r026_s1800_t52,1800,52,windings,D01,D06,14.34,3,38.36639310603446,1,1,True,True,True,2,495.26468077049265,2,2,True,True,True,6,41.66092227304472,2,2,True,True,True,0.0,0.2,False,True,True,False,unconditioned_residual
fault_windings_d01_d06_r026_s1800_t64,1800,64,windings,D01,D06,14.34,3,11.902934199752702,0,0,False,False,True,2,308.55050338193,2,2,True,True,True,6,23.778607650911205,0,0,False,False,True,0.0,0.2,False,False,True,False,unconditioned_residual
fault_windings_d01_d06_r026_s1800_t80,1800,80,windings,D01,D06,14.34,3,12.761429211927036,0,0,False,False,True,2,210.39868449728777,2,2,True,True,True,6,71.26446182337213,2,2,True,True,True,0.0,0.2,False,False,True,False,unconditioned_residual
fault_windings_d01_d07_r026_s1200_t52,1200,52,windings,D01,D07,21.74,3,40.388897518446655,2,2,True,True,True,2,1689.5381892916662,2,2,True,True,True,6,123.16581099897036,1,1,True,True,True,0.0,0.2,False,True,True,False,unconditioned_residual
fault_windings_d01_d07_r026_s1200_t64,1200,64,windings,D01,D07,21.74,3,13.602700871969814,0,0,False,False,True,2,735.6485211429881,2,2,True,True,True,6,169.1419514783915,2,2,True,True,True,0.0,0.2,False,False,True,False,unconditioned_residual
fault_windings_d01_d07_r026_s1200_t80,1200,80,windings,D01,D07,21.74,3,23.212096221097273,0,0,False,False,True,2,492.3804676632377,2,2,True,True,True,6,63.87188138803418,1,1,True,True,True,0.0,0.2,False,False,True,False,unconditioned_residual
fault_windings_d01_d07_r026_s1500_t52,1500,52,windings,D01,D07,21.74,3,38.97084976768781,2,2,True,True,True,2,3090.339209349827,2,2,True,True,True,6,210.94984700035292,2,2,True,True,True,0.0,0.2,False,True,True,False,unconditioned_residual
fault_windings_d01_d07_r026_s1500_t64,1500,64,windings,D01,D07,21.74,3,30.969509150271,0,0,False,False,True,2,1775.561823609044,2,2,True,True,True,6,183.34775376353622,2,2,True,True,True,0.0,0.2,False,False,True,False,unconditioned_residual
fault_windings_d01_d07_r026_s1500_t80,1500,80,windings,D01,D07,21.74,3,31.72876215535628,0,0,False,False,True,2,900.1018624812123,2,2,True,True,True,6,128.56725595875866,1,1,True,True,True,0.0,0.2,False,False,True,False,unconditioned_residual
fault_windings_d01_d07_r026_s1800_t52,1800,52,windings,D01,D07,21.74,3,28.498129650753583,0,0,False,False,True,2,4078.9766419296952,2,2,True,True,True,6,492.2418163336422,2,2,True,True,True,0.0,0.2,False,False,True,False,unconditioned_residual
fault_windings_d01_d07_r026_s1800_t64,1800,64,windings,D01,D07,21.74,3,18.106115186883684,0,0,False,False,True,2,2842.389120734513,2,2,True,True,True,6,298.3506517698272,2,2,True,True,True,0.0,0.2,False,False,True,False,unconditioned_residual
fault_windings_d01_d07_r026_s1800_t80,1800,80,windings,D01,D07,21.74,3,20.376864392692752,0,0,False,False,True,2,1307.9371404974418,2,2,True,True,True,6,229.25522246668532,2,2,True,True,True,0.0,0.2,False,False,True,False,unconditioned_residual
fault_windings_d04_d06_r026_s1200_t52,1200,52,windings,D04,D06,2.3000000000000007,3,75.87704540146957,2,2,True,True,True,2,22.98654825322876,0,0,False,False,True,6,39.94940078567713,1,1,True,True,True,,,True,True,False,False,unconditioned_residual
fault_windings_d04_d06_r026_s1200_t64,1200,64,windings,D04,D06,2.3000000000000007,3,98.52721132357289,3,3,True,True,True,2,111.63809068617726,2,2,True,True,True,6,53.24274267163418,4,4,True,True,True,0.0,0.2,False,True,True,False,unconditioned_residual
fault_windings_d04_d06_r026_s1200_t80,1200,80,windings,D04,D06,2.3000000000000007,3,80.31258393470274,2,2,True,True,True,2,67.25135468104676,1,1,True,True,True,6,58.83484215596314,5,5,True,True,True,0.0,0.2,False,True,True,False,unconditioned_residual
fault_windings_d04_d06_r026_s1500_t52,1500,52,windings,D04,D06,2.3000000000000007,3,44.043897928734665,1,1,True,True,True,2,34.71203291462544,2,2,True,True,True,6,455.58205074502,5,5,True,True,True,0.0,0.2,False,True,True,False,unconditioned_residual
fault_windings_d04_d06_r026_s1500_t64,1500,64,windings,D04,D06,2.3000000000000007,3,53.77680386135696,1,1,True,True,True,2,54.33416279920782,2,2,True,True,True,6,150.00380094565645,3,3,True,True,True,0.0,0.2,False,True,True,False,unconditioned_residual
fault_windings_d04_d06_r026_s1500_t80,1500,80,windings,D04,D06,2.3000000000000007,3,23.37432313047809,0,0,False,False,True,2,31.189844788598013,0,0,False,False,True,6,36.6673289108795,1,1,True,True,True,,,True,False,False,False,unconditioned_residual
fault_windings_d04_d06_r026_s1800_t52,1800,52,windings,D04,D06,2.3000000000000007,3,91.33799242294927,3,3,True,True,True,2,73.38615243407662,2,2,True,True,True,6,192.00473089371349,5,5,True,True,True,0.0,0.2,False,True,True,False,unconditioned_residual
fault_windings_d04_d06_r026_s1800_t64,1800,64,windings,D04,D06,2.3000000000000007,3,82.20470975843652,1,1,True,True,True,2,106.56698397988852,2,2,True,True,True,6,99.29133266983314,4,4,True,True,True,0.0,0.2,False,True,True,False,unconditioned_residual
fault_windings_d04_d06_r026_s1800_t80,1800,80,windings,D04,D06,2.3000000000000007,3,32.0200489445683,0,0,False,False,True,2,104.36261542397439,1,1,True,True,True,6,63.041027600215614,4,4,True,True,True,0.0,0.2,False,False,True,False,unconditioned_residual
fault_windings_d04_d07_r026_s1200_t52,1200,52,windings,D04,D07,9.7,3,51.795389292531226,2,2,True,True,True,2,137.17472916224116,2,2,True,True,True,6,179.58266339798988,6,6,True,True,True,0.0,0.2,False,True,True,False,unconditioned_residual
fault_windings_d04_d07_r026_s1200_t64,1200,64,windings,D04,D07,9.7,3,24.622099582691312,0,0,False,False,True,2,56.93588268926631,2,2,True,True,True,6,146.2938923779492,4,4,True,True,True,0.0,0.2,False,False,True,False,unconditioned_residual
fault_windings_d04_d07_r026_s1200_t80,1200,80,windings,D04,D07,9.7,3,122.65816794749814,3,3,True,True,True,2,240.31655546789008,1,1,True,True,True,6,182.30730374742262,3,3,True,True,True,1.0,0.4,False,True,True,False,unconditioned_residual
fault_windings_d04_d07_r026_s1500_t52,1500,52,windings,D04,D07,9.7,3,18.520958210604697,0,0,False,False,True,2,168.5029402258049,1,1,True,True,True,6,126.87479293995878,5,5,True,True,True,1.0,0.4,False,False,True,False,unconditioned_residual
fault_windings_d04_d07_r026_s1500_t64,1500,64,windings,D04,D07,9.7,3,34.43238198443331,1,1,True,True,True,2,43.65416985501139,2,2,True,True,True,6,119.79234004094255,5,5,True,True,True,0.0,0.2,False,True,True,False,unconditioned_residual
fault_windings_d04_d07_r026_s1500_t80,1500,80,windings,D04,D07,9.7,3,80.17986257888684,2,2,True,True,True,2,84.1594422115273,2,2,True,True,True,6,91.44736025556,5,5,True,True,True,0.0,0.2,False,True,True,False,unconditioned_residual
fault_windings_d04_d07_r026_s1800_t52,1800,52,windings,D04,D07,9.7,3,56.719373545501185,2,2,True,True,True,2,167.49154046158066,2,2,True,True,True,6,140.21064273411906,5,5,True,True,True,0.0,0.2,False,True,True,False,unconditioned_residual
fault_windings_d04_d07_r026_s1800_t64,1800,64,windings,D04,D07,9.7,3,95.70980826693842,2,2,True,True,True,2,149.01387963065395,2,2,True,True,True,6,264.5326199177511,3,3,True,True,True,0.0,0.2,False,True,True,False,unconditioned_residual
fault_windings_d04_d07_r026_s1800_t80,1800,80,windings,D04,D07,9.7,3,23.530419314418406,0,0,False,False,True,2,95.0114046938607,2,2,True,True,True,6,27.14417906534332,0,0,False,False,True,0.0,0.2,False,False,True,False,unconditioned_residual
fault_windings_d11_d21_r026_s1200_t52,1200,52,windings,D11,D21,36.39999999999999,3,60.468795796186306,2,2,True,True,True,2,37738.10911845806,2,2,True,True,True,6,1741.630063379635,5,5,True,True,True,0.0,0.2,False,True,True,False,unconditioned_residual
fault_windings_d11_d21_r026_s1200_t64,1200,64,windings,D11,D21,36.39999999999999,3,45.70724051052149,1,1,True,True,True,2,15243.832511484965,2,2,True,True,True,6,625.7062842326242,3,3,True,True,True,0.0,0.2,False,True,True,False,unconditioned_residual
fault_windings_d11_d21_r026_s1200_t80,1200,80,windings,D11,D21,36.39999999999999,3,26.65654164578216,0,0,False,False,True,2,6445.522452010706,2,2,True,True,True,6,470.38272874225294,3,3,True,True,True,0.0,0.2,False,False,True,False,unconditioned_residual
fault_windings_d11_d21_r026_s1500_t52,1500,52,windings,D11,D21,36.39999999999999,3,44.97494201776237,1,1,True,True,True,2,86426.37320900681,2,2,True,True,True,6,4187.025616120468,5,5,True,True,True,0.0,0.2,False,True,True,False,unconditioned_residual
fault_windings_d11_d21_r026_s1500_t64,1500,64,windings,D11,D21,36.39999999999999,3,24.17887481767644,0,0,False,False,True,2,47962.56974924012,2,2,True,True,True,6,1426.070821581525,3,3,True,True,True,0.0,0.2,False,False,True,False,unconditioned_residual
fault_windings_d11_d21_r026_s1500_t80,1500,80,windings,D11,D21,36.39999999999999,3,24.107925234589636,0,0,False,False,True,2,20873.345781403037,2,2,True,True,True,6,766.4432968046691,3,3,True,True,True,0.0,0.2,False,False,True,False,unconditioned_residual
fault_windings_d11_d21_r026_s1800_t52,1800,52,windings,D11,D21,36.39999999999999,3,110.17925517572448,3,3,True,True,True,2,162239.58051011217,2,2,True,True,True,6,9400.16729738016,4,4,True,True,True,0.0,0.2,False,True,True,False,unconditioned_residual
fault_windings_d11_d21_r026_s1800_t64,1800,64,windings,D11,D21,36.39999999999999,3,26.13258216801544,0,0,False,False,True,2,109130.55443502113,2,2,True,True,True,6,2932.6148915523345,3,3,True,True,True,0.0,0.2,False,False,True,False,unconditioned_residual
fault_windings_d11_d21_r026_s1800_t80,1800,80,windings,D11,D21,36.39999999999999,3,22.216036884750075,0,0,False,False,True,2,38940.24999121048,2,2,True,True,True,6,1900.7419781561114,2,2,True,True,True,0.0,0.2,False,False,True,False,unconditioned_residual
fault_windings_d11_d22_r026_s1200_t52,1200,52,windings,D11,D22,40.2,3,50.17207014211941,2,2,True,True,True,2,88826.89989228833,2,2,True,True,True,6,2050.2345972444023,3,3,True,True,True,0.0,0.2,False,True,True,False,unconditioned_residual
fault_windings_d11_d22_r026_s1200_t64,1200,64,windings,D11,D22,40.2,3,13.434666818297941,0,0,False,False,True,2,27905.88817817934,2,2,True,True,True,6,1240.7079057131627,3,3,True,True,True,0.0,0.2,False,False,True,False,unconditioned_residual
fault_windings_d11_d22_r026_s1200_t80,1200,80,windings,D11,D22,40.2,3,24.137448610029523,0,0,False,False,True,2,12440.234739138617,2,2,True,True,True,6,858.8596653351274,2,2,True,True,True,0.0,0.2,False,False,True,False,unconditioned_residual
fault_windings_d11_d22_r026_s1500_t52,1500,52,windings,D11,D22,40.2,3,52.52321620019788,1,1,True,True,True,2,183708.69888618766,2,2,True,True,True,6,3696.4772332170105,5,5,True,True,True,0.0,0.2,False,True,True,False,unconditioned_residual
fault_windings_d11_d22_r026_s1500_t64,1500,64,windings,D11,D22,40.2,3,34.457923806503295,1,1,True,True,True,2,79474.45469373895,2,2,True,True,True,6,2192.699081022915,3,3,True,True,True,0.0,0.2,False,True,True,False,unconditioned_residual
fault_windings_d11_d22_r026_s1500_t80,1500,80,windings,D11,D22,40.2,3,35.85091792443214,2,2,True,True,True,2,29222.531745921777,2,2,True,True,True,6,1507.440770407793,3,3,True,True,True,0.0,0.2,False,True,True,False,unconditioned_residual
fault_windings_d11_d22_r026_s1800_t52,1800,52,windings,D11,D22,40.2,3,46.63765056069924,1,1,True,True,True,2,118266.28509186773,2,2,True,True,True,6,6831.951381494932,4,4,True,True,True,0.0,0.2,False,True,True,False,unconditioned_residual
fault_windings_d11_d22_r026_s1800_t64,1800,64,windings,D11,D22,40.2,3,23.970314680886183,0,0,False,False,True,2,177872.37615624198,2,2,True,True,True,6,3812.2520816328024,4,4,True,True,True,0.0,0.2,False,False,True,False,unconditioned_residual
fault_windings_d11_d22_r026_s1800_t80,1800,80,windings,D11,D22,40.2,3,19.70841585502029,0,0,False,False,True,2,78350.07389103167,2,2,True,True,True,6,2648.443294150357,3,3,True,True,True,0.0,0.2,False,False,True,False,unconditioned_residual
fault_windings_d12_d21_r026_s1200_t52,1200,52,windings,D12,D21,33.7,3,40.60606266723239,3,3,True,True,True,2,19189.6066729498,2,2,True,True,True,6,1024.2372437431952,5,5,True,True,True,0.0,0.2,False,True,True,False,unconditioned_residual
fault_windings_d12_d21_r026_s1200_t64,1200,64,windings,D12,D21,33.7,3,21.76784818813344,0,0,False,False,True,2,8652.820108011445,2,2,True,True,True,6,481.96209533591355,3,3,True,True,True,0.0,0.2,False,False,True,False,unconditioned_residual
fault_windings_d12_d21_r026_s1200_t80,1200,80,windings,D12,D21,33.7,3,42.3189883109942,1,1,True,True,True,2,3117.279239930037,2,2,True,True,True,6,466.4816073861459,4,4,True,True,True,0.0,0.2,False,True,True,False,unconditioned_residual
fault_windings_d12_d21_r026_s1500_t52,1500,52,windings,D12,D21,33.7,3,51.32780103571141,3,3,True,True,True,2,74139.1969405812,2,2,True,True,True,6,2618.3230140516507,4,4,True,True,True,0.0,0.2,False,True,True,False,unconditioned_residual
fault_windings_d12_d21_r026_s1500_t64,1500,64,windings,D12,D21,33.7,3,20.39432380618218,0,0,False,False,True,2,27205.498569673975,2,2,True,True,True,6,1155.1009272763508,2,2,True,True,True,0.0,0.2,False,False,True,False,unconditioned_residual
fault_windings_d12_d21_r026_s1500_t80,1500,80,windings,D12,D21,33.7,3,29.704313295621,0,0,False,False,True,2,11514.295218688558,2,2,True,True,True,6,405.87864652493477,2,2,True,True,True,0.0,0.2,False,False,True,False,unconditioned_residual
fault_windings_d12_d21_r026_s1800_t52,1800,52,windings,D12,D21,33.7,3,29.86995416009455,0,0,False,False,True,2,251954.4346836853,2,2,True,True,True,6,3865.0542811971045,4,4,True,True,True,0.0,0.2,False,False,True,False,unconditioned_residual
fault_windings_d12_d21_r026_s1800_t64,1800,64,windings,D12,D21,33.7,3,11.376630473377563,0,0,False,False,True,2,69768.57831754052,2,2,True,True,True,6,1312.2254963314997,2,2,True,True,True,0.0,0.2,False,False,True,False,unconditioned_residual
fault_windings_d12_d21_r026_s1800_t80,1800,80,windings,D12,D21,33.7,3,14.19584634036224,0,0,False,False,True,2,21803.754801124283,2,2,True,True,True,6,1033.0207456215817,3,3,True,True,True,0.0,0.2,False,False,True,False,unconditioned_residual
fault_windings_d12_d22_r026_s1200_t52,1200,52,windings,D12,D22,37.50000000000001,3,27.102746895711345,0,0,False,False,True,2,39674.29185182584,2,2,True,True,True,6,1677.829422379966,3,3,True,True,True,0.0,0.2,False,False,True,False,unconditioned_residual
fault_windings_d12_d22_r026_s1200_t64,1200,64,windings,D12,D22,37.50000000000001,3,21.063690376252726,0,0,False,False,True,2,19910.692663607904,2,2,True,True,True,6,811.8733619595968,2,2,True,True,True,0.0,0.2,False,False,True,False,unconditioned_residual
fault_windings_d12_d22_r026_s1200_t80,1200,80,windings,D12,D22,37.50000000000001,3,31.307462720857046,0,0,False,False,True,2,5621.831940618948,2,2,True,True,True,6,515.7630327098419,3,3,True,True,True,0.0,0.2,False,False,True,False,unconditioned_residual
fault_windings_d12_d22_r026_s1500_t52,1500,52,windings,D12,D22,37.50000000000001,3,24.037019083520693,0,0,False,False,True,2,88960.23562171751,2,2,True,True,True,6,2883.249921617287,4,4,True,True,True,0.0,0.2,False,False,True,False,unconditioned_residual
fault_windings_d12_d22_r026_s1500_t64,1500,64,windings,D12,D22,37.50000000000001,3,18.34576845846755,0,0,False,False,True,2,49629.76035913041,2,2,True,True,True,6,1616.807996682424,3,3,True,True,True,0.0,0.2,False,False,True,False,unconditioned_residual
fault_windings_d12_d22_r026_s1500_t80,1500,80,windings,D12,D22,37.50000000000001,3,24.968062573993564,0,0,False,False,True,2,19804.78729836894,2,2,True,True,True,6,1153.8853683061213,3,3,True,True,True,0.0,0.2,False,False,True,False,unconditioned_residual
fault_windings_d12_d22_r026_s1800_t52,1800,52,windings,D12,D22,37.50000000000001,3,21.26418645551486,0,0,False,False,True,2,148395.18269410834,2,2,True,True,True,6,5501.260505391761,4,4,True,True,True,0.0,0.2,False,False,True,False,unconditioned_residual
fault_windings_d12_d22_r026_s1800_t64,1800,64,windings,D12,D22,37.50000000000001,3,19.969418613627486,0,0,False,False,True,2,118852.45877676664,2,2,True,True,True,6,3637.417763617978,4,4,True,True,True,0.0,0.2,False,False,True,False,unconditioned_residual
fault_windings_d12_d22_r026_s1800_t80,1800,80,windings,D12,D22,37.50000000000001,3,23.44465251256397,0,0,False,False,True,2,43646.554978842374,2,2,True,True,True,6,1756.0152124207923,2,2,True,True,True,0.0,0.2,False,False,True,False,unconditioned_residual
fault_windings_d13_d18_r026_s1200_t52,1200,52,windings,D13,D18,14.799999999999995,3,52.85519945588539,2,2,True,True,True,2,89.4379199753555,2,2,True,True,True,6,135.34872446083284,4,4,True,True,True,0.0,0.2,False,True,True,False,unconditioned_residual
fault_windings_d13_d18_r026_s1200_t64,1200,64,windings,D13,D18,14.799999999999995,3,50.98574181004862,1,1,True,True,True,2,63.308988897629526,2,2,True,True,True,6,36.539622034554455,1,1,True,True,True,0.0,0.2,False,True,True,False,unconditioned_residual
fault_windings_d13_d18_r026_s1200_t80,1200,80,windings,D13,D18,14.799999999999995,3,31.13440176955279,0,0,False,False,True,2,49.26209605312206,1,1,True,True,True,6,18.75253467546822,0,0,False,False,True,1.0,0.4,False,False,True,False,unconditioned_residual
fault_windings_d13_d18_r026_s1500_t52,1500,52,windings,D13,D18,14.799999999999995,3,31.591811126719804,0,0,False,False,True,2,244.79063995857214,2,2,True,True,True,6,36.059041078711665,1,1,True,True,True,0.0,0.2,False,False,True,False,unconditioned_residual
fault_windings_d13_d18_r026_s1500_t64,1500,64,windings,D13,D18,14.799999999999995,3,32.47211973303196,1,1,True,True,True,2,97.50660893494234,2,2,True,True,True,6,36.91727674070986,2,2,True,True,True,0.0,0.2,False,True,True,False,unconditioned_residual
fault_windings_d13_d18_r026_s1500_t80,1500,80,windings,D13,D18,14.799999999999995,3,23.55284416847958,0,0,False,False,True,2,81.25973370738583,2,2,True,True,True,6,41.12387272271343,1,1,True,True,True,0.0,0.2,False,False,True,False,unconditioned_residual
fault_windings_d13_d18_r026_s1800_t52,1800,52,windings,D13,D18,14.799999999999995,3,29.392515016582696,0,0,False,False,True,2,316.1783434566923,2,2,True,True,True,6,121.15002794899344,3,3,True,True,True,0.0,0.2,False,False,True,False,unconditioned_residual
fault_windings_d13_d18_r026_s1800_t64,1800,64,windings,D13,D18,14.799999999999995,3,40.15279439197473,1,1,True,True,True,2,231.45707184732169,2,2,True,True,True,6,22.212517915015592,0,0,False,False,True,0.0,0.2,False,True,True,False,unconditioned_residual
fault_windings_d13_d18_r026_s1800_t80,1800,80,windings,D13,D18,14.799999999999995,3,16.054377709541953,0,0,False,False,True,2,165.23608467769472,2,2,True,True,True,6,39.254541382504605,1,1,True,True,True,0.0,0.2,False,False,True,False,unconditioned_residual
fault_windings_d13_d19_r026_s1200_t52,1200,52,windings,D13,D19,22.200000000000003,3,52.586582410695456,1,1,True,True,True,2,1395.2833555537034,2,2,True,True,True,6,53.74130532006943,2,2,True,True,True,0.0,0.2,False,True,True,False,unconditioned_residual
fault_windings_d13_d19_r026_s1200_t64,1200,64,windings,D13,D19,22.200000000000003,3,30.780569922533537,0,0,False,False,True,2,394.67525298459645,2,2,True,True,True,6,54.34144702037101,1,1,True,True,True,0.0,0.2,False,False,True,False,unconditioned_residual
fault_windings_d13_d19_r026_s1200_t80,1200,80,windings,D13,D19,22.200000000000003,3,27.263003525833753,0,0,False,False,True,2,209.18260177946115,2,2,True,True,True,6,83.79554339647942,1,1,True,True,True,0.0,0.2,False,False,True,False,unconditioned_residual
fault_windings_d13_d19_r026_s1500_t52,1500,52,windings,D13,D19,22.200000000000003,3,42.352528580388885,1,1,True,True,True,2,2549.4055211208984,2,2,True,True,True,6,159.56275678690722,3,3,True,True,True,0.0,0.2,False,True,True,False,unconditioned_residual
fault_windings_d13_d19_r026_s1500_t64,1500,64,windings,D13,D19,22.200000000000003,3,23.897605188880675,0,0,False,False,True,2,903.3116955918556,2,2,True,True,True,6,159.29031054758002,2,2,True,True,True,0.0,0.2,False,False,True,False,unconditioned_residual
fault_windings_d13_d19_r026_s1500_t80,1500,80,windings,D13,D19,22.200000000000003,3,35.64244644084987,1,1,True,True,True,2,654.8247112442673,2,2,True,True,True,6,89.61797757309233,1,1,True,True,True,0.0,0.2,False,True,True,False,unconditioned_residual
fault_windings_d13_d19_r026_s1800_t52,1800,52,windings,D13,D19,22.200000000000003,3,23.015656918465005,0,0,False,False,True,2,4920.711425720489,2,2,True,True,True,6,472.0930996102634,2,2,True,True,True,0.0,0.2,False,False,True,False,unconditioned_residual
fault_windings_d13_d19_r026_s1800_t64,1800,64,windings,D13,D19,22.200000000000003,3,21.793178581808384,0,0,False,False,True,2,2113.0777489505267,2,2,True,True,True,6,211.19363804320082,2,2,True,True,True,0.0,0.2,False,False,True,False,unconditioned_residual
fault_windings_d13_d19_r026_s1800_t80,1800,80,windings,D13,D19,22.200000000000003,3,14.382762523285885,0,0,False,False,True,2,1380.260200451417,2,2,True,True,True,6,134.67476110658367,2,2,True,True,True,0.0,0.2,False,False,True,False,unconditioned_residual
fault_windings_d16_d18_r026_s1200_t52,1200,52,windings,D16,D18,3.199999999999996,3,51.670793460516975,2,2,True,True,True,2,145.8088069568337,2,2,True,True,True,6,98.06888616780364,6,6,True,True,True,0.0,0.2,False,True,True,False,unconditioned_residual
fault_windings_d16_d18_r026_s1200_t64,1200,64,windings,D16,D18,3.199999999999996,3,75.2172081321022,2,2,True,True,True,2,52.36271033221798,2,2,True,True,True,6,165.0123383497861,6,6,True,True,True,0.0,0.2,False,True,True,False,unconditioned_residual
fault_windings_d16_d18_r026_s1200_t80,1200,80,windings,D16,D18,3.199999999999996,3,87.19288701443081,3,3,True,True,True,2,45.77301990997559,2,2,True,True,True,6,52.36538047187744,4,4,True,True,True,0.0,0.2,False,True,True,False,unconditioned_residual
fault_windings_d16_d18_r026_s1500_t52,1500,52,windings,D16,D18,3.199999999999996,3,28.8812323984235,0,0,False,False,True,2,19.95099046769569,0,0,False,False,True,6,142.2780526851559,4,4,True,True,True,,,True,False,False,False,unconditioned_residual
fault_windings_d16_d18_r026_s1500_t64,1500,64,windings,D16,D18,3.199999999999996,3,23.85319223667113,0,0,False,False,True,2,22.341305904089992,0,0,False,False,True,6,119.19410730653617,4,4,True,True,True,,,True,False,False,False,unconditioned_residual
fault_windings_d16_d18_r026_s1500_t80,1500,80,windings,D16,D18,3.199999999999996,3,26.722382957945506,0,0,False,False,True,2,23.5900207617213,0,0,False,False,True,6,43.795101972659594,2,2,True,True,True,,,True,False,False,False,unconditioned_residual
fault_windings_d16_d18_r026_s1800_t52,1800,52,windings,D16,D18,3.199999999999996,3,111.68691942059701,3,3,True,True,True,2,48.156716411805114,2,2,True,True,True,6,83.01809957229864,4,4,True,True,True,0.0,0.2,False,True,True,False,unconditioned_residual
fault_windings_d16_d18_r026_s1800_t64,1800,64,windings,D16,D18,3.199999999999996,3,47.40582390561586,1,1,True,True,True,2,41.57390112661339,1,1,True,True,True,6,97.79863142070013,2,2,True,True,True,1.0,0.4,False,True,True,False,unconditioned_residual
fault_windings_d16_d18_r026_s1800_t80,1800,80,windings,D16,D18,3.199999999999996,3,45.36997049936086,2,2,True,True,True,2,40.688243653452616,1,1,True,True,True,6,52.45630965241793,2,2,True,True,True,1.0,0.4,False,True,True,False,unconditioned_residual
fault_windings_d16_d19_r026_s1200_t52,1200,52,windings,D16,D19,10.6,3,69.09169773090308,3,3,True,True,True,2,125.9972152812606,2,2,True,True,True,6,82.38096738290002,6,6,True,True,True,0.0,0.2,False,True,True,False,unconditioned_residual
fault_windings_d16_d19_r026_s1200_t64,1200,64,windings,D16,D19,10.6,3,37.76072987283126,1,1,True,True,True,2,21.12246684521341,0,0,False,False,True,6,40.64113345886855,1,1,True,True,True,,,True,True,False,False,unconditioned_residual
fault_windings_d16_d19_r026_s1200_t80,1200,80,windings,D16,D19,10.6,3,62.83660770020008,2,2,True,True,True,2,50.39125971835666,1,1,True,True,True,6,109.48006508490006,3,3,True,True,True,0.0,0.2,False,True,True,False,unconditioned_residual
fault_windings_d16_d19_r026_s1500_t52,1500,52,windings,D16,D19,10.6,3,112.3975251750793,3,3,True,True,True,2,341.24298076766473,2,2,True,True,True,6,111.12826045440275,5,5,True,True,True,0.0,0.2,False,True,True,False,unconditioned_residual
fault_windings_d16_d19_r026_s1500_t64,1500,64,windings,D16,D19,10.6,3,44.137812437425154,2,2,True,True,True,2,37.67411549749254,2,2,True,True,True,6,48.596627736861365,2,2,True,True,True,0.0,0.2,False,True,True,False,unconditioned_residual
fault_windings_d16_d19_r026_s1500_t80,1500,80,windings,D16,D19,10.6,3,30.397639251316363,0,0,False,False,True,2,103.08253164265926,2,2,True,True,True,6,61.03086714476066,2,2,True,True,True,0.0,0.2,False,False,True,False,unconditioned_residual
fault_windings_d16_d19_r026_s1800_t52,1800,52,windings,D16,D19,10.6,3,80.22336092358054,1,1,True,True,True,2,107.92813534993796,1,1,True,True,True,6,731.6499572738567,5,5,True,True,True,1.0,0.4,False,True,True,False,unconditioned_residual
fault_windings_d16_d19_r026_s1800_t64,1800,64,windings,D16,D19,10.6,3,291.3733105495876,3,3,True,True,True,2,88.32873730404994,2,2,True,True,True,6,138.66546775340487,6,6,True,True,True,0.0,0.2,False,True,True,False,unconditioned_residual
fault_windings_d16_d19_r026_s1800_t80,1800,80,windings,D16,D19,10.6,3,34.572466858145695,1,1,True,True,True,2,56.766611216323895,2,2,True,True,True,6,53.16502887869954,1,1,True,True,True,0.0,0.2,False,True,True,False,unconditioned_residual
fault_turns_d01_d04_r026_s1200_t52,1200,52,turns,D01,D04,12.04,3,78.76574884342993,0,0,False,False,True,2,283.2630049494453,1,1,True,True,True,6,41.0168036757711,0,0,False,False,True,1.0,0.4,False,False,True,False,linear_residual
fault_turns_d01_d04_r026_s1200_t64,1200,64,turns,D01,D04,12.04,3,127.2529627209775,1,1,True,True,True,2,126.89284919224804,1,1,True,True,True,6,92.14605685830693,2,2,True,True,True,1.0,0.4,False,True,True,False,linear_residual
fault_turns_d01_d04_r026_s1200_t80,1200,80,turns,D01,D04,12.04,3,36.07568575880275,0,0,False,False,True,2,50.26224489945375,0,0,False,False,True,6,24.627486190091247,0,0,False,False,True,,,True,False,False,False,linear_residual
fault_turns_d01_d04_r026_s1500_t52,1500,52,turns,D01,D04,12.04,3,113.22890753338132,3,3,True,True,True,2,282.3458458498121,2,2,True,True,True,6,137.09569877984387,6,6,True,True,True,0.0,0.2,False,True,True,False,linear_residual
fault_turns_d01_d04_r026_s1500_t64,1500,64,turns,D01,D04,12.04,3,62.76032660921239,0,0,False,False,True,2,208.9797059446173,2,2,True,True,True,6,105.47067636645059,3,3,True,True,True,0.0,0.2,False,False,True,False,linear_residual
fault_turns_d01_d04_r026_s1500_t80,1500,80,turns,D01,D04,12.04,3,90.2384544936474,1,1,True,True,True,2,108.67083140488174,2,2,True,True,True,6,66.05401450498626,0,0,False,False,True,0.0,0.2,False,True,True,False,linear_residual
fault_turns_d01_d04_r026_s1800_t52,1800,52,turns,D01,D04,12.04,3,48.85938851488558,0,0,False,False,True,2,344.08774109315607,2,2,True,True,True,6,191.7755575251597,1,1,True,True,True,0.0,0.2,False,False,True,False,linear_residual
fault_turns_d01_d04_r026_s1800_t64,1800,64,turns,D01,D04,12.04,3,33.26233297602131,0,0,False,False,True,2,363.3511559260668,2,2,True,True,True,6,35.20470397078636,0,0,False,False,True,0.0,0.2,False,False,True,False,linear_residual
fault_turns_d01_d04_r026_s1800_t80,1800,80,turns,D01,D04,12.04,3,15.351667388785813,0,0,False,False,True,2,105.75101801583867,1,1,True,True,True,6,140.6965397682593,3,3,True,True,True,1.0,0.4,False,False,True,False,linear_residual
fault_turns_d02_d03_r026_s1200_t52,1200,52,turns,D02,D03,7.689999999999999,3,62.90815282919654,0,0,False,False,True,2,57.00254094259755,0,0,False,False,True,6,33.589080553250696,0,0,False,False,True,,,True,False,False,False,linear_residual
fault_turns_d02_d03_r026_s1200_t64,1200,64,turns,D02,D03,7.689999999999999,3,41.93462144385093,0,0,False,False,True,2,32.16741896029803,0,0,False,False,True,6,28.16420702492947,0,0,False,False,True,,,True,False,False,False,linear_residual
fault_turns_d02_d03_r026_s1200_t80,1200,80,turns,D02,D03,7.689999999999999,3,33.114799752965645,0,0,False,False,True,2,30.68011149890836,0,0,False,False,True,6,21.969582914541505,0,0,False,False,True,,,True,False,False,False,linear_residual
fault_turns_d02_d03_r026_s1500_t52,1500,52,turns,D02,D03,7.689999999999999,3,107.05560431910499,2,2,True,True,True,2,136.84255452576394,2,2,True,True,True,6,183.86800069301154,6,6,True,True,True,0.0,0.2,False,True,True,False,linear_residual
fault_turns_d02_d03_r026_s1500_t64,1500,64,turns,D02,D03,7.689999999999999,3,101.27707596267247,1,1,True,True,True,2,141.7250304886786,2,2,True,True,True,6,95.41226688253325,3,3,True,True,True,0.0,0.2,False,True,True,False,linear_residual
fault_turns_d02_d03_r026_s1500_t80,1500,80,turns,D02,D03,7.689999999999999,3,83.46262285396111,0,0,False,False,True,2,79.33238607438469,0,0,False,False,True,6,53.73229660538426,0,0,False,False,True,,,True,False,False,False,linear_residual
fault_turns_d02_d03_r026_s1800_t52,1800,52,turns,D02,D03,7.689999999999999,3,36.49463888400351,0,0,False,False,True,2,76.12824772619163,0,0,False,False,True,6,33.520636545770266,0,0,False,False,True,,,True,False,False,False,linear_residual
fault_turns_d02_d03_r026_s1800_t64,1800,64,turns,D02,D03,7.689999999999999,3,22.66782354940158,0,0,False,False,True,2,36.20377248811318,0,0,False,False,True,6,34.23168319843706,0,0,False,False,True,,,True,False,False,False,linear_residual
fault_turns_d02_d03_r026_s1800_t80,1800,80,turns,D02,D03,7.689999999999999,3,18.607483337037653,0,0,False,False,True,2,22.567594852958045,0,0,False,False,True,6,25.983098202076278,0,0,False,False,True,,,True,False,False,False,linear_residual
fault_turns_d05_d08_r026_s1200_t52,1200,52,turns,D05,D08,12.1,3,89.68685105922887,1,1,True,True,True,2,206.93905987598296,1,1,True,True,True,6,57.070016475032894,0,0,False,False,True,1.0,0.4,False,True,True,False,linear_residual
fault_turns_d05_d08_r026_s1200_t64,1200,64,turns,D05,D08,12.1,3,24.76364015676169,0,0,False,False,True,2,111.87658726342255,1,1,True,True,True,6,37.471126890576826,0,0,False,False,True,1.0,0.4,False,False,True,False,linear_residual
fault_turns_d05_d08_r026_s1200_t80,1200,80,turns,D05,D08,12.1,3,21.539893478541025,0,0,False,False,True,2,52.57740645446612,0,0,False,False,True,6,16.849940165911917,0,0,False,False,True,,,True,False,False,False,linear_residual
fault_turns_d05_d08_r026_s1500_t52,1500,52,turns,D05,D08,12.1,3,368.27102841729004,3,3,True,True,True,2,262.6509816097465,2,2,True,True,True,6,196.68312942540334,6,6,True,True,True,0.0,0.2,False,True,True,False,linear_residual
fault_turns_d05_d08_r026_s1500_t64,1500,64,turns,D05,D08,12.1,3,80.02169312061277,0,0,False,False,True,2,323.1347032970056,2,2,True,True,True,6,95.69360676247933,1,1,True,True,True,0.0,0.2,False,False,True,False,linear_residual
fault_turns_d05_d08_r026_s1500_t80,1500,80,turns,D05,D08,12.1,3,77.44109400300292,0,0,False,False,True,2,176.45147843100298,1,1,True,True,True,6,5054.126512072859,4,4,True,True,True,1.0,0.4,False,False,True,False,linear_residual
fault_turns_d05_d08_r026_s1800_t52,1800,52,turns,D05,D08,12.1,3,21.73395927579844,0,0,False,False,True,2,265.9536129115377,2,2,True,True,True,6,71.37786537739548,0,0,False,False,True,0.0,0.2,False,False,True,False,linear_residual
fault_turns_d05_d08_r026_s1800_t64,1800,64,turns,D05,D08,12.1,3,34.199488475096,0,0,False,False,True,2,167.58600015230422,1,1,True,True,True,6,92.99080550043544,1,1,True,True,True,1.0,0.4,False,False,True,False,linear_residual
fault_turns_d05_d08_r026_s1800_t80,1800,80,turns,D05,D08,12.1,3,23.17976021593556,0,0,False,False,True,2,99.43056096637446,1,1,True,True,True,6,55.410997512379794,0,0,False,False,True,1.0,0.4,False,False,True,False,linear_residual
fault_turns_d06_d07_r026_s1200_t52,1200,52,turns,D06,D07,7.399999999999999,3,26.543852466713695,0,0,False,False,True,2,31.174293397842945,0,0,False,False,True,6,24.893309938970617,0,0,False,False,True,,,True,False,False,False,linear_residual
fault_turns_d06_d07_r026_s1200_t64,1200,64,turns,D06,D07,7.399999999999999,3,30.729413642206673,0,0,False,False,True,2,27.130521360504858,0,0,False,False,True,6,26.611448747596157,0,0,False,False,True,,,True,False,False,False,linear_residual
fault_turns_d06_d07_r026_s1200_t80,1200,80,turns,D06,D07,7.399999999999999,3,26.088720127362883,0,0,False,False,True,2,41.51648032376215,0,0,False,False,True,6,25.391312770503824,0,0,False,False,True,,,True,False,False,False,linear_residual
fault_turns_d06_d07_r026_s1500_t52,1500,52,turns,D06,D07,7.399999999999999,3,167.95822098787806,3,3,True,True,True,2,241.83553092098532,2,2,True,True,True,6,158.79792631861693,6,6,True,True,True,0.0,0.2,False,True,True,False,linear_residual
fault_turns_d06_d07_r026_s1500_t64,1500,64,turns,D06,D07,7.399999999999999,3,110.10866086879875,3,3,True,True,True,2,126.968539663046,2,2,True,True,True,6,97.37996331563288,1,1,True,True,True,0.0,0.2,False,True,True,False,linear_residual
fault_turns_d06_d07_r026_s1500_t80,1500,80,turns,D06,D07,7.399999999999999,3,138.10721697997445,1,1,True,True,True,2,94.93030369182823,1,1,True,True,True,6,74.21295200860757,0,0,False,False,True,1.0,0.4,False,True,True,False,linear_residual
fault_turns_d06_d07_r026_s1800_t52,1800,52,turns,D06,D07,7.399999999999999,3,42.19936587941523,0,0,False,False,True,2,58.83054429473657,0,0,False,False,True,6,30.775483861751617,0,0,False,False,True,,,True,False,False,False,linear_residual
fault_turns_d06_d07_r026_s1800_t64,1800,64,turns,D06,D07,7.399999999999999,3,51.524675269747334,0,0,False,False,True,2,32.861632026510584,0,0,False,False,True,6,33.15917401705181,0,0,False,False,True,,,True,False,False,False,linear_residual
fault_turns_d06_d07_r026_s1800_t80,1800,80,turns,D06,D07,7.399999999999999,3,24.251158675459585,0,0,False,False,True,2,45.11150513450259,0,0,False,False,True,6,22.410523213083053,0,0,False,False,True,,,True,False,False,False,linear_residual
fault_turns_d09_d10_r026_s1200_t52,1200,52,turns,D09,D10,2.799999999999997,3,51.164099761313125,0,0,False,False,True,2,39.12418422885204,0,0,False,False,True,6,56.66273413891186,0,0,False,False,True,,,True,False,False,False,linear_residual
fault_turns_d09_d10_r026_s1200_t64,1200,64,turns,D09,D10,2.799999999999997,3,47.67140441472057,0,0,False,False,True,2,31.20428336557593,0,0,False,False,True,6,40.422014983414805,0,0,False,False,True,,,True,False,False,False,linear_residual
fault_turns_d09_d10_r026_s1200_t80,1200,80,turns,D09,D10,2.799999999999997,3,55.33159939317526,0,0,False,False,True,2,26.53274755480422,0,0,False,False,True,6,30.05225821225347,0,0,False,False,True,,,True,False,False,False,linear_residual
fault_turns_d09_d10_r026_s1500_t52,1500,52,turns,D09,D10,2.799999999999997,3,111.13588629869255,3,3,True,True,True,2,166.52571823034572,2,2,True,True,True,6,292.54849311217424,6,6,True,True,True,0.0,0.2,False,True,True,False,linear_residual
fault_turns_d09_d10_r026_s1500_t64,1500,64,turns,D09,D10,2.799999999999997,3,185.8581352726519,2,2,True,True,True,2,84.34422074233157,0,0,False,False,True,6,105.32677505468564,1,1,True,True,True,,,True,True,False,False,linear_residual
fault_turns_d09_d10_r026_s1500_t80,1500,80,turns,D09,D10,2.799999999999997,3,49.12296292629413,0,0,False,False,True,2,48.48145696729902,0,0,False,False,True,6,136.52635975457838,2,2,True,True,True,,,True,False,False,False,linear_residual
fault_turns_d09_d10_r026_s1800_t52,1800,52,turns,D09,D10,2.799999999999997,3,36.65440109175175,0,0,False,False,True,2,71.97142248572285,0,0,False,False,True,6,140.08653689143614,3,3,True,True,True,,,True,False,False,False,linear_residual
fault_turns_d09_d10_r026_s1800_t64,1800,64,turns,D09,D10,2.799999999999997,3,61.25889276621458,0,0,False,False,True,2,57.75101774444258,0,0,False,False,True,6,62.102820411264524,0,0,False,False,True,,,True,False,False,False,linear_residual
fault_turns_d09_d10_r026_s1800_t80,1800,80,turns,D09,D10,2.799999999999997,3,27.62325181449784,0,0,False,False,True,2,17.75268962421332,0,0,False,False,True,6,36.79161357046267,0,0,False,False,True,,,True,False,False,False,linear_residual
fault_turns_d11_d12_r026_s1200_t52,1200,52,turns,D11,D12,2.699999999999996,3,64.24912544514486,0,0,False,False,True,2,49.42474209474845,0,0,False,False,True,6,47.48207973242058,0,0,False,False,True,,,True,False,False,False,linear_residual
fault_turns_d11_d12_r026_s1200_t64,1200,64,turns,D11,D12,2.699999999999996,3,54.54855274313021,0,0,False,False,True,2,29.927374397668764,0,0,False,False,True,6,112.67893413608715,2,2,True,True,True,,,True,False,False,False,linear_residual
fault_turns_d11_d12_r026_s1200_t80,1200,80,turns,D11,D12,2.699999999999996,3,41.65856882121494,0,0,False,False,True,2,19.428022700337493,0,0,False,False,True,6,33.274764729302426,0,0,False,False,True,,,True,False,False,False,linear_residual
fault_turns_d11_d12_r026_s1500_t52,1500,52,turns,D11,D12,2.699999999999996,3,92.49020835150012,1,1,True,True,True,2,90.34444800713648,2,2,True,True,True,6,236.71541246232215,6,6,True,True,True,0.0,0.2,False,True,True,False,linear_residual
fault_turns_d11_d12_r026_s1500_t64,1500,64,turns,D11,D12,2.699999999999996,3,175.05176384630576,3,3,True,True,True,2,141.82326514079026,2,2,True,True,True,6,120.91783493475018,1,1,True,True,True,0.0,0.2,False,True,True,False,linear_residual
fault_turns_d11_d12_r026_s1500_t80,1500,80,turns,D11,D12,2.699999999999996,3,62.62874370728873,0,0,False,False,True,2,93.350959820205,1,1,True,True,True,6,172.91129479774094,4,4,True,True,True,0.0,0.2,False,False,True,False,linear_residual
fault_turns_d11_d12_r026_s1800_t52,1800,52,turns,D11,D12,2.699999999999996,3,119.86642334370518,1,1,True,True,True,2,38.04188066312788,0,0,False,False,True,6,123.55703126081184,2,2,True,True,True,,,True,True,False,False,linear_residual
fault_turns_d11_d12_r026_s1800_t64,1800,64,turns,D11,D12,2.699999999999996,3,63.126868456665804,0,0,False,False,True,2,51.87663212284501,0,0,False,False,True,6,327.8950156054771,4,4,True,True,True,,,True,False,False,False,linear_residual
fault_turns_d11_d12_r026_s1800_t80,1800,80,turns,D11,D12,2.699999999999996,3,47.147930504456234,0,0,False,False,True,2,14.90423383711203,0,0,False,False,True,6,87.64264848681665,1,1,True,True,True,,,True,False,False,False,linear_residual
fault_turns_d13_d16_r026_s1200_t52,1200,52,turns,D13,D16,11.6,3,39.93748900149549,0,0,False,False,True,2,95.76078959200555,1,1,True,True,True,6,23.56182745499276,0,0,False,False,True,1.0,0.4,False,False,True,False,linear_residual
fault_turns_d13_d16_r026_s1200_t64,1200,64,turns,D13,D16,11.6,3,27.012363182731512,0,0,False,False,True,2,75.79946709114114,0,0,False,False,True,6,46.19579922773933,0,0,False,False,True,,,True,False,False,False,linear_residual
fault_turns_d13_d16_r026_s1200_t80,1200,80,turns,D13,D16,11.6,3,16.65561455972872,0,0,False,False,True,2,48.47249046309386,0,0,False,False,True,6,15.129971436953578,0,0,False,False,True,,,True,False,False,False,linear_residual
fault_turns_d13_d16_r026_s1500_t52,1500,52,turns,D13,D16,11.6,3,187.09016132418785,3,3,True,True,True,2,322.6094877857313,2,2,True,True,True,6,113.97307213616013,6,6,True,True,True,0.0,0.2,False,True,True,False,linear_residual
fault_turns_d13_d16_r026_s1500_t64,1500,64,turns,D13,D16,11.6,3,65.52751152709541,0,0,False,False,True,2,153.10411852704334,1,1,True,True,True,6,66.40058166875497,0,0,False,False,True,1.0,0.4,False,False,True,False,linear_residual
fault_turns_d13_d16_r026_s1500_t80,1500,80,turns,D13,D16,11.6,3,71.68419591092551,0,0,False,False,True,2,141.82409919514745,1,1,True,True,True,6,79.61439955756144,0,0,False,False,True,1.0,0.4,False,False,True,False,linear_residual
fault_turns_d13_d16_r026_s1800_t52,1800,52,turns,D13,D16,11.6,3,43.14872470982781,0,0,False,False,True,2,349.1305660606223,1,1,True,True,True,6,38.62196386000258,0,0,False,False,True,1.0,0.4,False,False,True,False,linear_residual
fault_turns_d13_d16_r026_s1800_t64,1800,64,turns,D13,D16,11.6,3,26.094544798053768,0,0,False,False,True,2,185.67688247861724,1,1,True,True,True,6,34.91761826472084,0,0,False,False,True,1.0,0.4,False,False,True,False,linear_residual
fault_turns_d13_d16_r026_s1800_t80,1800,80,turns,D13,D16,11.6,3,24.758347473755258,0,0,False,False,True,2,158.91169959514713,1,1,True,True,True,6,33.503001931039954,0,0,False,False,True,1.0,0.4,False,False,True,False,linear_residual
fault_turns_d14_d15_r026_s1200_t52,1200,52,turns,D14,D15,7.400000000000006,3,32.63248178194064,0,0,False,False,True,2,26.344164418137687,0,0,False,False,True,6,49.263899973236555,0,0,False,False,True,,,True,False,False,False,linear_residual
fault_turns_d14_d15_r026_s1200_t64,1200,64,turns,D14,D15,7.400000000000006,3,45.58291772056792,0,0,False,False,True,2,33.80639494827816,0,0,False,False,True,6,42.55377618945509,0,0,False,False,True,,,True,False,False,False,linear_residual
fault_turns_d14_d15_r026_s1200_t80,1200,80,turns,D14,D15,7.400000000000006,3,53.09984337726463,0,0,False,False,True,2,23.60114913816971,0,0,False,False,True,6,26.347114991034637,0,0,False,False,True,,,True,False,False,False,linear_residual
fault_turns_d14_d15_r026_s1500_t52,1500,52,turns,D14,D15,7.400000000000006,3,111.00921955972207,2,2,True,True,True,2,149.95506959695757,2,2,True,True,True,6,158.42024708834975,6,6,True,True,True,0.0,0.2,False,True,True,False,linear_residual
fault_turns_d14_d15_r026_s1500_t64,1500,64,turns,D14,D15,7.400000000000006,3,77.53636016260091,0,0,False,False,True,2,113.64464589367212,1,1,True,True,True,6,128.02136572068855,5,5,True,True,True,1.0,0.4,False,False,True,False,linear_residual
fault_turns_d14_d15_r026_s1500_t80,1500,80,turns,D14,D15,7.400000000000006,3,104.67646604738569,1,1,True,True,True,2,86.25270559407653,1,1,True,True,True,6,63.425083328797996,0,0,False,False,True,0.0,0.2,False,True,True,False,linear_residual
fault_turns_d14_d15_r026_s1800_t52,1800,52,turns,D14,D15,7.400000000000006,3,25.907172212699425,0,0,False,False,True,2,38.18083620610057,0,0,False,False,True,6,115.14050411124067,2,2,True,True,True,,,True,False,False,False,linear_residual
fault_turns_d14_d15_r026_s1800_t64,1800,64,turns,D14,D15,7.400000000000006,3,26.33219878239209,0,0,False,False,True,2,33.0009192520857,0,0,False,False,True,6,24.333885818908918,0,0,False,False,True,,,True,False,False,False,linear_residual
fault_turns_d14_d15_r026_s1800_t80,1800,80,turns,D14,D15,7.400000000000006,3,17.114271958979728,0,0,False,False,True,2,17.8392507934689,0,0,False,False,True,6,13.107666724480001,0,0,False,False,True,,,True,False,False,False,linear_residual
fault_turns_d17_d20_r026_s1200_t52,1200,52,turns,D17,D20,11.599999999999994,3,36.87865216124167,0,0,False,False,True,2,76.28888157953462,0,0,False,False,True,6,25.29599674327683,0,0,False,False,True,,,True,False,False,False,linear_residual
fault_turns_d17_d20_r026_s1200_t64,1200,64,turns,D17,D20,11.599999999999994,3,51.21009913782184,0,0,False,False,True,2,73.32083390993229,0,0,False,False,True,6,33.462164538136264,0,0,False,False,True,,,True,False,False,False,linear_residual
fault_turns_d17_d20_r026_s1200_t80,1200,80,turns,D17,D20,11.599999999999994,3,41.551848425339806,0,0,False,False,True,2,32.12407882402771,0,0,False,False,True,6,33.639424901785105,0,0,False,False,True,,,True,False,False,False,linear_residual
fault_turns_d17_d20_r026_s1500_t52,1500,52,turns,D17,D20,11.599999999999994,3,89.99911901980246,1,1,True,True,True,2,272.57217149473263,2,2,True,True,True,6,115.14669654458504,5,5,True,True,True,0.0,0.2,False,True,True,False,linear_residual
fault_turns_d17_d20_r026_s1500_t64,1500,64,turns,D17,D20,11.599999999999994,3,78.60521972681491,0,0,False,False,True,2,122.07913156059377,1,1,True,True,True,6,61.87809119018842,0,0,False,False,True,1.0,0.4,False,False,True,False,linear_residual
fault_turns_d17_d20_r026_s1500_t80,1500,80,turns,D17,D20,11.599999999999994,3,56.52943937204737,0,0,False,False,True,2,97.8890516133078,1,1,True,True,True,6,67.20510095529194,0,0,False,False,True,1.0,0.4,False,False,True,False,linear_residual
fault_turns_d17_d20_r026_s1800_t52,1800,52,turns,D17,D20,11.599999999999994,3,41.67637316571101,0,0,False,False,True,2,304.0769414157778,1,1,True,True,True,6,34.40481903148659,0,0,False,False,True,1.0,0.4,False,False,True,False,linear_residual
fault_turns_d17_d20_r026_s1800_t64,1800,64,turns,D17,D20,11.599999999999994,3,17.83319448455812,0,0,False,False,True,2,163.36891881125865,1,1,True,True,True,6,35.80930415991877,0,0,False,False,True,1.0,0.4,False,False,True,False,linear_residual
fault_turns_d17_d20_r026_s1800_t80,1800,80,turns,D17,D20,11.599999999999994,3,20.796782408395647,0,0,False,False,True,2,125.79028751836262,1,1,True,True,True,6,29.371402083160653,0,0,False,False,True,1.0,0.4,False,False,True,False,linear_residual
fault_turns_d18_d19_r026_s1200_t52,1200,52,turns,D18,D19,7.400000000000006,3,51.239954563410635,0,0,False,False,True,2,50.36173715475112,0,0,False,False,True,6,37.61475731497786,0,0,False,False,True,,,True,False,False,False,linear_residual
fault_turns_d18_d19_r026_s1200_t64,1200,64,turns,D18,D19,7.400000000000006,3,32.962574044641656,0,0,False,False,True,2,18.431490733351943,0,0,False,False,True,6,27.24339357622887,0,0,False,False,True,,,True,False,False,False,linear_residual
fault_turns_d18_d19_r026_s1200_t80,1200,80,turns,D18,D19,7.400000000000006,3,23.1572044126215,0,0,False,False,True,2,41.87869376265116,0,0,False,False,True,6,12.042285619291057,0,0,False,False,True,,,True,False,False,False,linear_residual
fault_turns_d18_d19_r026_s1500_t52,1500,52,turns,D18,D19,7.400000000000006,3,127.65981518703303,2,2,True,True,True,2,172.37526139384067,2,2,True,True,True,6,317.388666463873,6,6,True,True,True,0.0,0.2,False,True,True,False,linear_residual
fault_turns_d18_d19_r026_s1500_t64,1500,64,turns,D18,D19,7.400000000000006,3,123.22586950350434,2,2,True,True,True,2,151.26716244802188,2,2,True,True,True,6,142.33933212934153,5,5,True,True,True,0.0,0.2,False,True,True,False,linear_residual
fault_turns_d18_d19_r026_s1500_t80,1500,80,turns,D18,D19,7.400000000000006,3,57.8498963850816,0,0,False,False,True,2,85.61137081958373,1,1,True,True,True,6,124.23314300094665,2,2,True,True,True,1.0,0.4,False,False,True,False,linear_residual
fault_turns_d18_d19_r026_s1800_t52,1800,52,turns,D18,D19,7.400000000000006,3,47.647349763223936,0,0,False,False,True,2,97.73234758822849,1,1,True,True,True,6,46.83470106462221,0,0,False,False,True,1.0,0.4,False,False,True,False,linear_residual
fault_turns_d18_d19_r026_s1800_t64,1800,64,turns,D18,D19,7.400000000000006,3,69.72569348927581,0,0,False,False,True,2,52.7704742559282,0,0,False,False,True,6,43.64776159310412,0,0,False,False,True,,,True,False,False,False,linear_residual
fault_turns_d18_d19_r026_s1800_t80,1800,80,turns,D18,D19,7.400000000000006,3,17.461730938602564,0,0,False,False,True,2,23.446296100981964,0,0,False,False,True,6,24.85562525257702,0,0,False,False,True,,,True,False,False,False,linear_residual
fault_turns_d21_d22_r026_s1200_t52,1200,52,turns,D21,D22,3.8000000000000114,3,33.77997061648131,0,0,False,False,True,2,85.3393227602583,1,1,True,True,True,6,55.40959879677468,0,0,False,False,True,0.0,0.2,False,False,True,False,linear_residual
fault_turns_d21_d22_r026_s1200_t64,1200,64,turns,D21,D22,3.8000000000000114,3,61.07706944805676,0,0,False,False,True,2,25.354129819561695,0,0,False,False,True,6,27.50461893676945,0,0,False,False,True,,,True,False,False,False,linear_residual
fault_turns_d21_d22_r026_s1200_t80,1200,80,turns,D21,D22,3.8000000000000114,3,40.823020654876714,0,0,False,False,True,2,18.505437970927552,0,0,False,False,True,6,37.77264719089393,0,0,False,False,True,,,True,False,False,False,linear_residual
fault_turns_d21_d22_r026_s1500_t52,1500,52,turns,D21,D22,3.8000000000000114,3,137.60999100955436,3,3,True,True,True,2,141.67981481612014,2,2,True,True,True,6,393.5580161037447,6,6,True,True,True,0.0,0.2,False,True,True,False,linear_residual
fault_turns_d21_d22_r026_s1500_t64,1500,64,turns,D21,D22,3.8000000000000114,3,122.59167707486226,1,1,True,True,True,2,79.79677697981772,0,0,False,False,True,6,167.0547895229489,4,4,True,True,True,,,True,True,False,False,linear_residual
fault_turns_d21_d22_r026_s1500_t80,1500,80,turns,D21,D22,3.8000000000000114,3,63.52026054697084,0,0,False,False,True,2,69.9097155620449,0,0,False,False,True,6,65.39182979199622,0,0,False,False,True,,,True,False,False,False,linear_residual
fault_turns_d21_d22_r026_s1800_t52,1800,52,turns,D21,D22,3.8000000000000114,3,104.1107542273233,1,1,True,True,True,2,47.16377670042327,0,0,False,False,True,6,29.27592563919633,0,0,False,False,True,,,True,True,False,False,linear_residual
fault_turns_d21_d22_r026_s1800_t64,1800,64,turns,D21,D22,3.8000000000000114,3,26.10165767238116,0,0,False,False,True,2,21.54638215190988,0,0,False,False,True,6,62.32316138196056,0,0,False,False,True,,,True,False,False,False,linear_residual
fault_turns_d21_d22_r026_s1800_t80,1800,80,turns,D21,D22,3.8000000000000114,3,38.7240949740704,0,0,False,False,True,2,100.66152381279983,1,1,True,True,True,6,26.827759774674917,0,0,False,False,True,0.0,0.2,False,False,True,False,linear_residual
fault_turns_d23_d24_r026_s1200_t52,1200,52,turns,D23,D24,2.800000000000012,3,68.00534079873363,0,0,False,False,True,2,54.37071265447169,0,0,False,False,True,6,107.66261209067706,3,3,True,True,True,,,True,False,False,False,linear_residual
fault_turns_d23_d24_r026_s1200_t64,1200,64,turns,D23,D24,2.800000000000012,3,59.110735574047624,0,0,False,False,True,2,52.98261500390436,0,0,False,False,True,6,47.700272924954376,0,0,False,False,True,,,True,False,False,False,linear_residual
fault_turns_d23_d24_r026_s1200_t80,1200,80,turns,D23,D24,2.800000000000012,3,39.41082654589364,0,0,False,False,True,2,13.372697402304725,0,0,False,False,True,6,29.975375755609882,0,0,False,False,True,,,True,False,False,False,linear_residual
fault_turns_d23_d24_r026_s1500_t52,1500,52,turns,D23,D24,2.800000000000012,3,180.05886768542322,2,2,True,True,True,2,139.6491931489741,2,2,True,True,True,6,148.0343820863699,6,6,True,True,True,0.0,0.2,False,True,True,False,linear_residual
fault_turns_d23_d24_r026_s1500_t64,1500,64,turns,D23,D24,2.800000000000012,3,80.75518411220632,0,0,False,False,True,2,122.96176023891189,1,1,True,True,True,6,129.11591561957238,3,3,True,True,True,0.0,0.2,False,False,True,False,linear_residual
fault_turns_d23_d24_r026_s1500_t80,1500,80,turns,D23,D24,2.800000000000012,3,78.11035142046101,0,0,False,False,True,2,88.45155372731597,1,1,True,True,True,6,74.39271554264454,0,0,False,False,True,0.0,0.2,False,False,True,False,linear_residual
fault_turns_d23_d24_r026_s1800_t52,1800,52,turns,D23,D24,2.800000000000012,3,29.42682103454819,0,0,False,False,True,2,58.957870163264325,0,0,False,False,True,6,55.64060640320321,0,0,False,False,True,,,True,False,False,False,linear_residual
fault_turns_d23_d24_r026_s1800_t64,1800,64,turns,D23,D24,2.800000000000012,3,95.13143756740217,2,2,True,True,True,2,20.96615034315964,0,0,False,False,True,6,50.4451763638768,0,0,False,False,True,,,True,True,False,False,linear_residual
fault_turns_d23_d24_r026_s1800_t80,1800,80,turns,D23,D24,2.800000000000012,3,41.48761168660667,0,0,False,False,True,2,30.002022149095914,0,0,False,False,True,6,39.87176202757787,0,0,False,False,True,,,True,False,False,False,linear_residual
fault_windings_d01_d06_r026_s1200_t52,1200,52,windings,D01,D06,14.34,3,58.093525991454726,0,0,False,False,True,2,318.9438066085613,2,2,True,True,True,6,134.7834035557562,1,1,True,True,True,0.0,0.2,False,False,True,False,linear_residual
fault_windings_d01_d06_r026_s1200_t64,1200,64,windings,D01,D06,14.34,3,55.865460630120765,0,0,False,False,True,2,171.02357413354596,1,1,True,True,True,6,68.15367247071802,0,0,False,False,True,1.0,0.4,False,False,True,False,linear_residual
fault_windings_d01_d06_r026_s1200_t80,1200,80,windings,D01,D06,14.34,3,10.323940926222694,0,0,False,False,True,2,93.10412029965582,1,1,True,True,True,6,16.093649245621563,0,0,False,False,True,1.0,0.4,False,False,True,False,linear_residual
fault_windings_d01_d06_r026_s1500_t52,1500,52,windings,D01,D06,14.34,3,142.11939942580588,3,3,True,True,True,2,781.6145305852093,2,2,True,True,True,6,126.35604469647983,4,4,True,True,True,0.0,0.2,False,True,True,False,linear_residual
fault_windings_d01_d06_r026_s1500_t64,1500,64,windings,D01,D06,14.34,3,64.74707693902675,0,0,False,False,True,2,522.1843567883554,2,2,True,True,True,6,118.95430677848768,2,2,True,True,True,0.0,0.2,False,False,True,False,linear_residual
fault_windings_d01_d06_r026_s1500_t80,1500,80,windings,D01,D06,14.34,3,52.43167555208147,0,0,False,False,True,2,232.13908345218653,1,1,True,True,True,6,61.92022519571604,0,0,False,False,True,1.0,0.4,False,False,True,False,linear_residual
fault_windings_d01_d06_r026_s1800_t52,1800,52,windings,D01,D06,14.34,3,34.678014542395786,0,0,False,False,True,2,1317.9521201086245,2,2,True,True,True,6,50.86256238443149,0,0,False,False,True,0.0,0.2,False,False,True,False,linear_residual
fault_windings_d01_d06_r026_s1800_t64,1800,64,windings,D01,D06,14.34,3,26.090467923756087,0,0,False,False,True,2,667.6281803936456,2,2,True,True,True,6,40.57786499927919,0,0,False,False,True,0.0,0.2,False,False,True,False,linear_residual
fault_windings_d01_d06_r026_s1800_t80,1800,80,windings,D01,D06,14.34,3,20.473726666435372,0,0,False,False,True,2,393.4113000739095,2,2,True,True,True,6,93.19881054978553,1,1,True,True,True,0.0,0.2,False,False,True,False,linear_residual
fault_windings_d01_d07_r026_s1200_t52,1200,52,windings,D01,D07,21.74,3,39.22415268748422,0,0,False,False,True,2,3449.7047523888787,2,2,True,True,True,6,244.7073035698631,1,1,True,True,True,0.0,0.2,False,False,True,False,linear_residual
fault_windings_d01_d07_r026_s1200_t64,1200,64,windings,D01,D07,21.74,3,22.535812256511846,0,0,False,False,True,2,1067.1916036728348,2,2,True,True,True,6,264.95490888641893,2,2,True,True,True,0.0,0.2,False,False,True,False,linear_residual
fault_windings_d01_d07_r026_s1200_t80,1200,80,windings,D01,D07,21.74,3,15.66802827746363,0,0,False,False,True,2,670.3721456461383,2,2,True,True,True,6,86.87303680796208,1,1,True,True,True,0.0,0.2,False,False,True,False,linear_residual
fault_windings_d01_d07_r026_s1500_t52,1500,52,windings,D01,D07,21.74,3,130.34675439073888,2,2,True,True,True,2,7466.114284326395,2,2,True,True,True,6,398.2002652653988,5,5,True,True,True,0.0,0.2,False,True,True,False,linear_residual
fault_windings_d01_d07_r026_s1500_t64,1500,64,windings,D01,D07,21.74,3,71.93580909996784,0,0,False,False,True,2,2939.65889111758,2,2,True,True,True,6,295.90752778046084,2,2,True,True,True,0.0,0.2,False,False,True,False,linear_residual
fault_windings_d01_d07_r026_s1500_t80,1500,80,windings,D01,D07,21.74,3,63.527740177431376,0,0,False,False,True,2,1258.3148226731323,2,2,True,True,True,6,189.51249275653961,1,1,True,True,True,0.0,0.2,False,False,True,False,linear_residual
fault_windings_d01_d07_r026_s1800_t52,1800,52,windings,D01,D07,21.74,3,39.16814079248111,0,0,False,False,True,2,14701.548327717665,2,2,True,True,True,6,2344.5657537562156,2,2,True,True,True,0.0,0.2,False,False,True,False,linear_residual
fault_windings_d01_d07_r026_s1800_t64,1800,64,windings,D01,D07,21.74,3,25.781740903770903,0,0,False,False,True,2,7732.970650857726,2,2,True,True,True,6,757.286581801889,2,2,True,True,True,0.0,0.2,False,False,True,False,linear_residual
fault_windings_d01_d07_r026_s1800_t80,1800,80,windings,D01,D07,21.74,3,34.528907143812916,0,0,False,False,True,2,2109.3875829032672,2,2,True,True,True,6,548.9338263624018,1,1,True,True,True,0.0,0.2,False,False,True,False,linear_residual
fault_windings_d04_d06_r026_s1200_t52,1200,52,windings,D04,D06,2.3000000000000007,3,89.85333229623248,1,1,True,True,True,2,47.149021880573464,0,0,False,False,True,6,49.89367879673062,0,0,False,False,True,,,True,True,False,False,linear_residual
fault_windings_d04_d06_r026_s1200_t64,1200,64,windings,D04,D06,2.3000000000000007,3,91.17063628210576,1,1,True,True,True,2,113.50674013620184,1,1,True,True,True,6,73.56070611171356,0,0,False,False,True,1.0,0.4,False,True,True,False,linear_residual
fault_windings_d04_d06_r026_s1200_t80,1200,80,windings,D04,D06,2.3000000000000007,3,69.79155692081643,0,0,False,False,True,2,56.510480855406996,0,0,False,False,True,6,79.61354240489385,0,0,False,False,True,,,True,False,False,False,linear_residual
fault_windings_d04_d06_r026_s1500_t52,1500,52,windings,D04,D06,2.3000000000000007,3,121.13002350477797,3,3,True,True,True,2,111.92802335737758,2,2,True,True,True,6,799.7641884723637,5,5,True,True,True,0.0,0.2,False,True,True,False,linear_residual
fault_windings_d04_d06_r026_s1500_t64,1500,64,windings,D04,D06,2.3000000000000007,3,129.37887675410335,1,1,True,True,True,2,158.81084680299114,2,2,True,True,True,6,335.675715994986,5,5,True,True,True,0.0,0.2,False,True,True,False,linear_residual
fault_windings_d04_d06_r026_s1500_t80,1500,80,windings,D04,D06,2.3000000000000007,3,52.22020738575043,0,0,False,False,True,2,66.35274406334487,0,0,False,False,True,6,88.94266717956464,1,1,True,True,True,,,True,False,False,False,linear_residual
fault_windings_d04_d06_r026_s1800_t52,1800,52,windings,D04,D06,2.3000000000000007,3,129.76665247107638,1,1,True,True,True,2,125.97018000494198,1,1,True,True,True,6,539.5823269967956,4,4,True,True,True,0.0,0.2,False,True,True,False,linear_residual
fault_windings_d04_d06_r026_s1800_t64,1800,64,windings,D04,D06,2.3000000000000007,3,154.23232163455594,1,1,True,True,True,2,210.75141478071185,2,2,True,True,True,6,129.02011462601567,1,1,True,True,True,0.0,0.2,False,True,True,False,linear_residual
fault_windings_d04_d06_r026_s1800_t80,1800,80,windings,D04,D06,2.3000000000000007,3,40.366501699242576,0,0,False,False,True,2,134.16050456257884,1,1,True,True,True,6,63.90650336763915,0,0,False,False,True,0.0,0.2,False,False,True,False,linear_residual
fault_windings_d04_d07_r026_s1200_t52,1200,52,windings,D04,D07,9.7,3,64.25168649360273,0,0,False,False,True,2,226.89107210184721,2,2,True,True,True,6,244.21608503012004,4,4,True,True,True,0.0,0.2,False,False,True,False,linear_residual
fault_windings_d04_d07_r026_s1200_t64,1200,64,windings,D04,D07,9.7,3,31.466540619482203,0,0,False,False,True,2,83.62158702994694,0,0,False,False,True,6,214.2710241599325,2,2,True,True,True,,,True,False,False,False,linear_residual
fault_windings_d04_d07_r026_s1200_t80,1200,80,windings,D04,D07,9.7,3,98.90698900396819,1,1,True,True,True,2,282.06708175222155,1,1,True,True,True,6,178.76157689164916,1,1,True,True,True,1.0,0.4,False,True,True,False,linear_residual
fault_windings_d04_d07_r026_s1500_t52,1500,52,windings,D04,D07,9.7,3,77.05239985522348,0,0,False,False,True,2,404.60788220533306,2,2,True,True,True,6,310.4584125562557,6,6,True,True,True,0.0,0.2,False,False,True,False,linear_residual
fault_windings_d04_d07_r026_s1500_t64,1500,64,windings,D04,D07,9.7,3,72.08896301545117,0,0,False,False,True,2,113.56465353259657,1,1,True,True,True,6,229.7014610116383,6,6,True,True,True,1.0,0.4,False,False,True,False,linear_residual
fault_windings_d04_d07_r026_s1500_t80,1500,80,windings,D04,D07,9.7,3,124.66117181805237,2,2,True,True,True,2,160.637928766193,2,2,True,True,True,6,204.31866311024154,4,4,True,True,True,0.0,0.2,False,True,True,False,linear_residual
fault_windings_d04_d07_r026_s1800_t52,1800,52,windings,D04,D07,9.7,3,49.81376566749816,0,0,False,False,True,2,236.0538870727015,2,2,True,True,True,6,134.83561260865633,2,2,True,True,True,0.0,0.2,False,False,True,False,linear_residual
fault_windings_d04_d07_r026_s1800_t64,1800,64,windings,D04,D07,9.7,3,93.10065050861927,1,1,True,True,True,2,192.5465823813172,1,1,True,True,True,6,350.79741783149643,1,1,True,True,True,1.0,0.4,False,True,True,False,linear_residual
fault_windings_d04_d07_r026_s1800_t80,1800,80,windings,D04,D07,9.7,3,22.345097399463853,0,0,False,False,True,2,165.49116266870902,1,1,True,True,True,6,34.749082648511234,0,0,False,False,True,1.0,0.4,False,False,True,False,linear_residual
fault_windings_d11_d21_r026_s1200_t52,1200,52,windings,D11,D21,36.39999999999999,3,60.21279715339568,0,0,False,False,True,2,278041.74094277923,2,2,True,True,True,6,8871.533961186253,3,3,True,True,True,0.0,0.2,False,False,True,False,linear_residual
fault_windings_d11_d21_r026_s1200_t64,1200,64,windings,D11,D21,36.39999999999999,3,47.884916523842364,0,0,False,False,True,2,98141.37816895675,2,2,True,True,True,6,1759.6362110327166,2,2,True,True,True,0.0,0.2,False,False,True,False,linear_residual
fault_windings_d11_d21_r026_s1200_t80,1200,80,windings,D11,D21,36.39999999999999,3,16.0838015909124,0,0,False,False,True,2,18472.670790063432,2,2,True,True,True,6,1157.698774780139,2,2,True,True,True,0.0,0.2,False,False,True,False,linear_residual
fault_windings_d11_d21_r026_s1500_t52,1500,52,windings,D11,D21,36.39999999999999,3,137.30622714050858,3,3,True,True,True,2,732983.4341248907,2,2,True,True,True,6,29982.58624786607,5,5,True,True,True,0.0,0.2,False,True,True,False,linear_residual
fault_windings_d11_d21_r026_s1500_t64,1500,64,windings,D11,D21,36.39999999999999,3,87.81922663994413,1,1,True,True,True,2,394208.731676035,2,2,True,True,True,6,6030.830271630788,3,3,True,True,True,0.0,0.2,False,True,True,False,linear_residual
fault_windings_d11_d21_r026_s1500_t80,1500,80,windings,D11,D21,36.39999999999999,3,55.01548431745762,0,0,False,False,True,2,111198.60312201045,2,2,True,True,True,6,2346.9779339791394,2,2,True,True,True,0.0,0.2,False,False,True,False,linear_residual
fault_windings_d11_d21_r026_s1800_t52,1800,52,windings,D11,D21,36.39999999999999,3,174.05973318856059,2,2,True,True,True,2,748271.0307210259,2,2,True,True,True,6,88794.58854648353,4,4,True,True,True,0.0,0.2,False,True,True,False,linear_residual
fault_windings_d11_d21_r026_s1800_t64,1800,64,windings,D11,D21,36.39999999999999,3,26.959943927859513,0,0,False,False,True,2,800348.5977883636,2,2,True,True,True,6,19728.202679232065,2,2,True,True,True,0.0,0.2,False,False,True,False,linear_residual
fault_windings_d11_d21_r026_s1800_t80,1800,80,windings,D11,D21,36.39999999999999,3,23.613687119518133,0,0,False,False,True,2,235421.49137062658,2,2,True,True,True,6,10625.310316347268,2,2,True,True,True,0.0,0.2,False,False,True,False,linear_residual
fault_windings_d11_d22_r026_s1200_t52,1200,52,windings,D11,D22,40.2,3,57.36769040665029,0,0,False,False,True,2,797465.3536452665,2,2,True,True,True,6,10519.584375768289,3,3,True,True,True,0.0,0.2,False,False,True,False,linear_residual
fault_windings_d11_d22_r026_s1200_t64,1200,64,windings,D11,D22,40.2,3,21.171680807656532,0,0,False,False,True,2,188563.17208455643,2,2,True,True,True,6,4619.0934353257835,2,2,True,True,True,0.0,0.2,False,False,True,False,linear_residual
fault_windings_d11_d22_r026_s1200_t80,1200,80,windings,D11,D22,40.2,3,20.18722374647458,0,0,False,False,True,2,52283.68701231039,2,2,True,True,True,6,2577.536549147677,2,2,True,True,True,0.0,0.2,False,False,True,False,linear_residual
fault_windings_d11_d22_r026_s1500_t52,1500,52,windings,D11,D22,40.2,3,128.6619423759436,3,3,True,True,True,2,863209.5173108574,2,2,True,True,True,6,21918.56153560478,6,6,True,True,True,0.0,0.2,False,True,True,False,linear_residual
fault_windings_d11_d22_r026_s1500_t64,1500,64,windings,D11,D22,40.2,3,128.9225982975337,1,1,True,True,True,2,674867.7758324923,2,2,True,True,True,6,11774.634124187709,4,4,True,True,True,0.0,0.2,False,True,True,False,linear_residual
fault_windings_d11_d22_r026_s1500_t80,1500,80,windings,D11,D22,40.2,3,68.78761623459683,0,0,False,False,True,2,171637.3876762607,2,2,True,True,True,6,6341.746108076081,3,3,True,True,True,0.0,0.2,False,False,True,False,linear_residual
fault_windings_d11_d22_r026_s1800_t52,1800,52,windings,D11,D22,40.2,3,61.690597421282746,0,0,False,False,True,2,391293.37833569496,2,2,True,True,True,6,53065.68869131091,4,4,True,True,True,0.0,0.2,False,False,True,False,linear_residual
fault_windings_d11_d22_r026_s1800_t64,1800,64,windings,D11,D22,40.2,3,42.31870527447827,0,0,False,False,True,2,923808.7966114831,2,2,True,True,True,6,28584.810900422905,2,2,True,True,True,0.0,0.2,False,False,True,False,linear_residual
fault_windings_d11_d22_r026_s1800_t80,1800,80,windings,D11,D22,40.2,3,27.48420903687005,0,0,False,False,True,2,601821.5232004604,2,2,True,True,True,6,16547.924167125082,2,2,True,True,True,0.0,0.2,False,False,True,False,linear_residual
fault_windings_d12_d21_r026_s1200_t52,1200,52,windings,D12,D21,33.7,3,54.468346925013535,0,0,False,False,True,2,121909.28718611549,2,2,True,True,True,6,4226.823613933092,3,3,True,True,True,0.0,0.2,False,False,True,False,linear_residual
fault_windings_d12_d21_r026_s1200_t64,1200,64,windings,D12,D21,33.7,3,31.77161909680445,0,0,False,False,True,2,46113.21220308424,2,2,True,True,True,6,1256.284997492713,2,2,True,True,True,0.0,0.2,False,False,True,False,linear_residual
fault_windings_d12_d21_r026_s1200_t80,1200,80,windings,D12,D21,33.7,3,30.346414909836707,0,0,False,False,True,2,7681.570825936222,2,2,True,True,True,6,989.8410893270955,1,1,True,True,True,0.0,0.2,False,False,True,False,linear_residual
fault_windings_d12_d21_r026_s1500_t52,1500,52,windings,D12,D21,33.7,3,148.62921762016032,3,3,True,True,True,2,708600.2729571237,2,2,True,True,True,6,16627.12852700306,5,5,True,True,True,0.0,0.2,False,True,True,False,linear_residual
fault_windings_d12_d21_r026_s1500_t64,1500,64,windings,D12,D21,33.7,3,70.99470568130948,0,0,False,False,True,2,189335.91033801483,2,2,True,True,True,6,4969.66877616257,2,2,True,True,True,0.0,0.2,False,False,True,False,linear_residual
fault_windings_d12_d21_r026_s1500_t80,1500,80,windings,D12,D21,33.7,3,52.738177486462305,0,0,False,False,True,2,55473.58512607533,2,2,True,True,True,6,849.9136402955896,2,2,True,True,True,0.0,0.2,False,False,True,False,linear_residual
fault_windings_d12_d21_r026_s1800_t52,1800,52,windings,D12,D21,33.7,3,34.3375838650939,0,0,False,False,True,2,1076776.0187656176,2,2,True,True,True,6,31975.095965362605,4,4,True,True,True,0.0,0.2,False,False,True,False,linear_residual
fault_windings_d12_d21_r026_s1800_t64,1800,64,windings,D12,D21,33.7,3,27.036071023525054,0,0,False,False,True,2,653799.4232547927,2,2,True,True,True,6,6094.276519788942,2,2,True,True,True,0.0,0.2,False,False,True,False,linear_residual
fault_windings_d12_d21_r026_s1800_t80,1800,80,windings,D12,D21,33.7,3,16.635745710481913,0,0,False,False,True,2,110709.38663706824,2,2,True,True,True,6,4750.458284123371,2,2,True,True,True,0.0,0.2,False,False,True,False,linear_residual
fault_windings_d12_d22_r026_s1200_t52,1200,52,windings,D12,D22,37.50000000000001,3,31.930876203037048,0,0,False,False,True,2,344607.1186860848,2,2,True,True,True,6,8044.150208233805,3,3,True,True,True,0.0,0.2,False,False,True,False,linear_residual
fault_windings_d12_d22_r026_s1200_t64,1200,64,windings,D12,D22,37.50000000000001,3,26.07473830077175,0,0,False,False,True,2,129781.19915937861,2,2,True,True,True,6,2706.6449393129433,2,2,True,True,True,0.0,0.2,False,False,True,False,linear_residual
fault_windings_d12_d22_r026_s1200_t80,1200,80,windings,D12,D22,37.50000000000001,3,28.66013707623796,0,0,False,False,True,2,19063.511176604574,2,2,True,True,True,6,1157.906041870172,2,2,True,True,True,0.0,0.2,False,False,True,False,linear_residual
fault_windings_d12_d22_r026_s1500_t52,1500,52,windings,D12,D22,37.50000000000001,3,96.17752858296839,2,2,True,True,True,2,717241.6278721298,2,2,True,True,True,6,16903.06781982264,5,5,True,True,True,0.0,0.2,False,True,True,False,linear_residual
fault_windings_d12_d22_r026_s1500_t64,1500,64,windings,D12,D22,37.50000000000001,3,65.39448523006756,0,0,False,False,True,2,391686.31567490805,2,2,True,True,True,6,7065.865721552636,3,3,True,True,True,0.0,0.2,False,False,True,False,linear_residual
fault_windings_d12_d22_r026_s1500_t80,1500,80,windings,D12,D22,37.50000000000001,3,55.23060851180496,0,0,False,False,True,2,109285.59506037577,2,2,True,True,True,6,4343.236983794037,4,4,True,True,True,0.0,0.2,False,False,True,False,linear_residual
fault_windings_d12_d22_r026_s1800_t52,1800,52,windings,D12,D22,37.50000000000001,3,37.70013907867957,0,0,False,False,True,2,663747.7890695398,2,2,True,True,True,6,42724.39775681716,3,3,True,True,True,0.0,0.2,False,False,True,False,linear_residual
fault_windings_d12_d22_r026_s1800_t64,1800,64,windings,D12,D22,37.50000000000001,3,26.577874718402633,0,0,False,False,True,2,879320.5796671062,2,2,True,True,True,6,25886.301211567174,2,2,True,True,True,0.0,0.2,False,False,True,False,linear_residual
fault_windings_d12_d22_r026_s1800_t80,1800,80,windings,D12,D22,37.50000000000001,3,24.340114264303782,0,0,False,False,True,2,271939.2346599683,2,2,True,True,True,6,8717.65101107105,2,2,True,True,True,0.0,0.2,False,False,True,False,linear_residual
fault_windings_d13_d18_r026_s1200_t52,1200,52,windings,D13,D18,14.799999999999995,3,64.47556197613513,0,0,False,False,True,2,149.25533920722017,2,2,True,True,True,6,211.6138296524119,1,1,True,True,True,0.0,0.2,False,False,True,False,linear_residual
fault_windings_d13_d18_r026_s1200_t64,1200,64,windings,D13,D18,14.799999999999995,3,56.003224577170215,0,0,False,False,True,2,114.94293695432623,1,1,True,True,True,6,41.963116836953006,0,0,False,False,True,1.0,0.4,False,False,True,False,linear_residual
fault_windings_d13_d18_r026_s1200_t80,1200,80,windings,D13,D18,14.799999999999995,3,21.70220989467454,0,0,False,False,True,2,99.87415145578336,1,1,True,True,True,6,19.57968021351148,0,0,False,False,True,1.0,0.4,False,False,True,False,linear_residual
fault_windings_d13_d18_r026_s1500_t52,1500,52,windings,D13,D18,14.799999999999995,3,103.27188670627575,3,3,True,True,True,2,696.5661528878429,2,2,True,True,True,6,136.02414056632867,5,5,True,True,True,0.0,0.2,False,True,True,False,linear_residual
fault_windings_d13_d18_r026_s1500_t64,1500,64,windings,D13,D18,14.799999999999995,3,94.59815933041817,1,1,True,True,True,2,266.62288705106306,2,2,True,True,True,6,97.78168653037703,1,1,True,True,True,0.0,0.2,False,True,True,False,linear_residual
fault_windings_d13_d18_r026_s1500_t80,1500,80,windings,D13,D18,14.799999999999995,3,47.52502569330705,0,0,False,False,True,2,206.7202955625528,2,2,True,True,True,6,73.84109044501523,0,0,False,False,True,0.0,0.2,False,False,True,False,linear_residual
fault_windings_d13_d18_r026_s1800_t52,1800,52,windings,D13,D18,14.799999999999995,3,28.937005191418923,0,0,False,False,True,2,830.342064873859,2,2,True,True,True,6,271.4249333345868,2,2,True,True,True,0.0,0.2,False,False,True,False,linear_residual
fault_windings_d13_d18_r026_s1800_t64,1800,64,windings,D13,D18,14.799999999999995,3,54.47617259432687,0,0,False,False,True,2,572.5213689009336,2,2,True,True,True,6,49.54163969479097,0,0,False,False,True,0.0,0.2,False,False,True,False,linear_residual
fault_windings_d13_d18_r026_s1800_t80,1800,80,windings,D13,D18,14.799999999999995,3,23.650065578138513,0,0,False,False,True,2,362.8248045606124,2,2,True,True,True,6,44.84535702590121,0,0,False,False,True,0.0,0.2,False,False,True,False,linear_residual
fault_windings_d13_d19_r026_s1200_t52,1200,52,windings,D13,D19,22.200000000000003,3,41.41433846054855,0,0,False,False,True,2,5362.204861155488,2,2,True,True,True,6,99.08727349145816,1,1,True,True,True,0.0,0.2,False,False,True,False,linear_residual
fault_windings_d13_d19_r026_s1200_t64,1200,64,windings,D13,D19,22.200000000000003,3,35.17283018236493,0,0,False,False,True,2,697.5561713819034,2,2,True,True,True,6,79.64273128985448,0,0,False,False,True,0.0,0.2,False,False,True,False,linear_residual
fault_windings_d13_d19_r026_s1200_t80,1200,80,windings,D13,D19,22.200000000000003,3,16.138631023797018,0,0,False,False,True,2,373.3787723859955,1,1,True,True,True,6,96.48308678728657,1,1,True,True,True,1.0,0.4,False,False,True,False,linear_residual
fault_windings_d13_d19_r026_s1500_t52,1500,52,windings,D13,D19,22.200000000000003,3,125.54947404278995,3,3,True,True,True,2,6647.719211127829,2,2,True,True,True,6,305.00220598099963,6,6,True,True,True,0.0,0.2,False,True,True,False,linear_residual
fault_windings_d13_d19_r026_s1500_t64,1500,64,windings,D13,D19,22.200000000000003,3,78.29523772245714,0,0,False,False,True,2,2466.7069279610196,2,2,True,True,True,6,271.6437860077416,3,3,True,True,True,0.0,0.2,False,False,True,False,linear_residual
fault_windings_d13_d19_r026_s1500_t80,1500,80,windings,D13,D19,22.200000000000003,3,81.86203384987189,0,0,False,False,True,2,1509.3484029693282,2,2,True,True,True,6,127.70035147985017,1,1,True,True,True,0.0,0.2,False,False,True,False,linear_residual
fault_windings_d13_d19_r026_s1800_t52,1800,52,windings,D13,D19,22.200000000000003,3,17.51058049663124,0,0,False,False,True,2,21153.926413252007,2,2,True,True,True,6,2064.408159901558,2,2,True,True,True,0.0,0.2,False,False,True,False,linear_residual
fault_windings_d13_d19_r026_s1800_t64,1800,64,windings,D13,D19,22.200000000000003,3,56.573192717643096,0,0,False,False,True,2,7703.389189078924,2,2,True,True,True,6,468.67001813300385,2,2,True,True,True,0.0,0.2,False,False,True,False,linear_residual
fault_windings_d13_d19_r026_s1800_t80,1800,80,windings,D13,D19,22.200000000000003,3,18.37226814031635,0,0,False,False,True,2,3630.0638427417716,2,2,True,True,True,6,206.42277856532897,1,1,True,True,True,0.0,0.2,False,False,True,False,linear_residual
fault_windings_d16_d18_r026_s1200_t52,1200,52,windings,D16,D18,3.199999999999996,3,62.944237908606546,0,0,False,False,True,2,154.47995988631965,1,1,True,True,True,6,112.92497288796146,3,3,True,True,True,0.0,0.2,False,False,True,False,linear_residual
fault_windings_d16_d18_r026_s1200_t64,1200,64,windings,D16,D18,3.199999999999996,3,90.71332246197794,1,1,True,True,True,2,91.70577342758864,1,1,True,True,True,6,219.73376962401994,5,5,True,True,True,1.0,0.4,False,True,True,False,linear_residual
fault_windings_d16_d18_r026_s1200_t80,1200,80,windings,D16,D18,3.199999999999996,3,147.90734281552162,2,2,True,True,True,2,50.4450878066335,0,0,False,False,True,6,62.21355334771515,0,0,False,False,True,,,True,True,False,False,linear_residual
fault_windings_d16_d18_r026_s1500_t52,1500,52,windings,D16,D18,3.199999999999996,3,115.57382637580841,2,2,True,True,True,2,92.16103165516643,1,1,True,True,True,6,267.97832041377694,6,6,True,True,True,1.0,0.4,False,True,True,False,linear_residual
fault_windings_d16_d18_r026_s1500_t64,1500,64,windings,D16,D18,3.199999999999996,3,80.59525555078626,0,0,False,False,True,2,86.55050808665706,1,1,True,True,True,6,299.5404501101891,6,6,True,True,True,1.0,0.4,False,False,True,False,linear_residual
fault_windings_d16_d18_r026_s1500_t80,1500,80,windings,D16,D18,3.199999999999996,3,87.12686130945984,1,1,True,True,True,2,63.95112593461984,0,0,False,False,True,6,108.51429816627765,2,2,True,True,True,,,True,True,False,False,linear_residual
fault_windings_d16_d18_r026_s1800_t52,1800,52,windings,D16,D18,3.199999999999996,3,187.65584908206813,2,2,True,True,True,2,60.89154004477029,0,0,False,False,True,6,101.70718647636215,1,1,True,True,True,,,True,True,False,False,linear_residual
fault_windings_d16_d18_r026_s1800_t64,1800,64,windings,D16,D18,3.199999999999996,3,49.85196616640908,0,0,False,False,True,2,44.25851166943114,0,0,False,False,True,6,71.18180544303075,0,0,False,False,True,,,True,False,False,False,linear_residual
fault_windings_d16_d18_r026_s1800_t80,1800,80,windings,D16,D18,3.199999999999996,3,45.694147052716914,0,0,False,False,True,2,42.78275961542008,0,0,False,False,True,6,91.64597213265642,1,1,True,True,True,,,True,False,False,False,linear_residual
fault_windings_d16_d19_r026_s1200_t52,1200,52,windings,D16,D19,10.6,3,99.70266800411017,1,1,True,True,True,2,254.27255119810664,1,1,True,True,True,6,141.31790931675013,1,1,True,True,True,1.0,0.4,False,True,True,False,linear_residual
fault_windings_d16_d19_r026_s1200_t64,1200,64,windings,D16,D19,10.6,3,55.68818759543529,0,0,False,False,True,2,40.93971055329722,0,0,False,False,True,6,62.84023449269124,0,0,False,False,True,,,True,False,False,False,linear_residual
fault_windings_d16_d19_r026_s1200_t80,1200,80,windings,D16,D19,10.6,3,44.93186046433278,0,0,False,False,True,2,40.30893649103497,0,0,False,False,True,6,98.09227058795523,1,1,True,True,True,,,True,False,False,False,linear_residual
fault_windings_d16_d19_r026_s1500_t52,1500,52,windings,D16,D19,10.6,3,314.67425647622713,3,3,True,True,True,2,712.9781176890524,2,2,True,True,True,6,235.66444907290233,5,5,True,True,True,0.0,0.2,False,True,True,False,linear_residual
fault_windings_d16_d19_r026_s1500_t64,1500,64,windings,D16,D19,10.6,3,131.63857320863903,2,2,True,True,True,2,100.07032608955025,2,2,True,True,True,6,95.59343175467313,1,1,True,True,True,0.0,0.2,False,True,True,False,linear_residual
fault_windings_d16_d19_r026_s1500_t80,1500,80,windings,D16,D19,10.6,3,78.22094787407963,0,0,False,False,True,2,230.98874381731056,2,2,True,True,True,6,148.79715695343214,2,2,True,True,True,0.0,0.2,False,False,True,False,linear_residual
fault_windings_d16_d19_r026_s1800_t52,1800,52,windings,D16,D19,10.6,3,106.48817289273936,1,1,True,True,True,2,214.31513262283195,1,1,True,True,True,6,821.0273572770336,3,3,True,True,True,1.0,0.4,False,True,True,False,linear_residual
fault_windings_d16_d19_r026_s1800_t64,1800,64,windings,D16,D19,10.6,3,357.90262386142393,2,2,True,True,True,2,142.68665142935478,2,2,True,True,True,6,188.75452798895188,3,3,True,True,True,0.0,0.2,False,True,True,False,linear_residual
fault_windings_d16_d19_r026_s1800_t80,1800,80,windings,D16,D19,10.6,3,34.666621848909735,0,0,False,False,True,2,106.31005030602668,1,1,True,True,True,6,48.604377428797726,0,0,False,False,True,1.0,0.4,False,False,True,False,linear_residual
fault_turns_d01_d04_r026_s1200_t52,1200,52,turns,D01,D04,12.04,3,67.66438055335232,2,2,True,True,True,2,200.94591759853134,2,2,True,True,True,6,42.547540602888105,1,1,True,True,True,0.0,0.2,False,True,True,False,quadratic_residual
fault_turns_d01_d04_r026_s1200_t64,1200,64,turns,D01,D04,12.04,3,145.11157712846085,2,2,True,True,True,2,105.1490416178126,2,2,True,True,True,6,89.45947130947485,4,4,True,True,True,0.0,0.2,False,True,True,False,quadratic_residual
fault_turns_d01_d04_r026_s1200_t80,1200,80,turns,D01,D04,12.04,3,35.06876525577175,0,0,False,False,True,2,38.70170269127202,1,1,True,True,True,6,23.91399137887073,0,0,False,False,True,1.0,0.4,False,False,True,False,quadratic_residual
fault_turns_d01_d04_r026_s1500_t52,1500,52,turns,D01,D04,12.04,3,28.89906787825081,0,0,False,False,True,2,145.2580409400429,2,2,True,True,True,6,39.69443873991201,1,1,True,True,True,0.0,0.2,False,False,True,False,quadratic_residual
fault_turns_d01_d04_r026_s1500_t64,1500,64,turns,D01,D04,12.04,3,20.009046106879367,0,0,False,False,True,2,136.30013707283496,2,2,True,True,True,6,47.170513545471515,3,3,True,True,True,0.0,0.2,False,False,True,False,quadratic_residual
fault_turns_d01_d04_r026_s1500_t80,1500,80,turns,D01,D04,12.04,3,38.90472305929495,1,1,True,True,True,2,53.51094753350158,2,2,True,True,True,6,32.04048191841521,0,0,False,False,True,0.0,0.2,False,True,True,False,quadratic_residual
fault_turns_d01_d04_r026_s1800_t52,1800,52,turns,D01,D04,12.04,3,37.626453906540746,1,1,True,True,True,2,216.01780383411554,2,2,True,True,True,6,122.92746060869004,1,1,True,True,True,0.0,0.2,False,True,True,False,quadratic_residual
fault_turns_d01_d04_r026_s1800_t64,1800,64,turns,D01,D04,12.04,3,18.03877153278048,0,0,False,False,True,2,214.63087222428368,2,2,True,True,True,6,18.178468975800364,0,0,False,False,True,0.0,0.2,False,False,True,False,quadratic_residual
fault_turns_d01_d04_r026_s1800_t80,1800,80,turns,D01,D04,12.04,3,13.877065240466937,0,0,False,False,True,2,84.26351060603137,2,2,True,True,True,6,79.36854661614758,4,4,True,True,True,0.0,0.2,False,False,True,False,quadratic_residual
fault_turns_d02_d03_r026_s1200_t52,1200,52,turns,D02,D03,7.689999999999999,3,58.659184033637345,2,2,True,True,True,2,64.74356704100425,2,2,True,True,True,6,38.39572873995195,1,1,True,True,True,0.0,0.2,False,True,True,False,quadratic_residual
fault_turns_d02_d03_r026_s1200_t64,1200,64,turns,D02,D03,7.689999999999999,3,47.453635387538675,1,1,True,True,True,2,29.466048317672332,0,0,False,False,True,6,22.650479130330872,0,0,False,False,True,,,True,True,False,False,quadratic_residual
fault_turns_d02_d03_r026_s1200_t80,1200,80,turns,D02,D03,7.689999999999999,3,36.97606606244278,1,1,True,True,True,2,32.56352226735461,0,0,False,False,True,6,25.593708183437595,0,0,False,False,True,,,True,True,False,False,quadratic_residual
fault_turns_d02_d03_r026_s1500_t52,1500,52,turns,D02,D03,7.689999999999999,3,30.807940939060884,0,0,False,False,True,2,40.63772518092901,1,1,True,True,True,6,73.1221543034208,2,2,True,True,True,1.0,0.4,False,False,True,False,quadratic_residual
fault_turns_d02_d03_r026_s1500_t64,1500,64,turns,D02,D03,7.689999999999999,3,35.20208383237748,0,0,False,False,True,2,48.31706868993958,1,1,True,True,True,6,25.356399864215234,0,0,False,False,True,0.0,0.2,False,False,True,False,quadratic_residual
fault_turns_d02_d03_r026_s1500_t80,1500,80,turns,D02,D03,7.689999999999999,3,32.880867260414156,0,0,False,False,True,2,30.70684892385472,0,0,False,False,True,6,26.531797087544447,0,0,False,False,True,,,True,False,False,False,quadratic_residual
fault_turns_d02_d03_r026_s1800_t52,1800,52,turns,D02,D03,7.689999999999999,3,19.910221938736363,0,0,False,False,True,2,57.12073977148728,1,1,True,True,True,6,20.419721750148984,0,0,False,False,True,1.0,0.4,False,False,True,False,quadratic_residual
fault_turns_d02_d03_r026_s1800_t64,1800,64,turns,D02,D03,7.689999999999999,3,15.780984635675482,0,0,False,False,True,2,22.466234020569058,0,0,False,False,True,6,17.754742389719617,0,0,False,False,True,,,True,False,False,False,quadratic_residual
fault_turns_d02_d03_r026_s1800_t80,1800,80,turns,D02,D03,7.689999999999999,3,15.79265698302509,0,0,False,False,True,2,21.645887205167263,0,0,False,False,True,6,16.325213528243772,0,0,False,False,True,,,True,False,False,False,quadratic_residual
fault_turns_d05_d08_r026_s1200_t52,1200,52,turns,D05,D08,12.1,3,52.39991959923948,2,2,True,True,True,2,168.602650519458,2,2,True,True,True,6,43.64448010130236,1,1,True,True,True,0.0,0.2,False,True,True,False,quadratic_residual
fault_turns_d05_d08_r026_s1200_t64,1200,64,turns,D05,D08,12.1,3,19.75766905543939,0,0,False,False,True,2,84.7990961037444,1,1,True,True,True,6,29.500520657349398,0,0,False,False,True,1.0,0.4,False,False,True,False,quadratic_residual
fault_turns_d05_d08_r026_s1200_t80,1200,80,turns,D05,D08,12.1,3,17.749431776836662,0,0,False,False,True,2,52.803979957752944,1,1,True,True,True,6,11.746324050086503,0,0,False,False,True,1.0,0.4,False,False,True,False,quadratic_residual
fault_turns_d05_d08_r026_s1500_t52,1500,52,turns,D05,D08,12.1,3,140.63517406849343,2,2,True,True,True,2,149.11856442375662,2,2,True,True,True,6,58.52544584388878,3,3,True,True,True,0.0,0.2,False,True,True,False,quadratic_residual
fault_turns_d05_d08_r026_s1500_t64,1500,64,turns,D05,D08,12.1,3,20.24313751006033,0,0,False,False,True,2,172.48527883987555,2,2,True,True,True,6,27.58912380022867,0,0,False,False,True,0.0,0.2,False,False,True,False,quadratic_residual
fault_turns_d05_d08_r026_s1500_t80,1500,80,turns,D05,D08,12.1,3,41.41563425896709,2,2,True,True,True,2,96.24535860610207,2,2,True,True,True,6,1951.412397444007,5,5,True,True,True,0.0,0.2,False,True,True,False,quadratic_residual
fault_turns_d05_d08_r026_s1800_t52,1800,52,turns,D05,D08,12.1,3,13.335048271328734,0,0,False,False,True,2,189.68658430859608,2,2,True,True,True,6,50.295358734549545,1,1,True,True,True,0.0,0.2,False,False,True,False,quadratic_residual
fault_turns_d05_d08_r026_s1800_t64,1800,64,turns,D05,D08,12.1,3,21.216986577724008,0,0,False,False,True,2,138.42309493189472,1,1,True,True,True,6,80.00456424319015,1,1,True,True,True,1.0,0.4,False,False,True,False,quadratic_residual
fault_turns_d05_d08_r026_s1800_t80,1800,80,turns,D05,D08,12.1,3,18.65937465727965,0,0,False,False,True,2,90.93083085897881,1,1,True,True,True,6,30.22102597668622,0,0,False,False,True,1.0,0.4,False,False,True,False,quadratic_residual
fault_turns_d06_d07_r026_s1200_t52,1200,52,turns,D06,D07,7.399999999999999,3,21.593546199245267,0,0,False,False,True,2,27.933572874327517,0,0,False,False,True,6,26.335059028435005,0,0,False,False,True,,,True,False,False,False,quadratic_residual
fault_turns_d06_d07_r026_s1200_t64,1200,64,turns,D06,D07,7.399999999999999,3,22.781364228824245,0,0,False,False,True,2,22.0741894732684,0,0,False,False,True,6,15.622530434404933,0,0,False,False,True,,,True,False,False,False,quadratic_residual
fault_turns_d06_d07_r026_s1200_t80,1200,80,turns,D06,D07,7.399999999999999,3,31.981476596356533,0,0,False,False,True,2,44.997608667381556,1,1,True,True,True,6,27.534720966426185,0,0,False,False,True,1.0,0.4,False,False,True,False,quadratic_residual
fault_turns_d06_d07_r026_s1500_t52,1500,52,turns,D06,D07,7.399999999999999,3,55.2555159274459,3,3,True,True,True,2,86.7435277452488,2,2,True,True,True,6,45.57847044628347,2,2,True,True,True,0.0,0.2,False,True,True,False,quadratic_residual
fault_turns_d06_d07_r026_s1500_t64,1500,64,turns,D06,D07,7.399999999999999,3,40.11170210988909,2,2,True,True,True,2,52.926964065868745,2,2,True,True,True,6,34.627942036845624,0,0,False,False,True,0.0,0.2,False,True,True,False,quadratic_residual
fault_turns_d06_d07_r026_s1500_t80,1500,80,turns,D06,D07,7.399999999999999,3,71.08330677338486,1,1,True,True,True,2,29.50123393281831,0,0,False,False,True,6,22.23524110984503,0,0,False,False,True,,,True,True,False,False,quadratic_residual
fault_turns_d06_d07_r026_s1800_t52,1800,52,turns,D06,D07,7.399999999999999,3,21.69783268346405,0,0,False,False,True,2,42.905439850311545,1,1,True,True,True,6,20.27840879229801,0,0,False,False,True,1.0,0.4,False,False,True,False,quadratic_residual
fault_turns_d06_d07_r026_s1800_t64,1800,64,turns,D06,D07,7.399999999999999,3,22.658798315711664,0,0,False,False,True,2,27.386020936156083,0,0,False,False,True,6,22.383672636356216,0,0,False,False,True,,,True,False,False,False,quadratic_residual
fault_turns_d06_d07_r026_s1800_t80,1800,80,turns,D06,D07,7.399999999999999,3,14.777365126086767,0,0,False,False,True,2,24.536009180198427,0,0,False,False,True,6,15.827815192536434,0,0,False,False,True,,,True,False,False,False,quadratic_residual
fault_turns_d09_d10_r026_s1200_t52,1200,52,turns,D09,D10,2.799999999999997,3,49.95657491066183,2,2,True,True,True,2,40.12928107349286,1,1,True,True,True,6,45.01206882591948,3,3,True,True,True,1.0,0.4,False,True,True,False,quadratic_residual
fault_turns_d09_d10_r026_s1200_t64,1200,64,turns,D09,D10,2.799999999999997,3,47.21112317335859,1,1,True,True,True,2,27.194434528071294,0,0,False,False,True,6,31.55522508684799,0,0,False,False,True,,,True,True,False,False,quadratic_residual
fault_turns_d09_d10_r026_s1200_t80,1200,80,turns,D09,D10,2.799999999999997,3,39.51111306651435,1,1,True,True,True,2,15.281224224617878,0,0,False,False,True,6,23.92538052756481,0,0,False,False,True,,,True,True,False,False,quadratic_residual
fault_turns_d09_d10_r026_s1500_t52,1500,52,turns,D09,D10,2.799999999999997,3,30.14861967262381,0,0,False,False,True,2,80.26002200597458,2,2,True,True,True,6,140.58439119073088,6,6,True,True,True,0.0,0.2,False,False,True,False,quadratic_residual
fault_turns_d09_d10_r026_s1500_t64,1500,64,turns,D09,D10,2.799999999999997,3,56.47040326660368,1,1,True,True,True,2,39.25149002450192,1,1,True,True,True,6,56.154689497078095,2,2,True,True,True,1.0,0.4,False,True,True,False,quadratic_residual
fault_turns_d09_d10_r026_s1500_t80,1500,80,turns,D09,D10,2.799999999999997,3,19.509592386797745,0,0,False,False,True,2,12.917566749615052,0,0,False,False,True,6,57.27850093262172,2,2,True,True,True,,,True,False,False,False,quadratic_residual
fault_turns_d09_d10_r026_s1800_t52,1800,52,turns,D09,D10,2.799999999999997,3,33.637942002159264,0,0,False,False,True,2,56.4609357193673,1,1,True,True,True,6,87.5450261802096,5,5,True,True,True,1.0,0.4,False,False,True,False,quadratic_residual
fault_turns_d09_d10_r026_s1800_t64,1800,64,turns,D09,D10,2.799999999999997,3,57.99753423195312,1,1,True,True,True,2,47.03328865290045,1,1,True,True,True,6,64.82776271327555,3,3,True,True,True,1.0,0.4,False,True,True,False,quadratic_residual
fault_turns_d09_d10_r026_s1800_t80,1800,80,turns,D09,D10,2.799999999999997,3,28.823487972042027,0,0,False,False,True,2,13.064189013882867,0,0,False,False,True,6,29.55279449200247,0,0,False,False,True,,,True,False,False,False,quadratic_residual
fault_turns_d11_d12_r026_s1200_t52,1200,52,turns,D11,D12,2.699999999999996,3,45.44740616617487,1,1,True,True,True,2,41.82482961625476,1,1,True,True,True,6,28.743637365764865,0,0,False,False,True,0.0,0.2,False,True,True,False,quadratic_residual
fault_turns_d11_d12_r026_s1200_t64,1200,64,turns,D11,D12,2.699999999999996,3,44.30764356132748,2,2,True,True,True,2,28.27070915840232,0,0,False,False,True,6,79.11172311808164,6,6,True,True,True,,,True,True,False,False,quadratic_residual
fault_turns_d11_d12_r026_s1200_t80,1200,80,turns,D11,D12,2.699999999999996,3,40.19438882901825,1,1,True,True,True,2,12.90948100225801,0,0,False,False,True,6,19.46444059233988,0,0,False,False,True,,,True,True,False,False,quadratic_residual
fault_turns_d11_d12_r026_s1500_t52,1500,52,turns,D11,D12,2.699999999999996,3,19.882344951543402,0,0,False,False,True,2,25.038032122291845,0,0,False,False,True,6,95.17926398227607,4,4,True,True,True,,,True,False,False,False,quadratic_residual
fault_turns_d11_d12_r026_s1500_t64,1500,64,turns,D11,D12,2.699999999999996,3,62.80786606296475,3,3,True,True,True,2,55.20844225281709,2,2,True,True,True,6,32.672518112980946,0,0,False,False,True,0.0,0.2,False,True,True,False,quadratic_residual
fault_turns_d11_d12_r026_s1500_t80,1500,80,turns,D11,D12,2.699999999999996,3,27.4432667556273,0,0,False,False,True,2,36.791560352276306,1,1,True,True,True,6,78.88578217442932,3,3,True,True,True,0.0,0.2,False,False,True,False,quadratic_residual
fault_turns_d11_d12_r026_s1800_t52,1800,52,turns,D11,D12,2.699999999999996,3,66.66741009974123,2,2,True,True,True,2,27.141306960401376,0,0,False,False,True,6,121.96321881372225,2,2,True,True,True,,,True,True,False,False,quadratic_residual
fault_turns_d11_d12_r026_s1800_t64,1800,64,turns,D11,D12,2.699999999999996,3,50.987291210686315,1,1,True,True,True,2,27.947126971901746,0,0,False,False,True,6,248.27433891494525,4,4,True,True,True,,,True,True,False,False,quadratic_residual
fault_turns_d11_d12_r026_s1800_t80,1800,80,turns,D11,D12,2.699999999999996,3,33.53419747587756,0,0,False,False,True,2,7.802705065821582,0,0,False,False,True,6,66.42056709726435,1,1,True,True,True,,,True,False,False,False,quadratic_residual
fault_turns_d13_d16_r026_s1200_t52,1200,52,turns,D13,D16,11.6,3,28.48714263913666,0,0,False,False,True,2,49.54787995475664,1,1,True,True,True,6,18.010920333041028,0,0,False,False,True,1.0,0.4,False,False,True,False,quadratic_residual
fault_turns_d13_d16_r026_s1200_t64,1200,64,turns,D13,D16,11.6,3,11.451913130907602,0,0,False,False,True,2,47.809837143649844,1,1,True,True,True,6,48.79428753030787,1,1,True,True,True,0.0,0.2,False,False,True,False,quadratic_residual
fault_turns_d13_d16_r026_s1200_t80,1200,80,turns,D13,D16,11.6,3,14.92918400320983,0,0,False,False,True,2,32.126482022110636,0,0,False,False,True,6,11.442647559659196,0,0,False,False,True,,,True,False,False,False,quadratic_residual
fault_turns_d13_d16_r026_s1500_t52,1500,52,turns,D13,D16,11.6,3,61.502846658763524,2,2,True,True,True,2,115.89068410547313,2,2,True,True,True,6,26.865035818107717,0,0,False,False,True,0.0,0.2,False,True,True,False,quadratic_residual
fault_turns_d13_d16_r026_s1500_t64,1500,64,turns,D13,D16,11.6,3,20.172784558944493,0,0,False,False,True,2,72.04222750619653,2,2,True,True,True,6,25.522821030450306,0,0,False,False,True,0.0,0.2,False,False,True,False,quadratic_residual
fault_turns_d13_d16_r026_s1500_t80,1500,80,turns,D13,D16,11.6,3,33.18756295148575,0,0,False,False,True,2,51.13521338943361,1,1,True,True,True,6,34.74904049231745,0,0,False,False,True,1.0,0.4,False,False,True,False,quadratic_residual
fault_turns_d13_d16_r026_s1800_t52,1800,52,turns,D13,D16,11.6,3,23.48736775812862,0,0,False,False,True,2,176.41573031358902,2,2,True,True,True,6,29.12042935356475,0,0,False,False,True,0.0,0.2,False,False,True,False,quadratic_residual
fault_turns_d13_d16_r026_s1800_t64,1800,64,turns,D13,D16,11.6,3,12.938465126835549,0,0,False,False,True,2,104.3475947389999,2,2,True,True,True,6,20.45624526452213,0,0,False,False,True,0.0,0.2,False,False,True,False,quadratic_residual
fault_turns_d13_d16_r026_s1800_t80,1800,80,turns,D13,D16,11.6,3,21.974815405307886,0,0,False,False,True,2,86.76880679084199,2,2,True,True,True,6,23.64566863061707,0,0,False,False,True,0.0,0.2,False,False,True,False,quadratic_residual
fault_turns_d14_d15_r026_s1200_t52,1200,52,turns,D14,D15,7.400000000000006,3,34.49871788439776,0,0,False,False,True,2,19.82967457070324,0,0,False,False,True,6,51.129472133720945,2,2,True,True,True,,,True,False,False,False,quadratic_residual
fault_turns_d14_d15_r026_s1200_t64,1200,64,turns,D14,D15,7.400000000000006,3,48.32153164278944,1,1,True,True,True,2,30.255169898606674,0,0,False,False,True,6,33.88363297334957,0,0,False,False,True,,,True,True,False,False,quadratic_residual
fault_turns_d14_d15_r026_s1200_t80,1200,80,turns,D14,D15,7.400000000000006,3,63.930911438581695,1,1,True,True,True,2,27.368141353302235,0,0,False,False,True,6,24.035973359580076,0,0,False,False,True,,,True,True,False,False,quadratic_residual
fault_turns_d14_d15_r026_s1500_t52,1500,52,turns,D14,D15,7.400000000000006,3,21.442463831696184,0,0,False,False,True,2,40.109586008313926,1,1,True,True,True,6,45.56997474810917,1,1,True,True,True,1.0,0.4,False,False,True,False,quadratic_residual
fault_turns_d14_d15_r026_s1500_t64,1500,64,turns,D14,D15,7.400000000000006,3,22.11267678764974,0,0,False,False,True,2,23.199014730902046,0,0,False,False,True,6,45.21532446322087,2,2,True,True,True,,,True,False,False,False,quadratic_residual
fault_turns_d14_d15_r026_s1500_t80,1500,80,turns,D14,D15,7.400000000000006,3,45.69346326410225,2,2,True,True,True,2,25.300793171071735,0,0,False,False,True,6,23.380169854179922,0,0,False,False,True,,,True,True,False,False,quadratic_residual
fault_turns_d14_d15_r026_s1800_t52,1800,52,turns,D14,D15,7.400000000000006,3,20.72559441713041,0,0,False,False,True,2,36.881358963447255,1,1,True,True,True,6,61.569682379316724,2,2,True,True,True,1.0,0.4,False,False,True,False,quadratic_residual
fault_turns_d14_d15_r026_s1800_t64,1800,64,turns,D14,D15,7.400000000000006,3,17.334349584635493,0,0,False,False,True,2,19.785897949603957,0,0,False,False,True,6,14.198242057892827,0,0,False,False,True,,,True,False,False,False,quadratic_residual
fault_turns_d14_d15_r026_s1800_t80,1800,80,turns,D14,D15,7.400000000000006,3,13.370414295705046,0,0,False,False,True,2,13.955748270949691,0,0,False,False,True,6,8.66626464602524,0,0,False,False,True,,,True,False,False,False,quadratic_residual
fault_turns_d17_d20_r026_s1200_t52,1200,52,turns,D17,D20,11.599999999999994,3,29.42287412628447,0,0,False,False,True,2,76.41169373590691,1,1,True,True,True,6,26.182785314179057,0,0,False,False,True,1.0,0.4,False,False,True,False,quadratic_residual
fault_turns_d17_d20_r026_s1200_t64,1200,64,turns,D17,D20,11.599999999999994,3,50.6279855922932,2,2,True,True,True,2,67.76667379754053,1,1,True,True,True,6,24.986414644171486,0,0,False,False,True,1.0,0.4,False,True,True,False,quadratic_residual
fault_turns_d17_d20_r026_s1200_t80,1200,80,turns,D17,D20,11.599999999999994,3,39.36541031048766,1,1,True,True,True,2,33.6648460604393,0,0,False,False,True,6,34.10502452570211,0,0,False,False,True,,,True,True,False,False,quadratic_residual
fault_turns_d17_d20_r026_s1500_t52,1500,52,turns,D17,D20,11.599999999999994,3,23.645436705900536,0,0,False,False,True,2,108.26458231796877,2,2,True,True,True,6,32.87101570420349,0,0,False,False,True,0.0,0.2,False,False,True,False,quadratic_residual
fault_turns_d17_d20_r026_s1500_t64,1500,64,turns,D17,D20,11.599999999999994,3,23.667364723436165,0,0,False,False,True,2,64.25071041929868,2,2,True,True,True,6,23.109436905207197,0,0,False,False,True,0.0,0.2,False,False,True,False,quadratic_residual
fault_turns_d17_d20_r026_s1500_t80,1500,80,turns,D17,D20,11.599999999999994,3,21.514135257801694,0,0,False,False,True,2,49.04258282335147,1,1,True,True,True,6,28.179008333983134,0,0,False,False,True,1.0,0.4,False,False,True,False,quadratic_residual
fault_turns_d17_d20_r026_s1800_t52,1800,52,turns,D17,D20,11.599999999999994,3,31.08456884127971,0,0,False,False,True,2,167.45197588769798,1,1,True,True,True,6,18.101507243538393,0,0,False,False,True,1.0,0.4,False,False,True,False,quadratic_residual
fault_turns_d17_d20_r026_s1800_t64,1800,64,turns,D17,D20,11.599999999999994,3,8.993792267568402,0,0,False,False,True,2,116.76490882872116,2,2,True,True,True,6,23.04552037607105,0,0,False,False,True,0.0,0.2,False,False,True,False,quadratic_residual
fault_turns_d17_d20_r026_s1800_t80,1800,80,turns,D17,D20,11.599999999999994,3,12.854850348546595,0,0,False,False,True,2,86.11524942394956,1,1,True,True,True,6,23.503412225734593,0,0,False,False,True,1.0,0.4,False,False,True,False,quadratic_residual
fault_turns_d18_d19_r026_s1200_t52,1200,52,turns,D18,D19,7.400000000000006,3,53.72894228206707,2,2,True,True,True,2,41.69697779084119,1,1,True,True,True,6,36.1716279754829,0,0,False,False,True,1.0,0.4,False,True,True,False,quadratic_residual
fault_turns_d18_d19_r026_s1200_t64,1200,64,turns,D18,D19,7.400000000000006,3,24.562216562525705,0,0,False,False,True,2,13.011830523753034,0,0,False,False,True,6,20.230639240127534,0,0,False,False,True,,,True,False,False,False,quadratic_residual
fault_turns_d18_d19_r026_s1200_t80,1200,80,turns,D18,D19,7.400000000000006,3,25.048660336223186,0,0,False,False,True,2,37.87165351670758,1,1,True,True,True,6,10.391753427332535,0,0,False,False,True,0.0,0.2,False,False,True,False,quadratic_residual
fault_turns_d18_d19_r026_s1500_t52,1500,52,turns,D18,D19,7.400000000000006,3,31.19301937169179,0,0,False,False,True,2,68.69814333966946,2,2,True,True,True,6,121.68560453930162,4,4,True,True,True,0.0,0.2,False,False,True,False,quadratic_residual
fault_turns_d18_d19_r026_s1500_t64,1500,64,turns,D18,D19,7.400000000000006,3,53.11785720816717,1,1,True,True,True,2,49.17689193478574,2,2,True,True,True,6,36.85536401301116,1,1,True,True,True,0.0,0.2,False,True,True,False,quadratic_residual
fault_turns_d18_d19_r026_s1500_t80,1500,80,turns,D18,D19,7.400000000000006,3,24.47892930540801,0,0,False,False,True,2,32.48048114629445,0,0,False,False,True,6,46.30314267215416,1,1,True,True,True,,,True,False,False,False,quadratic_residual
fault_turns_d18_d19_r026_s1800_t52,1800,52,turns,D18,D19,7.400000000000006,3,32.18988572500412,0,0,False,False,True,2,52.59453313523129,1,1,True,True,True,6,33.80889041300025,0,0,False,False,True,1.0,0.4,False,False,True,False,quadratic_residual
fault_turns_d18_d19_r026_s1800_t64,1800,64,turns,D18,D19,7.400000000000006,3,38.687201263404376,1,1,True,True,True,2,35.9742695871407,0,0,False,False,True,6,23.392429995359443,0,0,False,False,True,,,True,True,False,False,quadratic_residual
fault_turns_d18_d19_r026_s1800_t80,1800,80,turns,D18,D19,7.400000000000006,3,13.789192716492467,0,0,False,False,True,2,17.654252960167707,0,0,False,False,True,6,11.292648739745935,0,0,False,False,True,,,True,False,False,False,quadratic_residual
fault_turns_d21_d22_r026_s1200_t52,1200,52,turns,D21,D22,3.8000000000000114,3,34.665140042812155,0,0,False,False,True,2,73.44246446007423,1,1,True,True,True,6,60.08164071761297,3,3,True,True,True,0.0,0.2,False,False,True,False,quadratic_residual
fault_turns_d21_d22_r026_s1200_t64,1200,64,turns,D21,D22,3.8000000000000114,3,44.82429710888682,1,1,True,True,True,2,24.676274777058794,0,0,False,False,True,6,18.245948916341423,0,0,False,False,True,,,True,True,False,False,quadratic_residual
fault_turns_d21_d22_r026_s1200_t80,1200,80,turns,D21,D22,3.8000000000000114,3,31.312397485950893,0,0,False,False,True,2,13.108000325952931,0,0,False,False,True,6,29.0318467266402,0,0,False,False,True,,,True,False,False,False,quadratic_residual
fault_turns_d21_d22_r026_s1500_t52,1500,52,turns,D21,D22,3.8000000000000114,3,44.76217504340407,1,1,True,True,True,2,44.03693656339072,1,1,True,True,True,6,159.10937101655333,5,5,True,True,True,1.0,0.4,False,True,True,False,quadratic_residual
fault_turns_d21_d22_r026_s1500_t64,1500,64,turns,D21,D22,3.8000000000000114,3,45.623474926753964,1,1,True,True,True,2,32.86789990037125,0,0,False,False,True,6,64.39433679159909,3,3,True,True,True,,,True,True,False,False,quadratic_residual
fault_turns_d21_d22_r026_s1500_t80,1500,80,turns,D21,D22,3.8000000000000114,3,21.43712459802704,0,0,False,False,True,2,25.978328549714874,0,0,False,False,True,6,19.917977722781373,0,0,False,False,True,,,True,False,False,False,quadratic_residual
fault_turns_d21_d22_r026_s1800_t52,1800,52,turns,D21,D22,3.8000000000000114,3,74.77025660422207,1,1,True,True,True,2,31.760354778695955,0,0,False,False,True,6,33.4971508157019,0,0,False,False,True,,,True,True,False,False,quadratic_residual
fault_turns_d21_d22_r026_s1800_t64,1800,64,turns,D21,D22,3.8000000000000114,3,18.619977443519716,0,0,False,False,True,2,13.178445406019907,0,0,False,False,True,6,54.74375835661614,1,1,True,True,True,,,True,False,False,False,quadratic_residual
fault_turns_d21_d22_r026_s1800_t80,1800,80,turns,D21,D22,3.8000000000000114,3,32.271729619126525,0,0,False,False,True,2,66.04784022484921,1,1,True,True,True,6,15.70311518720777,0,0,False,False,True,0.0,0.2,False,False,True,False,quadratic_residual
fault_turns_d23_d24_r026_s1200_t52,1200,52,turns,D23,D24,2.800000000000012,3,58.57618290579939,3,3,True,True,True,2,50.38208393247588,1,1,True,True,True,6,101.74727297385533,4,4,True,True,True,0.0,0.2,False,True,True,False,quadratic_residual
fault_turns_d23_d24_r026_s1200_t64,1200,64,turns,D23,D24,2.800000000000012,3,57.86354801779812,3,3,True,True,True,2,44.40221480918701,1,1,True,True,True,6,33.39581284895853,0,0,False,False,True,1.0,0.4,False,True,True,False,quadratic_residual
fault_turns_d23_d24_r026_s1200_t80,1200,80,turns,D23,D24,2.800000000000012,3,36.627886380008874,1,1,True,True,True,2,10.467413771372199,0,0,False,False,True,6,28.551706303576232,0,0,False,False,True,,,True,True,False,False,quadratic_residual
fault_turns_d23_d24_r026_s1500_t52,1500,52,turns,D23,D24,2.800000000000012,3,48.53051481202421,1,1,True,True,True,2,25.80990415919936,0,0,False,False,True,6,49.08616109897682,2,2,True,True,True,,,True,True,False,False,quadratic_residual
fault_turns_d23_d24_r026_s1500_t64,1500,64,turns,D23,D24,2.800000000000012,3,25.126581319594997,0,0,False,False,True,2,38.25791778922628,1,1,True,True,True,6,41.68336262968935,1,1,True,True,True,0.0,0.2,False,False,True,False,quadratic_residual
fault_turns_d23_d24_r026_s1500_t80,1500,80,turns,D23,D24,2.800000000000012,3,32.43031602216527,0,0,False,False,True,2,30.12624473801396,0,0,False,False,True,6,24.807801112377806,0,0,False,False,True,,,True,False,False,False,quadratic_residual
fault_turns_d23_d24_r026_s1800_t52,1800,52,turns,D23,D24,2.800000000000012,3,16.781912737909906,0,0,False,False,True,2,31.74450147720357,0,0,False,False,True,6,36.010347967637635,0,0,False,False,True,,,True,False,False,False,quadratic_residual
fault_turns_d23_d24_r026_s1800_t64,1800,64,turns,D23,D24,2.800000000000012,3,56.43072294856551,2,2,True,True,True,2,12.043678658553917,0,0,False,False,True,6,32.26880117009618,0,0,False,False,True,,,True,True,False,False,quadratic_residual
fault_turns_d23_d24_r026_s1800_t80,1800,80,turns,D23,D24,2.800000000000012,3,28.922136106285123,0,0,False,False,True,2,23.125900118159947,0,0,False,False,True,6,27.317899881340182,0,0,False,False,True,,,True,False,False,False,quadratic_residual
fault_windings_d01_d06_r026_s1200_t52,1200,52,windings,D01,D06,14.34,3,56.70044652630904,1,1,True,True,True,2,272.27508311431814,2,2,True,True,True,6,85.61691811276665,2,2,True,True,True,0.0,0.2,False,True,True,False,quadratic_residual
fault_windings_d01_d06_r026_s1200_t64,1200,64,windings,D01,D06,14.34,3,68.17642451556253,2,2,True,True,True,2,160.98174887993196,2,2,True,True,True,6,55.91882279170663,1,1,True,True,True,0.0,0.2,False,True,True,False,quadratic_residual
fault_windings_d01_d06_r026_s1200_t80,1200,80,windings,D01,D06,14.34,3,9.267545948769957,0,0,False,False,True,2,98.23893325845066,1,1,True,True,True,6,12.915299598013307,0,0,False,False,True,1.0,0.4,False,False,True,False,quadratic_residual
fault_windings_d01_d06_r026_s1500_t52,1500,52,windings,D01,D06,14.34,3,45.75112719817263,1,1,True,True,True,2,519.0168170040238,2,2,True,True,True,6,58.50379792387569,1,1,True,True,True,0.0,0.2,False,True,True,False,quadratic_residual
fault_windings_d01_d06_r026_s1500_t64,1500,64,windings,D01,D06,14.34,3,20.640807327554107,0,0,False,False,True,2,361.64936667854363,2,2,True,True,True,6,67.7652229155933,1,1,True,True,True,0.0,0.2,False,False,True,False,quadratic_residual
fault_windings_d01_d06_r026_s1500_t80,1500,80,windings,D01,D06,14.34,3,21.474647428336077,0,0,False,False,True,2,172.76480515914923,2,2,True,True,True,6,31.746708792920224,0,0,False,False,True,0.0,0.2,False,False,True,False,quadratic_residual
fault_windings_d01_d06_r026_s1800_t52,1800,52,windings,D01,D06,14.34,3,34.9253648332745,0,0,False,False,True,2,689.6082088252482,2,2,True,True,True,6,41.21375791080055,1,1,True,True,True,0.0,0.2,False,False,True,False,quadratic_residual
fault_windings_d01_d06_r026_s1800_t64,1800,64,windings,D01,D06,14.34,3,11.263362006144636,0,0,False,False,True,2,417.57544661801535,2,2,True,True,True,6,18.91373767592638,0,0,False,False,True,0.0,0.2,False,False,True,False,quadratic_residual
fault_windings_d01_d06_r026_s1800_t80,1800,80,windings,D01,D06,14.34,3,10.69833870747689,0,0,False,False,True,2,280.20643600689135,2,2,True,True,True,6,61.87265738007892,1,1,True,True,True,0.0,0.2,False,False,True,False,quadratic_residual
fault_windings_d01_d07_r026_s1200_t52,1200,52,windings,D01,D07,21.74,3,40.27136944649064,1,1,True,True,True,2,2009.8791556297078,2,2,True,True,True,6,117.85515095434519,1,1,True,True,True,0.0,0.2,False,True,True,False,quadratic_residual
fault_windings_d01_d07_r026_s1200_t64,1200,64,windings,D01,D07,21.74,3,12.514820791198614,0,0,False,False,True,2,904.2044320025291,2,2,True,True,True,6,162.9870003166285,2,2,True,True,True,0.0,0.2,False,False,True,False,quadratic_residual
fault_windings_d01_d07_r026_s1200_t80,1200,80,windings,D01,D07,21.74,3,13.138533298524095,0,0,False,False,True,2,607.7872330193645,2,2,True,True,True,6,55.597195816509824,1,1,True,True,True,0.0,0.2,False,False,True,False,quadratic_residual
fault_windings_d01_d07_r026_s1500_t52,1500,52,windings,D01,D07,21.74,3,39.746899527595296,1,1,True,True,True,2,3845.4874877713937,2,2,True,True,True,6,198.60437704789067,2,2,True,True,True,0.0,0.2,False,True,True,False,quadratic_residual
fault_windings_d01_d07_r026_s1500_t64,1500,64,windings,D01,D07,21.74,3,28.476383794187583,0,0,False,False,True,2,2207.9261440633886,2,2,True,True,True,6,166.4500719312541,2,2,True,True,True,0.0,0.2,False,False,True,False,quadratic_residual
fault_windings_d01_d07_r026_s1500_t80,1500,80,windings,D01,D07,21.74,3,30.028840415336006,0,0,False,False,True,2,1109.476337454904,2,2,True,True,True,6,118.0537346235024,1,1,True,True,True,0.0,0.2,False,False,True,False,quadratic_residual
fault_windings_d01_d07_r026_s1800_t52,1800,52,windings,D01,D07,21.74,3,25.329612060686063,0,0,False,False,True,2,5150.312537136209,2,2,True,True,True,6,504.342135940908,2,2,True,True,True,0.0,0.2,False,False,True,False,quadratic_residual
fault_windings_d01_d07_r026_s1800_t64,1800,64,windings,D01,D07,21.74,3,15.359475010603104,0,0,False,False,True,2,3598.528181782829,2,2,True,True,True,6,271.51702076626225,2,2,True,True,True,0.0,0.2,False,False,True,False,quadratic_residual
fault_windings_d01_d07_r026_s1800_t80,1800,80,windings,D01,D07,21.74,3,23.469069886232766,0,0,False,False,True,2,1617.0255903921498,2,2,True,True,True,6,201.2303236435035,1,1,True,True,True,0.0,0.2,False,False,True,False,quadratic_residual
fault_windings_d04_d06_r026_s1200_t52,1200,52,windings,D04,D06,2.3000000000000007,3,75.92589916673681,2,2,True,True,True,2,25.00388327829009,0,0,False,False,True,6,41.00524440593701,1,1,True,True,True,,,True,True,False,False,quadratic_residual
fault_windings_d04_d06_r026_s1200_t64,1200,64,windings,D04,D06,2.3000000000000007,3,91.52438460460785,3,3,True,True,True,2,105.71873700385859,2,2,True,True,True,6,49.54305679455963,4,4,True,True,True,0.0,0.2,False,True,True,False,quadratic_residual
fault_windings_d04_d06_r026_s1200_t80,1200,80,windings,D04,D06,2.3000000000000007,3,73.30791821055199,2,2,True,True,True,2,58.860266796168226,1,1,True,True,True,6,57.73253666766219,5,5,True,True,True,0.0,0.2,False,True,True,False,quadratic_residual
fault_windings_d04_d06_r026_s1500_t52,1500,52,windings,D04,D06,2.3000000000000007,3,41.956295858828526,1,1,True,True,True,2,33.176801475514694,0,0,False,False,True,6,468.03179195879204,5,5,True,True,True,,,True,True,False,False,quadratic_residual
fault_windings_d04_d06_r026_s1500_t64,1500,64,windings,D04,D06,2.3000000000000007,3,49.728459162628106,1,1,True,True,True,2,58.72426659274579,1,1,True,True,True,6,162.8498112831745,3,3,True,True,True,0.0,0.2,False,True,True,False,quadratic_residual
fault_windings_d04_d06_r026_s1500_t80,1500,80,windings,D04,D06,2.3000000000000007,3,22.074966367164816,0,0,False,False,True,2,27.410714943025354,0,0,False,False,True,6,34.337608293253794,0,0,False,False,True,,,True,False,False,False,quadratic_residual
fault_windings_d04_d06_r026_s1800_t52,1800,52,windings,D04,D06,2.3000000000000007,3,79.43749058687645,2,2,True,True,True,2,62.65486322428311,2,2,True,True,True,6,197.28864010498762,5,5,True,True,True,0.0,0.2,False,True,True,False,quadratic_residual
fault_windings_d04_d06_r026_s1800_t64,1800,64,windings,D04,D06,2.3000000000000007,3,89.58955282861952,1,1,True,True,True,2,111.52019089201525,2,2,True,True,True,6,99.33669420005904,2,2,True,True,True,0.0,0.2,False,True,True,False,quadratic_residual
fault_windings_d04_d06_r026_s1800_t80,1800,80,windings,D04,D06,2.3000000000000007,3,31.39989848316298,0,0,False,False,True,2,100.63669952678777,1,1,True,True,True,6,67.79550291279058,2,2,True,True,True,0.0,0.2,False,False,True,False,quadratic_residual
fault_windings_d04_d07_r026_s1200_t52,1200,52,windings,D04,D07,9.7,3,49.23824868441966,2,2,True,True,True,2,165.44137258899235,2,2,True,True,True,6,182.70263299722498,6,6,True,True,True,0.0,0.2,False,True,True,False,quadratic_residual
fault_windings_d04_d07_r026_s1200_t64,1200,64,windings,D04,D07,9.7,3,21.458991846847635,0,0,False,False,True,2,66.37991524512681,2,2,True,True,True,6,147.78008893143155,2,2,True,True,True,0.0,0.2,False,False,True,False,quadratic_residual
fault_windings_d04_d07_r026_s1200_t80,1200,80,windings,D04,D07,9.7,3,109.82995300835992,3,3,True,True,True,2,228.77564356773445,1,1,True,True,True,6,160.5111740690266,2,2,True,True,True,1.0,0.4,False,True,True,False,quadratic_residual
fault_windings_d04_d07_r026_s1500_t52,1500,52,windings,D04,D07,9.7,3,14.636431286903974,0,0,False,False,True,2,208.25879124033173,1,1,True,True,True,6,138.7549460586175,5,5,True,True,True,1.0,0.4,False,False,True,False,quadratic_residual
fault_windings_d04_d07_r026_s1500_t64,1500,64,windings,D04,D07,9.7,3,33.16847759484584,0,0,False,False,True,2,54.1198583153236,2,2,True,True,True,6,125.4752695699746,5,5,True,True,True,0.0,0.2,False,False,True,False,quadratic_residual
fault_windings_d04_d07_r026_s1500_t80,1500,80,windings,D04,D07,9.7,3,77.07582099196767,2,2,True,True,True,2,79.76486315722961,2,2,True,True,True,6,96.10322320574278,5,5,True,True,True,0.0,0.2,False,True,True,False,quadratic_residual
fault_windings_d04_d07_r026_s1800_t52,1800,52,windings,D04,D07,9.7,3,42.5355637673368,1,1,True,True,True,2,180.29599546129634,2,2,True,True,True,6,124.30322212109704,5,5,True,True,True,0.0,0.2,False,True,True,False,quadratic_residual
fault_windings_d04_d07_r026_s1800_t64,1800,64,windings,D04,D07,9.7,3,101.7237401256817,2,2,True,True,True,2,176.60123449914204,2,2,True,True,True,6,267.2287283025777,2,2,True,True,True,0.0,0.2,False,True,True,False,quadratic_residual
fault_windings_d04_d07_r026_s1800_t80,1800,80,windings,D04,D07,9.7,3,21.789565827990536,0,0,False,False,True,2,110.85707948808752,1,1,True,True,True,6,21.434265101677646,0,0,False,False,True,1.0,0.4,False,False,True,False,quadratic_residual
fault_windings_d11_d21_r026_s1200_t52,1200,52,windings,D11,D21,36.39999999999999,3,61.22346434353132,1,1,True,True,True,2,48436.46021539063,2,2,True,True,True,6,1819.515549219071,5,5,True,True,True,0.0,0.2,False,True,True,False,quadratic_residual
fault_windings_d11_d21_r026_s1200_t64,1200,64,windings,D11,D21,36.39999999999999,3,45.20331752578697,1,1,True,True,True,2,18881.52816979907,2,2,True,True,True,6,610.8493320777486,3,3,True,True,True,0.0,0.2,False,True,True,False,quadratic_residual
fault_windings_d11_d21_r026_s1200_t80,1200,80,windings,D11,D21,36.39999999999999,3,17.218970195682665,0,0,False,False,True,2,7919.7372878667065,2,2,True,True,True,6,449.9061402902187,3,3,True,True,True,0.0,0.2,False,False,True,False,quadratic_residual
fault_windings_d11_d21_r026_s1500_t52,1500,52,windings,D11,D21,36.39999999999999,3,46.95791071011901,1,1,True,True,True,2,114642.82493928973,2,2,True,True,True,6,4564.754948810112,5,5,True,True,True,0.0,0.2,False,True,True,False,quadratic_residual
fault_windings_d11_d21_r026_s1500_t64,1500,64,windings,D11,D21,36.39999999999999,3,25.645867575596426,0,0,False,False,True,2,63807.336086877156,2,2,True,True,True,6,1416.4012165370013,3,3,True,True,True,0.0,0.2,False,False,True,False,quadratic_residual
fault_windings_d11_d21_r026_s1500_t80,1500,80,windings,D11,D21,36.39999999999999,3,20.53822296188932,0,0,False,False,True,2,27135.474895102197,2,2,True,True,True,6,717.493660944235,2,2,True,True,True,0.0,0.2,False,False,True,False,quadratic_residual
fault_windings_d11_d21_r026_s1800_t52,1800,52,windings,D11,D21,36.39999999999999,3,115.76733676127064,3,3,True,True,True,2,204743.61936311325,2,2,True,True,True,6,10919.941851456666,4,4,True,True,True,0.0,0.2,False,True,True,False,quadratic_residual
fault_windings_d11_d21_r026_s1800_t64,1800,64,windings,D11,D21,36.39999999999999,3,21.462888655751588,0,0,False,False,True,2,143847.37166778249,2,2,True,True,True,6,3098.232152923638,3,3,True,True,True,0.0,0.2,False,False,True,False,quadratic_residual
fault_windings_d11_d21_r026_s1800_t80,1800,80,windings,D11,D21,36.39999999999999,3,17.612797919769413,0,0,False,False,True,2,50758.23488164702,2,2,True,True,True,6,1933.8124584863513,2,2,True,True,True,0.0,0.2,False,False,True,False,quadratic_residual
fault_windings_d11_d22_r026_s1200_t52,1200,52,windings,D11,D22,40.2,3,49.39873290033761,2,2,True,True,True,2,113420.20299930737,2,2,True,True,True,6,2132.2914677465174,3,3,True,True,True,0.0,0.2,False,True,True,False,quadratic_residual
fault_windings_d11_d22_r026_s1200_t64,1200,64,windings,D11,D22,40.2,3,8.774827026668028,0,0,False,False,True,2,35106.338127263996,2,2,True,True,True,6,1241.981544628681,3,3,True,True,True,0.0,0.2,False,False,True,False,quadratic_residual
fault_windings_d11_d22_r026_s1200_t80,1200,80,windings,D11,D22,40.2,3,16.135617167855095,0,0,False,False,True,2,15268.715772069885,2,2,True,True,True,6,835.7608052174862,2,2,True,True,True,0.0,0.2,False,False,True,False,quadratic_residual
fault_windings_d11_d22_r026_s1500_t52,1500,52,windings,D11,D22,40.2,3,50.06558956112721,1,1,True,True,True,2,227022.62235455163,2,2,True,True,True,6,3860.8313695758834,5,5,True,True,True,0.0,0.2,False,True,True,False,quadratic_residual
fault_windings_d11_d22_r026_s1500_t64,1500,64,windings,D11,D22,40.2,3,35.307511692325164,0,0,False,False,True,2,105843.42022883575,2,2,True,True,True,6,2220.0548660519944,3,3,True,True,True,0.0,0.2,False,False,True,False,quadratic_residual
fault_windings_d11_d22_r026_s1500_t80,1500,80,windings,D11,D22,40.2,3,32.79351010158565,0,0,False,False,True,2,38070.555515950524,2,2,True,True,True,6,1487.9193931591178,3,3,True,True,True,0.0,0.2,False,False,True,False,quadratic_residual
fault_windings_d11_d22_r026_s1800_t52,1800,52,windings,D11,D22,40.2,3,43.003940294587025,1,1,True,True,True,2,143408.97382918347,2,2,True,True,True,6,7495.799017595736,4,4,True,True,True,0.0,0.2,False,True,True,False,quadratic_residual
fault_windings_d11_d22_r026_s1800_t64,1800,64,windings,D11,D22,40.2,3,26.911059872010917,0,0,False,False,True,2,222964.4894879405,2,2,True,True,True,6,4127.006305459934,3,3,True,True,True,0.0,0.2,False,False,True,False,quadratic_residual
fault_windings_d11_d22_r026_s1800_t80,1800,80,windings,D11,D22,40.2,3,17.925797495147915,0,0,False,False,True,2,103563.60092022519,2,2,True,True,True,6,2715.177437933108,3,3,True,True,True,0.0,0.2,False,False,True,False,quadratic_residual
fault_windings_d12_d21_r026_s1200_t52,1200,52,windings,D12,D21,33.7,3,42.286781510276086,2,2,True,True,True,2,24044.148595508857,2,2,True,True,True,6,1042.3737578350947,4,4,True,True,True,0.0,0.2,False,True,True,False,quadratic_residual
fault_windings_d12_d21_r026_s1200_t64,1200,64,windings,D12,D21,33.7,3,21.7869895364744,0,0,False,False,True,2,10429.370380670665,2,2,True,True,True,6,467.29568984268883,2,2,True,True,True,0.0,0.2,False,False,True,False,quadratic_residual
fault_windings_d12_d21_r026_s1200_t80,1200,80,windings,D12,D21,33.7,3,32.73794731295037,0,0,False,False,True,2,3717.605788836508,2,2,True,True,True,6,446.0560453878813,2,2,True,True,True,0.0,0.2,False,False,True,False,quadratic_residual
fault_windings_d12_d21_r026_s1500_t52,1500,52,windings,D12,D21,33.7,3,50.70991613248892,2,2,True,True,True,2,99727.62237146894,2,2,True,True,True,6,2759.8783620649347,4,4,True,True,True,0.0,0.2,False,True,True,False,quadratic_residual
fault_windings_d12_d21_r026_s1500_t64,1500,64,windings,D12,D21,33.7,3,20.34296010587323,0,0,False,False,True,2,35480.92544093938,2,2,True,True,True,6,1156.373299776999,2,2,True,True,True,0.0,0.2,False,False,True,False,quadratic_residual
fault_windings_d12_d21_r026_s1500_t80,1500,80,windings,D12,D21,33.7,3,27.612055230487876,0,0,False,False,True,2,14715.340631266678,2,2,True,True,True,6,376.9260286175066,2,2,True,True,True,0.0,0.2,False,False,True,False,quadratic_residual
fault_windings_d12_d21_r026_s1800_t52,1800,52,windings,D12,D21,33.7,3,29.414328134406233,0,0,False,False,True,2,302600.7628597884,2,2,True,True,True,6,4344.714468285902,4,4,True,True,True,0.0,0.2,False,False,True,False,quadratic_residual
fault_windings_d12_d21_r026_s1800_t64,1800,64,windings,D12,D21,33.7,3,9.708611325084837,0,0,False,False,True,2,93242.7412973027,2,2,True,True,True,6,1300.9837052878688,3,3,True,True,True,0.0,0.2,False,False,True,False,quadratic_residual
fault_windings_d12_d21_r026_s1800_t80,1800,80,windings,D12,D21,33.7,3,10.127129033559871,0,0,False,False,True,2,28346.879976216813,2,2,True,True,True,6,1015.4665965428906,2,2,True,True,True,0.0,0.2,False,False,True,False,quadratic_residual
fault_windings_d12_d22_r026_s1200_t52,1200,52,windings,D12,D22,37.50000000000001,3,26.80837228635585,0,0,False,False,True,2,50169.51874604465,2,2,True,True,True,6,1737.1973844089591,3,3,True,True,True,0.0,0.2,False,False,True,False,quadratic_residual
fault_windings_d12_d22_r026_s1200_t64,1200,64,windings,D12,D22,37.50000000000001,3,16.108397491599554,0,0,False,False,True,2,24860.308153477246,2,2,True,True,True,6,792.0995656402199,2,2,True,True,True,0.0,0.2,False,False,True,False,quadratic_residual
fault_windings_d12_d22_r026_s1200_t80,1200,80,windings,D12,D22,37.50000000000001,3,24.71577347844663,0,0,False,False,True,2,6650.388615896614,2,2,True,True,True,6,491.4517558108557,2,2,True,True,True,0.0,0.2,False,False,True,False,quadratic_residual
fault_windings_d12_d22_r026_s1500_t52,1500,52,windings,D12,D22,37.50000000000001,3,23.465832514319587,0,0,False,False,True,2,116504.3001915502,2,2,True,True,True,6,2996.9604985966525,3,3,True,True,True,0.0,0.2,False,False,True,False,quadratic_residual
fault_windings_d12_d22_r026_s1500_t64,1500,64,windings,D12,D22,37.50000000000001,3,17.8924265382565,0,0,False,False,True,2,65235.44156054496,2,2,True,True,True,6,1605.1332737422554,3,3,True,True,True,0.0,0.2,False,False,True,False,quadratic_residual
fault_windings_d12_d22_r026_s1500_t80,1500,80,windings,D12,D22,37.50000000000001,3,21.881855389935644,0,0,False,False,True,2,25732.421684249464,2,2,True,True,True,6,1119.7153929095653,3,3,True,True,True,0.0,0.2,False,False,True,False,quadratic_residual
fault_windings_d12_d22_r026_s1800_t52,1800,52,windings,D12,D22,37.50000000000001,3,27.061968572461918,0,0,False,False,True,2,187546.74164022022,2,2,True,True,True,6,6071.832712739483,3,3,True,True,True,0.0,0.2,False,False,True,False,quadratic_residual
fault_windings_d12_d22_r026_s1800_t64,1800,64,windings,D12,D22,37.50000000000001,3,20.300881663749287,0,0,False,False,True,2,155132.9325871503,2,2,True,True,True,6,3907.133652796913,4,4,True,True,True,0.0,0.2,False,False,True,False,quadratic_residual
fault_windings_d12_d22_r026_s1800_t80,1800,80,windings,D12,D22,37.50000000000001,3,18.631907262482734,0,0,False,False,True,2,57177.497200307866,2,2,True,True,True,6,1743.6542857934746,2,2,True,True,True,0.0,0.2,False,False,True,False,quadratic_residual
fault_windings_d13_d18_r026_s1200_t52,1200,52,windings,D13,D18,14.799999999999995,3,57.22445801132716,2,2,True,True,True,2,108.07445537211254,2,2,True,True,True,6,138.04018706076,4,4,True,True,True,0.0,0.2,False,True,True,False,quadratic_residual
fault_windings_d13_d18_r026_s1200_t64,1200,64,windings,D13,D18,14.799999999999995,3,47.97031821998233,1,1,True,True,True,2,81.47688265118185,2,2,True,True,True,6,33.58651993224256,0,0,False,False,True,0.0,0.2,False,True,True,False,quadratic_residual
fault_windings_d13_d18_r026_s1200_t80,1200,80,windings,D13,D18,14.799999999999995,3,22.52547295536086,0,0,False,False,True,2,63.34917454539972,1,1,True,True,True,6,15.449963522222042,0,0,False,False,True,1.0,0.4,False,False,True,False,quadratic_residual
fault_windings_d13_d18_r026_s1500_t52,1500,52,windings,D13,D18,14.799999999999995,3,31.786459893358824,0,0,False,False,True,2,299.6699692574262,2,2,True,True,True,6,34.266308070653075,0,0,False,False,True,0.0,0.2,False,False,True,False,quadratic_residual
fault_windings_d13_d18_r026_s1500_t64,1500,64,windings,D13,D18,14.799999999999995,3,31.734356881809475,0,0,False,False,True,2,133.02264899311598,2,2,True,True,True,6,35.42416576360275,0,0,False,False,True,0.0,0.2,False,False,True,False,quadratic_residual
fault_windings_d13_d18_r026_s1500_t80,1500,80,windings,D13,D18,14.799999999999995,3,21.11152592290264,0,0,False,False,True,2,104.92220140854414,2,2,True,True,True,6,39.30369260282812,1,1,True,True,True,0.0,0.2,False,False,True,False,quadratic_residual
fault_windings_d13_d18_r026_s1800_t52,1800,52,windings,D13,D18,14.799999999999995,3,22.314938487275803,0,0,False,False,True,2,392.98891531049225,2,2,True,True,True,6,118.68196111448944,2,2,True,True,True,0.0,0.2,False,False,True,False,quadratic_residual
fault_windings_d13_d18_r026_s1800_t64,1800,64,windings,D13,D18,14.799999999999995,3,41.71831035671652,1,1,True,True,True,2,311.3121985013109,2,2,True,True,True,6,19.15442719720238,0,0,False,False,True,0.0,0.2,False,True,True,False,quadratic_residual
fault_windings_d13_d18_r026_s1800_t80,1800,80,windings,D13,D18,14.799999999999995,3,11.316573550085531,0,0,False,False,True,2,219.35487716029627,2,2,True,True,True,6,36.720571970554516,1,1,True,True,True,0.0,0.2,False,False,True,False,quadratic_residual
fault_windings_d13_d19_r026_s1200_t52,1200,52,windings,D13,D19,22.200000000000003,3,50.112535382081745,1,1,True,True,True,2,1621.1415302520495,2,2,True,True,True,6,52.15010602792674,2,2,True,True,True,0.0,0.2,False,True,True,False,quadratic_residual
fault_windings_d13_d19_r026_s1200_t64,1200,64,windings,D13,D19,22.200000000000003,3,27.136860178318162,0,0,False,False,True,2,471.5385223556925,2,2,True,True,True,6,54.76785004197551,1,1,True,True,True,0.0,0.2,False,False,True,False,quadratic_residual
fault_windings_d13_d19_r026_s1200_t80,1200,80,windings,D13,D19,22.200000000000003,3,16.699221570912542,0,0,False,False,True,2,258.3639801298925,2,2,True,True,True,6,73.85811922555101,1,1,True,True,True,0.0,0.2,False,False,True,False,quadratic_residual
fault_windings_d13_d19_r026_s1500_t52,1500,52,windings,D13,D19,22.200000000000003,3,42.08458026466434,1,1,True,True,True,2,3127.89481886561,2,2,True,True,True,6,144.28065570371967,2,2,True,True,True,0.0,0.2,False,True,True,False,quadratic_residual
fault_windings_d13_d19_r026_s1500_t64,1500,64,windings,D13,D19,22.200000000000003,3,22.914091394749665,0,0,False,False,True,2,1101.699154174447,2,2,True,True,True,6,148.89123032151977,2,2,True,True,True,0.0,0.2,False,False,True,False,quadratic_residual
fault_windings_d13_d19_r026_s1500_t80,1500,80,windings,D13,D19,22.200000000000003,3,35.64585602220724,0,0,False,False,True,2,804.590763106311,2,2,True,True,True,6,81.01123310955896,1,1,True,True,True,0.0,0.2,False,False,True,False,quadratic_residual
fault_windings_d13_d19_r026_s1800_t52,1800,52,windings,D13,D19,22.200000000000003,3,16.84099530817173,0,0,False,False,True,2,6127.0042232993255,2,2,True,True,True,6,465.39850951709707,2,2,True,True,True,0.0,0.2,False,False,True,False,quadratic_residual
fault_windings_d13_d19_r026_s1800_t64,1800,64,windings,D13,D19,22.200000000000003,3,20.875987617067317,0,0,False,False,True,2,2645.253774301894,2,2,True,True,True,6,194.29684221729843,2,2,True,True,True,0.0,0.2,False,False,True,False,quadratic_residual
fault_windings_d13_d19_r026_s1800_t80,1800,80,windings,D13,D19,22.200000000000003,3,13.727615633097393,0,0,False,False,True,2,1707.4297173106693,2,2,True,True,True,6,116.50254901008611,1,1,True,True,True,0.0,0.2,False,False,True,False,quadratic_residual
fault_windings_d16_d18_r026_s1200_t52,1200,52,windings,D16,D18,3.199999999999996,3,52.153807719622336,1,1,True,True,True,2,141.60037450853557,2,2,True,True,True,6,94.80224591243359,6,6,True,True,True,0.0,0.2,False,True,True,False,quadratic_residual
fault_windings_d16_d18_r026_s1200_t64,1200,64,windings,D16,D18,3.199999999999996,3,74.86306311921717,2,2,True,True,True,2,52.85236720353767,2,2,True,True,True,6,161.7668566371417,6,6,True,True,True,0.0,0.2,False,True,True,False,quadratic_residual
fault_windings_d16_d18_r026_s1200_t80,1200,80,windings,D16,D18,3.199999999999996,3,85.21780145308952,3,3,True,True,True,2,49.21832697049982,2,2,True,True,True,6,55.74936749892164,3,3,True,True,True,0.0,0.2,False,True,True,False,quadratic_residual
fault_windings_d16_d18_r026_s1500_t52,1500,52,windings,D16,D18,3.199999999999996,3,23.957920352922386,0,0,False,False,True,2,17.13719189455615,0,0,False,False,True,6,140.792494375493,3,3,True,True,True,,,True,False,False,False,quadratic_residual
fault_windings_d16_d18_r026_s1500_t64,1500,64,windings,D16,D18,3.199999999999996,3,25.59172014269933,0,0,False,False,True,2,20.350622101498608,0,0,False,False,True,6,130.8683459462885,4,4,True,True,True,,,True,False,False,False,quadratic_residual
fault_windings_d16_d18_r026_s1500_t80,1500,80,windings,D16,D18,3.199999999999996,3,28.650898570417915,0,0,False,False,True,2,26.78679376101349,0,0,False,False,True,6,48.19636415002902,2,2,True,True,True,,,True,False,False,False,quadratic_residual
fault_windings_d16_d18_r026_s1800_t52,1800,52,windings,D16,D18,3.199999999999996,3,114.76796463312735,3,3,True,True,True,2,39.05134346447556,1,1,True,True,True,6,64.11119712339632,2,2,True,True,True,1.0,0.4,False,True,True,False,quadratic_residual
fault_windings_d16_d18_r026_s1800_t64,1800,64,windings,D16,D18,3.199999999999996,3,44.020775766924544,1,1,True,True,True,2,38.39500334388213,1,1,True,True,True,6,94.0776293419537,2,2,True,True,True,1.0,0.4,False,True,True,False,quadratic_residual
fault_windings_d16_d18_r026_s1800_t80,1800,80,windings,D16,D18,3.199999999999996,3,43.819858093491106,2,2,True,True,True,2,41.17035473604378,1,1,True,True,True,6,59.81881024344333,2,2,True,True,True,1.0,0.4,False,True,True,False,quadratic_residual
fault_windings_d16_d19_r026_s1200_t52,1200,52,windings,D16,D19,10.6,3,67.458154919018,2,2,True,True,True,2,142.7095975383619,2,2,True,True,True,6,83.5551943508437,6,6,True,True,True,0.0,0.2,False,True,True,False,quadratic_residual
fault_windings_d16_d19_r026_s1200_t64,1200,64,windings,D16,D19,10.6,3,37.16946199513879,1,1,True,True,True,2,23.492638937242088,0,0,False,False,True,6,38.54589794400549,1,1,True,True,True,,,True,True,False,False,quadratic_residual
fault_windings_d16_d19_r026_s1200_t80,1200,80,windings,D16,D19,10.6,3,47.75634315880092,1,1,True,True,True,2,38.118079014856896,1,1,True,True,True,6,88.75752373342723,2,2,True,True,True,0.0,0.2,False,True,True,False,quadratic_residual
fault_windings_d16_d19_r026_s1500_t52,1500,52,windings,D16,D19,10.6,3,116.10521868931838,3,3,True,True,True,2,378.72776271162314,2,2,True,True,True,6,115.72513434259366,5,5,True,True,True,0.0,0.2,False,True,True,False,quadratic_residual
fault_windings_d16_d19_r026_s1500_t64,1500,64,windings,D16,D19,10.6,3,44.48589909755884,2,2,True,True,True,2,44.02485468300111,2,2,True,True,True,6,45.06850728384028,1,1,True,True,True,0.0,0.2,False,True,True,False,quadratic_residual
fault_windings_d16_d19_r026_s1500_t80,1500,80,windings,D16,D19,10.6,3,26.306705966977667,0,0,False,False,True,2,113.79164376144509,2,2,True,True,True,6,60.61734997244409,2,2,True,True,True,0.0,0.2,False,False,True,False,quadratic_residual
fault_windings_d16_d19_r026_s1800_t52,1800,52,windings,D16,D19,10.6,3,79.90793056140396,1,1,True,True,True,2,132.3383128971018,2,2,True,True,True,6,701.188143275914,4,4,True,True,True,0.0,0.2,False,True,True,False,quadratic_residual
fault_windings_d16_d19_r026_s1800_t64,1800,64,windings,D16,D19,10.6,3,305.16182230914086,3,3,True,True,True,2,109.28538596418616,2,2,True,True,True,6,127.40359747883387,4,4,True,True,True,0.0,0.2,False,True,True,False,quadratic_residual
fault_windings_d16_d19_r026_s1800_t80,1800,80,windings,D16,D19,10.6,3,36.1226225494459,0,0,False,False,True,2,70.78823367195332,2,2,True,True,True,6,55.900414780772564,1,1,True,True,True,0.0,0.2,False,False,True,False,quadratic_residual
fault_turns_d01_d04_r026_s1200_t52,1200,52,turns,D01,D04,12.04,3,79.67039810745395,2,2,True,True,True,2,273.43782438666244,1,1,True,True,True,6,41.65038102458607,0,0,False,False,True,1.0,0.4,False,True,True,False,spline_residual
fault_turns_d01_d04_r026_s1200_t64,1200,64,turns,D01,D04,12.04,3,138.65141012058749,1,1,True,True,True,2,139.10340091856605,2,2,True,True,True,6,93.51110168014567,3,3,True,True,True,0.0,0.2,False,True,True,False,spline_residual
fault_turns_d01_d04_r026_s1200_t80,1200,80,turns,D01,D04,12.04,3,36.47443823174909,0,0,False,False,True,2,52.31311007087922,0,0,False,False,True,6,24.683114159655094,0,0,False,False,True,,,True,False,False,False,spline_residual
fault_turns_d01_d04_r026_s1500_t52,1500,52,turns,D01,D04,12.04,3,53.43988696133819,0,0,False,False,True,2,212.7240335150511,2,2,True,True,True,6,73.22023734516486,1,1,True,True,True,0.0,0.2,False,False,True,False,spline_residual
fault_turns_d01_d04_r026_s1500_t64,1500,64,turns,D01,D04,12.04,3,42.63779185815413,0,0,False,False,True,2,194.4149680577808,2,2,True,True,True,6,79.01293495711288,3,3,True,True,True,0.0,0.2,False,False,True,False,spline_residual
fault_turns_d01_d04_r026_s1500_t80,1500,80,turns,D01,D04,12.04,3,68.96216540509508,1,1,True,True,True,2,83.03312916998733,2,2,True,True,True,6,49.34321521363345,0,0,False,False,True,0.0,0.2,False,True,True,False,spline_residual
fault_turns_d01_d04_r026_s1800_t52,1800,52,turns,D01,D04,12.04,3,49.932354568552135,0,0,False,False,True,2,293.7521529003879,2,2,True,True,True,6,161.5901692784033,1,1,True,True,True,0.0,0.2,False,False,True,False,spline_residual
fault_turns_d01_d04_r026_s1800_t64,1800,64,turns,D01,D04,12.04,3,27.431030105422106,0,0,False,False,True,2,334.90136133778014,2,2,True,True,True,6,24.691636651780225,0,0,False,False,True,0.0,0.2,False,False,True,False,spline_residual
fault_turns_d01_d04_r026_s1800_t80,1800,80,turns,D01,D04,12.04,3,14.832539628292604,0,0,False,False,True,2,109.0769125326475,2,2,True,True,True,6,124.48460063065501,4,4,True,True,True,0.0,0.2,False,False,True,False,spline_residual
fault_turns_d02_d03_r026_s1200_t52,1200,52,turns,D02,D03,7.689999999999999,3,63.40823892205939,1,1,True,True,True,2,59.669002064951734,1,1,True,True,True,6,35.893491802724796,0,0,False,False,True,0.0,0.2,False,True,True,False,spline_residual
fault_turns_d02_d03_r026_s1200_t64,1200,64,turns,D02,D03,7.689999999999999,3,45.675606276133024,0,0,False,False,True,2,28.240634337338363,0,0,False,False,True,6,22.480039353023425,0,0,False,False,True,,,True,False,False,False,spline_residual
fault_turns_d02_d03_r026_s1200_t80,1200,80,turns,D02,D03,7.689999999999999,3,35.76302459066674,0,0,False,False,True,2,32.11472336371617,0,0,False,False,True,6,24.31383237944626,0,0,False,False,True,,,True,False,False,False,spline_residual
fault_turns_d02_d03_r026_s1500_t52,1500,52,turns,D02,D03,7.689999999999999,3,58.11310793187025,1,1,True,True,True,2,74.81571505406643,1,1,True,True,True,6,135.76606319813155,5,5,True,True,True,1.0,0.4,False,True,True,False,spline_residual
fault_turns_d02_d03_r026_s1500_t64,1500,64,turns,D02,D03,7.689999999999999,3,70.14254420378205,2,2,True,True,True,2,108.32456292664394,2,2,True,True,True,6,62.943461277792345,2,2,True,True,True,0.0,0.2,False,True,True,False,spline_residual
fault_turns_d02_d03_r026_s1500_t80,1500,80,turns,D02,D03,7.689999999999999,3,65.30930199642923,1,1,True,True,True,2,51.66571131116419,0,0,False,False,True,6,35.33505080564588,0,0,False,False,True,,,True,True,False,False,spline_residual
fault_turns_d02_d03_r026_s1800_t52,1800,52,turns,D02,D03,7.689999999999999,3,35.82743085179844,0,0,False,False,True,2,80.73201371493819,1,1,True,True,True,6,32.329147568651386,0,0,False,False,True,1.0,0.4,False,False,True,False,spline_residual
fault_turns_d02_d03_r026_s1800_t64,1800,64,turns,D02,D03,7.689999999999999,3,17.967566888895398,0,0,False,False,True,2,29.052288859559564,0,0,False,False,True,6,21.534640554287257,0,0,False,False,True,,,True,False,False,False,spline_residual
fault_turns_d02_d03_r026_s1800_t80,1800,80,turns,D02,D03,7.689999999999999,3,19.531272446841186,0,0,False,False,True,2,23.15026638252553,0,0,False,False,True,6,22.18405763327719,0,0,False,False,True,,,True,False,False,False,spline_residual
fault_turns_d05_d08_r026_s1200_t52,1200,52,turns,D05,D08,12.1,3,76.55161048071089,2,2,True,True,True,2,183.22290551558638,1,1,True,True,True,6,55.648689352743325,1,1,True,True,True,1.0,0.4,False,True,True,False,spline_residual
fault_turns_d05_d08_r026_s1200_t64,1200,64,turns,D05,D08,12.1,3,23.324901767978414,0,0,False,False,True,2,107.90900082760187,1,1,True,True,True,6,30.090620120817427,0,0,False,False,True,1.0,0.4,False,False,True,False,spline_residual
fault_turns_d05_d08_r026_s1200_t80,1200,80,turns,D05,D08,12.1,3,23.556663247334193,0,0,False,False,True,2,53.81896239292385,0,0,False,False,True,6,16.175063753526544,0,0,False,False,True,,,True,False,False,False,spline_residual
fault_turns_d05_d08_r026_s1500_t52,1500,52,turns,D05,D08,12.1,3,295.1104225754796,3,3,True,True,True,2,208.3276765511522,2,2,True,True,True,6,150.6964554801599,5,5,True,True,True,0.0,0.2,False,True,True,False,spline_residual
fault_turns_d05_d08_r026_s1500_t64,1500,64,turns,D05,D08,12.1,3,36.21416122578913,0,0,False,False,True,2,263.12202997899425,2,2,True,True,True,6,65.08418334822359,1,1,True,True,True,0.0,0.2,False,False,True,False,spline_residual
fault_turns_d05_d08_r026_s1500_t80,1500,80,turns,D05,D08,12.1,3,59.337343519089124,3,3,True,True,True,2,116.50239758774498,2,2,True,True,True,6,3974.228823969577,5,5,True,True,True,0.0,0.2,False,True,True,False,spline_residual
fault_turns_d05_d08_r026_s1800_t52,1800,52,turns,D05,D08,12.1,3,21.618515357675697,0,0,False,False,True,2,251.37067854591538,2,2,True,True,True,6,67.71500661075262,1,1,True,True,True,0.0,0.2,False,False,True,False,spline_residual
fault_turns_d05_d08_r026_s1800_t64,1800,64,turns,D05,D08,12.1,3,27.594211725307332,0,0,False,False,True,2,174.38250802756392,1,1,True,True,True,6,97.7220580586161,1,1,True,True,True,1.0,0.4,False,False,True,False,spline_residual
fault_turns_d05_d08_r026_s1800_t80,1800,80,turns,D05,D08,12.1,3,19.262320653684775,0,0,False,False,True,2,104.86754300099923,1,1,True,True,True,6,55.29945226483095,0,0,False,False,True,1.0,0.4,False,False,True,False,spline_residual
fault_turns_d06_d07_r026_s1200_t52,1200,52,turns,D06,D07,7.399999999999999,3,25.936517866110435,0,0,False,False,True,2,31.357822347213897,0,0,False,False,True,6,26.21431072250447,0,0,False,False,True,,,True,False,False,False,spline_residual
fault_turns_d06_d07_r026_s1200_t64,1200,64,turns,D06,D07,7.399999999999999,3,24.47730133698456,0,0,False,False,True,2,29.898433268283814,0,0,False,False,True,6,20.34829201016534,0,0,False,False,True,,,True,False,False,False,spline_residual
fault_turns_d06_d07_r026_s1200_t80,1200,80,turns,D06,D07,7.399999999999999,3,28.35448939448085,0,0,False,False,True,2,45.468355381326425,0,0,False,False,True,6,25.776876187214413,0,0,False,False,True,,,True,False,False,False,spline_residual
fault_turns_d06_d07_r026_s1500_t52,1500,52,turns,D06,D07,7.399999999999999,3,115.82328796645851,3,3,True,True,True,2,188.84937286591654,2,2,True,True,True,6,106.53461031922296,5,5,True,True,True,0.0,0.2,False,True,True,False,spline_residual
fault_turns_d06_d07_r026_s1500_t64,1500,64,turns,D06,D07,7.399999999999999,3,83.12114197276449,3,3,True,True,True,2,104.09680858991916,2,2,True,True,True,6,66.38096913369108,1,1,True,True,True,0.0,0.2,False,True,True,False,spline_residual
fault_turns_d06_d07_r026_s1500_t80,1500,80,turns,D06,D07,7.399999999999999,3,123.55201770936023,2,2,True,True,True,2,71.19712237811538,1,1,True,True,True,6,51.153637068313735,0,0,False,False,True,1.0,0.4,False,True,True,False,spline_residual
fault_turns_d06_d07_r026_s1800_t52,1800,52,turns,D06,D07,7.399999999999999,3,32.21233646464783,0,0,False,False,True,2,56.17751119771238,1,1,True,True,True,6,29.862474219345724,0,0,False,False,True,1.0,0.4,False,False,True,False,spline_residual
fault_turns_d06_d07_r026_s1800_t64,1800,64,turns,D06,D07,7.399999999999999,3,42.6090050396436,0,0,False,False,True,2,36.08889610091889,0,0,False,False,True,6,33.31614525113846,0,0,False,False,True,,,True,False,False,False,spline_residual
fault_turns_d06_d07_r026_s1800_t80,1800,80,turns,D06,D07,7.399999999999999,3,24.639398818460464,0,0,False,False,True,2,42.55282890858951,0,0,False,False,True,6,22.987418709302926,0,0,False,False,True,,,True,False,False,False,spline_residual
fault_turns_d09_d10_r026_s1200_t52,1200,52,turns,D09,D10,2.799999999999997,3,49.13715045523038,0,0,False,False,True,2,40.97308417205934,0,0,False,False,True,6,55.76539256542738,1,1,True,True,True,,,True,False,False,False,spline_residual
fault_turns_d09_d10_r026_s1200_t64,1200,64,turns,D09,D10,2.799999999999997,3,50.039056664379274,0,0,False,False,True,2,25.378518129651496,0,0,False,False,True,6,36.25224042244949,0,0,False,False,True,,,True,False,False,False,spline_residual
fault_turns_d09_d10_r026_s1200_t80,1200,80,turns,D09,D10,2.799999999999997,3,52.903240458188115,0,0,False,False,True,2,24.815813787349658,0,0,False,False,True,6,28.759553443986267,0,0,False,False,True,,,True,False,False,False,spline_residual
fault_turns_d09_d10_r026_s1500_t52,1500,52,turns,D09,D10,2.799999999999997,3,54.05432686142281,0,0,False,False,True,2,122.85067217690178,2,2,True,True,True,6,234.26663744269297,6,6,True,True,True,0.0,0.2,False,False,True,False,spline_residual
fault_turns_d09_d10_r026_s1500_t64,1500,64,turns,D09,D10,2.799999999999997,3,153.59100574238772,2,2,True,True,True,2,52.174351918876226,0,0,False,False,True,6,71.255397751146,1,1,True,True,True,,,True,True,False,False,spline_residual
fault_turns_d09_d10_r026_s1500_t80,1500,80,turns,D09,D10,2.799999999999997,3,31.97370571964575,0,0,False,False,True,2,26.40431998024492,0,0,False,False,True,6,102.5603688170273,4,4,True,True,True,,,True,False,False,False,spline_residual
fault_turns_d09_d10_r026_s1800_t52,1800,52,turns,D09,D10,2.799999999999997,3,37.61180310242961,0,0,False,False,True,2,63.6711149702537,1,1,True,True,True,6,136.57408790581093,4,4,True,True,True,1.0,0.4,False,False,True,False,spline_residual
fault_turns_d09_d10_r026_s1800_t64,1800,64,turns,D09,D10,2.799999999999997,3,63.167033299514635,1,1,True,True,True,2,56.004626845315215,1,1,True,True,True,6,65.81372074994313,1,1,True,True,True,1.0,0.4,False,True,True,False,spline_residual
fault_turns_d09_d10_r026_s1800_t80,1800,80,turns,D09,D10,2.799999999999997,3,28.022632026854552,0,0,False,False,True,2,17.567498473336805,0,0,False,False,True,6,37.78155279366167,0,0,False,False,True,,,True,False,False,False,spline_residual
fault_turns_d11_d12_r026_s1200_t52,1200,52,turns,D11,D12,2.699999999999996,3,63.122695382638575,1,1,True,True,True,2,50.61558461435807,0,0,False,False,True,6,43.323678087419836,0,0,False,False,True,,,True,True,False,False,spline_residual
fault_turns_d11_d12_r026_s1200_t64,1200,64,turns,D11,D12,2.699999999999996,3,44.49166060677961,0,0,False,False,True,2,29.53424317485579,0,0,False,False,True,6,101.28885775390644,3,3,True,True,True,,,True,False,False,False,spline_residual
fault_turns_d11_d12_r026_s1200_t80,1200,80,turns,D11,D12,2.699999999999996,3,42.83868456097103,0,0,False,False,True,2,20.376588086719636,0,0,False,False,True,6,31.262555350601325,0,0,False,False,True,,,True,False,False,False,spline_residual
fault_turns_d11_d12_r026_s1500_t52,1500,52,turns,D11,D12,2.699999999999996,3,42.433237534827946,0,0,False,False,True,2,44.866769726557344,0,0,False,False,True,6,190.80974920466014,6,6,True,True,True,,,True,False,False,False,spline_residual
fault_turns_d11_d12_r026_s1500_t64,1500,64,turns,D11,D12,2.699999999999996,3,142.67712787637976,3,3,True,True,True,2,111.5790809287512,2,2,True,True,True,6,91.94475694169242,1,1,True,True,True,0.0,0.2,False,True,True,False,spline_residual
fault_turns_d11_d12_r026_s1500_t80,1500,80,turns,D11,D12,2.699999999999996,3,49.759834746747835,0,0,False,False,True,2,74.88941047725021,1,1,True,True,True,6,124.46827644126999,5,5,True,True,True,0.0,0.2,False,False,True,False,spline_residual
fault_turns_d11_d12_r026_s1800_t52,1800,52,turns,D11,D12,2.699999999999996,3,116.6165508697664,2,2,True,True,True,2,37.20468694791619,0,0,False,False,True,6,121.8731656366405,2,2,True,True,True,,,True,True,False,False,spline_residual
fault_turns_d11_d12_r026_s1800_t64,1800,64,turns,D11,D12,2.699999999999996,3,56.434521575216706,1,1,True,True,True,2,43.470060846307824,0,0,False,False,True,6,325.4399068283966,4,4,True,True,True,,,True,True,False,False,spline_residual
fault_turns_d11_d12_r026_s1800_t80,1800,80,turns,D11,D12,2.699999999999996,3,49.559202368632725,0,0,False,False,True,2,12.975864850857118,0,0,False,False,True,6,85.23383623251414,1,1,True,True,True,,,True,False,False,False,spline_residual
fault_turns_d13_d16_r026_s1200_t52,1200,52,turns,D13,D16,11.6,3,41.63627845962608,0,0,False,False,True,2,87.3687107455469,1,1,True,True,True,6,23.70873199635068,0,0,False,False,True,1.0,0.4,False,False,True,False,spline_residual
fault_turns_d13_d16_r026_s1200_t64,1200,64,turns,D13,D16,11.6,3,16.891083313564746,0,0,False,False,True,2,77.67299298349651,1,1,True,True,True,6,48.3619916763746,0,0,False,False,True,0.0,0.2,False,False,True,False,spline_residual
fault_turns_d13_d16_r026_s1200_t80,1200,80,turns,D13,D16,11.6,3,16.119227759553326,0,0,False,False,True,2,48.57048744648438,0,0,False,False,True,6,14.783195412081712,0,0,False,False,True,,,True,False,False,False,spline_residual
fault_turns_d13_d16_r026_s1500_t52,1500,52,turns,D13,D16,11.6,3,140.29284969609432,3,3,True,True,True,2,241.73079547942646,2,2,True,True,True,6,63.71402304140106,1,1,True,True,True,0.0,0.2,False,True,True,False,spline_residual
fault_turns_d13_d16_r026_s1500_t64,1500,64,turns,D13,D16,11.6,3,38.24865595394616,0,0,False,False,True,2,123.55193028408672,1,1,True,True,True,6,41.70471044824974,0,0,False,False,True,1.0,0.4,False,False,True,False,spline_residual
fault_turns_d13_d16_r026_s1500_t80,1500,80,turns,D13,D16,11.6,3,52.07088662431942,0,0,False,False,True,2,109.23588038289063,2,2,True,True,True,6,59.152516851813076,1,1,True,True,True,0.0,0.2,False,False,True,False,spline_residual
fault_turns_d13_d16_r026_s1800_t52,1800,52,turns,D13,D16,11.6,3,38.026928818022824,0,0,False,False,True,2,291.92993947645016,2,2,True,True,True,6,39.943096165020066,0,0,False,False,True,0.0,0.2,False,False,True,False,spline_residual
fault_turns_d13_d16_r026_s1800_t64,1800,64,turns,D13,D16,11.6,3,20.84979340756923,0,0,False,False,True,2,175.59619813185822,2,2,True,True,True,6,30.619716392510867,0,0,False,False,True,0.0,0.2,False,False,True,False,spline_residual
fault_turns_d13_d16_r026_s1800_t80,1800,80,turns,D13,D16,11.6,3,24.42907207061856,0,0,False,False,True,2,148.93600540502354,2,2,True,True,True,6,28.09004713323047,0,0,False,False,True,0.0,0.2,False,False,True,False,spline_residual
fault_turns_d14_d15_r026_s1200_t52,1200,52,turns,D14,D15,7.400000000000006,3,32.60404594112299,0,0,False,False,True,2,24.596995461574593,0,0,False,False,True,6,51.96383949991363,0,0,False,False,True,,,True,False,False,False,spline_residual
fault_turns_d14_d15_r026_s1200_t64,1200,64,turns,D14,D15,7.400000000000006,3,48.2046609132621,0,0,False,False,True,2,31.905048160421877,0,0,False,False,True,6,35.218638830530516,0,0,False,False,True,,,True,False,False,False,spline_residual
fault_turns_d14_d15_r026_s1200_t80,1200,80,turns,D14,D15,7.400000000000006,3,57.589743194649394,1,1,True,True,True,2,25.193304854922708,0,0,False,False,True,6,27.45970259462755,0,0,False,False,True,,,True,True,False,False,spline_residual
fault_turns_d14_d15_r026_s1500_t52,1500,52,turns,D14,D15,7.400000000000006,3,52.62941107615846,0,0,False,False,True,2,78.80741226592131,1,1,True,True,True,6,96.3399174870306,2,2,True,True,True,1.0,0.4,False,False,True,False,spline_residual
fault_turns_d14_d15_r026_s1500_t64,1500,64,turns,D14,D15,7.400000000000006,3,42.67849061466149,0,0,False,False,True,2,54.13875157245813,0,0,False,False,True,6,91.76516048817605,5,5,True,True,True,,,True,False,False,False,spline_residual
fault_turns_d14_d15_r026_s1500_t80,1500,80,turns,D14,D15,7.400000000000006,3,84.21642144089863,3,3,True,True,True,2,57.25285724548684,1,1,True,True,True,6,37.474987471225795,0,0,False,False,True,0.0,0.2,False,True,True,False,spline_residual
fault_turns_d14_d15_r026_s1800_t52,1800,52,turns,D14,D15,7.400000000000006,3,23.337324700683865,0,0,False,False,True,2,41.92327718217615,0,0,False,False,True,6,114.36660605517763,2,2,True,True,True,,,True,False,False,False,spline_residual
fault_turns_d14_d15_r026_s1800_t64,1800,64,turns,D14,D15,7.400000000000006,3,22.30562248080082,0,0,False,False,True,2,26.917156112368083,0,0,False,False,True,6,22.624849540512244,0,0,False,False,True,,,True,False,False,False,spline_residual
fault_turns_d14_d15_r026_s1800_t80,1800,80,turns,D14,D15,7.400000000000006,3,17.16463341776674,0,0,False,False,True,2,16.30450023554868,0,0,False,False,True,6,12.85234141666967,0,0,False,False,True,,,True,False,False,False,spline_residual
fault_turns_d17_d20_r026_s1200_t52,1200,52,turns,D17,D20,11.599999999999994,3,33.58125862064253,0,0,False,False,True,2,73.52704278080598,1,1,True,True,True,6,26.274749228173043,0,0,False,False,True,1.0,0.4,False,False,True,False,spline_residual
fault_turns_d17_d20_r026_s1200_t64,1200,64,turns,D17,D20,11.599999999999994,3,52.32823717469046,0,0,False,False,True,2,82.00215022619449,1,1,True,True,True,6,29.300981696443138,0,0,False,False,True,1.0,0.4,False,False,True,False,spline_residual
fault_turns_d17_d20_r026_s1200_t80,1200,80,turns,D17,D20,11.599999999999994,3,42.44823137414134,0,0,False,False,True,2,34.762264922768175,0,0,False,False,True,6,35.154922021840186,0,0,False,False,True,,,True,False,False,False,spline_residual
fault_turns_d17_d20_r026_s1500_t52,1500,52,turns,D17,D20,11.599999999999994,3,46.91875503219917,0,0,False,False,True,2,163.39235067957733,2,2,True,True,True,6,67.55319613408538,3,3,True,True,True,0.0,0.2,False,False,True,False,spline_residual
fault_turns_d17_d20_r026_s1500_t64,1500,64,turns,D17,D20,11.599999999999994,3,49.1644376795779,0,0,False,False,True,2,96.48718623587172,1,1,True,True,True,6,35.55118399314835,0,0,False,False,True,1.0,0.4,False,False,True,False,spline_residual
fault_turns_d17_d20_r026_s1500_t80,1500,80,turns,D17,D20,11.599999999999994,3,37.2833945908264,0,0,False,False,True,2,70.09692346376855,1,1,True,True,True,6,45.941879699249355,0,0,False,False,True,1.0,0.4,False,False,True,False,spline_residual
fault_turns_d17_d20_r026_s1800_t52,1800,52,turns,D17,D20,11.599999999999994,3,42.93976443362205,0,0,False,False,True,2,260.51154857174436,1,1,True,True,True,6,32.41423705120715,0,0,False,False,True,1.0,0.4,False,False,True,False,spline_residual
fault_turns_d17_d20_r026_s1800_t64,1800,64,turns,D17,D20,11.599999999999994,3,12.029840763347224,0,0,False,False,True,2,184.51831432088818,2,2,True,True,True,6,34.334329679743746,0,0,False,False,True,0.0,0.2,False,False,True,False,spline_residual
fault_turns_d17_d20_r026_s1800_t80,1800,80,turns,D17,D20,11.599999999999994,3,16.931154331404972,0,0,False,False,True,2,134.0773590229926,1,1,True,True,True,6,29.423205498894163,0,0,False,False,True,1.0,0.4,False,False,True,False,spline_residual
fault_turns_d18_d19_r026_s1200_t52,1200,52,turns,D18,D19,7.400000000000006,3,53.59009787263311,0,0,False,False,True,2,47.13111155758446,0,0,False,False,True,6,38.51202187852094,0,0,False,False,True,,,True,False,False,False,spline_residual
fault_turns_d18_d19_r026_s1200_t64,1200,64,turns,D18,D19,7.400000000000006,3,24.50749302831523,0,0,False,False,True,2,17.974182777596866,0,0,False,False,True,6,23.1780246556079,0,0,False,False,True,,,True,False,False,False,spline_residual
fault_turns_d18_d19_r026_s1200_t80,1200,80,turns,D18,D19,7.400000000000006,3,24.166645727696324,0,0,False,False,True,2,43.52529767740202,0,0,False,False,True,6,12.18413349943138,0,0,False,False,True,,,True,False,False,False,spline_residual
fault_turns_d18_d19_r026_s1500_t52,1500,52,turns,D18,D19,7.400000000000006,3,62.09165262598052,1,1,True,True,True,2,119.82626688677846,2,2,True,True,True,6,255.19672827576238,6,6,True,True,True,0.0,0.2,False,True,True,False,spline_residual
fault_turns_d18_d19_r026_s1500_t64,1500,64,turns,D18,D19,7.400000000000006,3,95.36209330764112,2,2,True,True,True,2,121.68505431088295,2,2,True,True,True,6,104.05785710969157,5,5,True,True,True,0.0,0.2,False,True,True,False,spline_residual
fault_turns_d18_d19_r026_s1500_t80,1500,80,turns,D18,D19,7.400000000000006,3,39.8743614749474,0,0,False,False,True,2,61.08057531986506,1,1,True,True,True,6,103.12453620644581,2,2,True,True,True,1.0,0.4,False,False,True,False,spline_residual
fault_turns_d18_d19_r026_s1800_t52,1800,52,turns,D18,D19,7.400000000000006,3,47.991931921998656,0,0,False,False,True,2,93.99106729604048,1,1,True,True,True,6,44.82479487612815,0,0,False,False,True,1.0,0.4,False,False,True,False,spline_residual
fault_turns_d18_d19_r026_s1800_t64,1800,64,turns,D18,D19,7.400000000000006,3,66.16337630599928,1,1,True,True,True,2,48.31841035056902,0,0,False,False,True,6,37.83775536311265,0,0,False,False,True,,,True,True,False,False,spline_residual
fault_turns_d18_d19_r026_s1800_t80,1800,80,turns,D18,D19,7.400000000000006,3,17.968876882969674,0,0,False,False,True,2,25.072486680990373,0,0,False,False,True,6,23.65386176406469,0,0,False,False,True,,,True,False,False,False,spline_residual
fault_turns_d21_d22_r026_s1200_t52,1200,52,turns,D21,D22,3.8000000000000114,3,35.768090963709625,0,0,False,False,True,2,89.21882080812605,1,1,True,True,True,6,57.477255328836875,1,1,True,True,True,0.0,0.2,False,False,True,False,spline_residual
fault_turns_d21_d22_r026_s1200_t64,1200,64,turns,D21,D22,3.8000000000000114,3,56.181256398042336,1,1,True,True,True,2,23.229400015187633,0,0,False,False,True,6,26.576200965131115,0,0,False,False,True,,,True,True,False,False,spline_residual
fault_turns_d21_d22_r026_s1200_t80,1200,80,turns,D21,D22,3.8000000000000114,3,38.044745965088076,0,0,False,False,True,2,18.83792079199636,0,0,False,False,True,6,36.566051197288054,0,0,False,False,True,,,True,False,False,False,spline_residual
fault_turns_d21_d22_r026_s1500_t52,1500,52,turns,D21,D22,3.8000000000000114,3,85.64033512304391,2,2,True,True,True,2,99.18483325550488,1,1,True,True,True,6,336.97131894936535,6,6,True,True,True,1.0,0.4,False,True,True,False,spline_residual
fault_turns_d21_d22_r026_s1500_t64,1500,64,turns,D21,D22,3.8000000000000114,3,97.8360782677315,1,1,True,True,True,2,53.02048192455811,0,0,False,False,True,6,138.35470355256595,4,4,True,True,True,,,True,True,False,False,spline_residual
fault_turns_d21_d22_r026_s1500_t80,1500,80,turns,D21,D22,3.8000000000000114,3,42.68779641482168,0,0,False,False,True,2,48.019984868385805,0,0,False,False,True,6,42.44550035777782,0,0,False,False,True,,,True,False,False,False,spline_residual
fault_turns_d21_d22_r026_s1800_t52,1800,52,turns,D21,D22,3.8000000000000114,3,99.46609184445896,1,1,True,True,True,2,47.31629362387615,0,0,False,False,True,6,30.041098529895727,0,0,False,False,True,,,True,True,False,False,spline_residual
fault_turns_d21_d22_r026_s1800_t64,1800,64,turns,D21,D22,3.8000000000000114,3,18.846662942709507,0,0,False,False,True,2,17.65854327770419,0,0,False,False,True,6,65.708684252408,1,1,True,True,True,,,True,False,False,False,spline_residual
fault_turns_d21_d22_r026_s1800_t80,1800,80,turns,D21,D22,3.8000000000000114,3,37.9319419809744,0,0,False,False,True,2,97.15740830300015,1,1,True,True,True,6,25.201321355359227,0,0,False,False,True,0.0,0.2,False,False,True,False,spline_residual
fault_turns_d23_d24_r026_s1200_t52,1200,52,turns,D23,D24,2.800000000000012,3,66.12192826011287,2,2,True,True,True,2,55.43608099302096,1,1,True,True,True,6,112.7408338366671,3,3,True,True,True,0.0,0.2,False,True,True,False,spline_residual
fault_turns_d23_d24_r026_s1200_t64,1200,64,turns,D23,D24,2.800000000000012,3,52.22176472983187,0,0,False,False,True,2,42.039996884986806,0,0,False,False,True,6,38.37490288660396,0,0,False,False,True,,,True,False,False,False,spline_residual
fault_turns_d23_d24_r026_s1200_t80,1200,80,turns,D23,D24,2.800000000000012,3,40.96485682673398,0,0,False,False,True,2,13.668010800112574,0,0,False,False,True,6,30.452948901010444,0,0,False,False,True,,,True,False,False,False,spline_residual
fault_turns_d23_d24_r026_s1500_t52,1500,52,turns,D23,D24,2.800000000000012,3,125.66640095572643,1,1,True,True,True,2,62.757204772599735,1,1,True,True,True,6,80.66014442096031,3,3,True,True,True,1.0,0.4,False,True,True,False,spline_residual
fault_turns_d23_d24_r026_s1500_t64,1500,64,turns,D23,D24,2.800000000000012,3,50.69438421908277,0,0,False,False,True,2,87.8546650293393,1,1,True,True,True,6,92.74351229515065,2,2,True,True,True,0.0,0.2,False,False,True,False,spline_residual
fault_turns_d23_d24_r026_s1500_t80,1500,80,turns,D23,D24,2.800000000000012,3,56.019068723464144,1,1,True,True,True,2,64.48457252464365,1,1,True,True,True,6,45.169866147798835,0,0,False,False,True,0.0,0.2,False,True,True,False,spline_residual
fault_turns_d23_d24_r026_s1800_t52,1800,52,turns,D23,D24,2.800000000000012,3,26.970383781012067,0,0,False,False,True,2,52.199603854524995,0,0,False,False,True,6,54.37892213037013,0,0,False,False,True,,,True,False,False,False,spline_residual
fault_turns_d23_d24_r026_s1800_t64,1800,64,turns,D23,D24,2.800000000000012,3,90.98606829296375,2,2,True,True,True,2,16.674981519693148,0,0,False,False,True,6,44.14745403446729,0,0,False,False,True,,,True,True,False,False,spline_residual
fault_turns_d23_d24_r026_s1800_t80,1800,80,turns,D23,D24,2.800000000000012,3,40.74334729220063,0,0,False,False,True,2,31.0430925973116,0,0,False,False,True,6,38.86669695127423,0,0,False,False,True,,,True,False,False,False,spline_residual
fault_windings_d01_d06_r026_s1200_t52,1200,52,windings,D01,D06,14.34,3,60.627256233503125,1,1,True,True,True,2,330.9932820021817,2,2,True,True,True,6,127.55435518180587,1,1,True,True,True,0.0,0.2,False,True,True,False,spline_residual
fault_windings_d01_d06_r026_s1200_t64,1200,64,windings,D01,D06,14.34,3,61.182478183503704,1,1,True,True,True,2,195.2891247199792,2,2,True,True,True,6,58.24184918551203,1,1,True,True,True,0.0,0.2,False,True,True,False,spline_residual
fault_windings_d01_d06_r026_s1200_t80,1200,80,windings,D01,D06,14.34,3,11.259939131171501,0,0,False,False,True,2,102.9025349167705,1,1,True,True,True,6,16.81351392844822,0,0,False,False,True,1.0,0.4,False,False,True,False,spline_residual
fault_windings_d01_d06_r026_s1500_t52,1500,52,windings,D01,D06,14.34,3,105.14279877363533,2,2,True,True,True,2,731.6819719635896,2,2,True,True,True,6,110.59421857822437,2,2,True,True,True,0.0,0.2,False,True,True,False,spline_residual
fault_windings_d01_d06_r026_s1500_t64,1500,64,windings,D01,D06,14.34,3,40.529483402702766,0,0,False,False,True,2,526.2277829856848,2,2,True,True,True,6,110.98391897024118,3,3,True,True,True,0.0,0.2,False,False,True,False,spline_residual
fault_windings_d01_d06_r026_s1500_t80,1500,80,windings,D01,D06,14.34,3,38.86170610203144,0,0,False,False,True,2,230.43528089897268,2,2,True,True,True,6,52.77606776389938,0,0,False,False,True,0.0,0.2,False,False,True,False,spline_residual
fault_windings_d01_d06_r026_s1800_t52,1800,52,windings,D01,D06,14.34,3,36.58186879103062,0,0,False,False,True,2,1063.655759697302,2,2,True,True,True,6,43.49407064294879,0,0,False,False,True,0.0,0.2,False,False,True,False,spline_residual
fault_windings_d01_d06_r026_s1800_t64,1800,64,windings,D01,D06,14.34,3,17.96385497999986,0,0,False,False,True,2,659.1998603215109,2,2,True,True,True,6,27.415239825645724,0,0,False,False,True,0.0,0.2,False,False,True,False,spline_residual
fault_windings_d01_d06_r026_s1800_t80,1800,80,windings,D01,D06,14.34,3,18.78787542545387,0,0,False,False,True,2,413.5552829848915,2,2,True,True,True,6,82.6176468616424,1,1,True,True,True,0.0,0.2,False,False,True,False,spline_residual
fault_windings_d01_d07_r026_s1200_t52,1200,52,windings,D01,D07,21.74,3,38.321598013957505,0,0,False,False,True,2,2773.5355666159917,2,2,True,True,True,6,210.62087013247356,1,1,True,True,True,0.0,0.2,False,False,True,False,spline_residual
fault_windings_d01_d07_r026_s1200_t64,1200,64,windings,D01,D07,21.74,3,15.8611079241933,0,0,False,False,True,2,1076.5447808322706,2,2,True,True,True,6,240.0514144486764,2,2,True,True,True,0.0,0.2,False,False,True,False,spline_residual
fault_windings_d01_d07_r026_s1200_t80,1200,80,windings,D01,D07,21.74,3,16.080057001750088,0,0,False,False,True,2,694.2364121538922,2,2,True,True,True,6,78.46031611850691,1,1,True,True,True,0.0,0.2,False,False,True,False,spline_residual
fault_windings_d01_d07_r026_s1500_t52,1500,52,windings,D01,D07,21.74,3,82.09486958683259,2,2,True,True,True,2,6286.212059738823,2,2,True,True,True,6,378.92188162978425,5,5,True,True,True,0.0,0.2,False,True,True,False,spline_residual
fault_windings_d01_d07_r026_s1500_t64,1500,64,windings,D01,D07,21.74,3,51.566068473038804,0,0,False,False,True,2,2866.882840391755,2,2,True,True,True,6,293.08322715421605,2,2,True,True,True,0.0,0.2,False,False,True,False,spline_residual
fault_windings_d01_d07_r026_s1500_t80,1500,80,windings,D01,D07,21.74,3,53.81574920712179,0,0,False,False,True,2,1296.1038885034861,2,2,True,True,True,6,189.6630226156707,1,1,True,True,True,0.0,0.2,False,False,True,False,spline_residual
fault_windings_d01_d07_r026_s1800_t52,1800,52,windings,D01,D07,21.74,3,40.83163970194998,0,0,False,False,True,2,11010.184116140459,2,2,True,True,True,6,1554.6321161033823,2,2,True,True,True,0.0,0.2,False,False,True,False,spline_residual
fault_windings_d01_d07_r026_s1800_t64,1800,64,windings,D01,D07,21.74,3,19.407862032252176,0,0,False,False,True,2,6479.085900963408,2,2,True,True,True,6,583.5800386384719,2,2,True,True,True,0.0,0.2,False,False,True,False,spline_residual
fault_windings_d01_d07_r026_s1800_t80,1800,80,windings,D01,D07,21.74,3,34.91756657330458,0,0,False,False,True,2,2062.479136385469,2,2,True,True,True,6,389.75419990293403,1,1,True,True,True,0.0,0.2,False,False,True,False,spline_residual
fault_windings_d04_d06_r026_s1200_t52,1200,52,windings,D04,D06,2.3000000000000007,3,93.51049547985474,2,2,True,True,True,2,47.793394567540254,0,0,False,False,True,6,47.97755005973829,0,0,False,False,True,,,True,True,False,False,spline_residual
fault_windings_d04_d06_r026_s1200_t64,1200,64,windings,D04,D06,2.3000000000000007,3,88.68205428517506,1,1,True,True,True,2,110.6573915247462,2,2,True,True,True,6,70.41411904184014,1,1,True,True,True,0.0,0.2,False,True,True,False,spline_residual
fault_windings_d04_d06_r026_s1200_t80,1200,80,windings,D04,D06,2.3000000000000007,3,75.61341281884194,1,1,True,True,True,2,60.25835518702747,1,1,True,True,True,6,79.5769797624873,5,5,True,True,True,0.0,0.2,False,True,True,False,spline_residual
fault_windings_d04_d06_r026_s1500_t52,1500,52,windings,D04,D06,2.3000000000000007,3,63.77293818787568,1,1,True,True,True,2,55.38801051041994,1,1,True,True,True,6,731.1583410977379,5,5,True,True,True,0.0,0.2,False,True,True,False,spline_residual
fault_windings_d04_d06_r026_s1500_t64,1500,64,windings,D04,D06,2.3000000000000007,3,80.53687034092167,1,1,True,True,True,2,130.684123968013,2,2,True,True,True,6,280.0103918207685,5,5,True,True,True,0.0,0.2,False,True,True,False,spline_residual
fault_windings_d04_d06_r026_s1500_t80,1500,80,windings,D04,D06,2.3000000000000007,3,35.50050288502017,0,0,False,False,True,2,46.47942400372986,0,0,False,False,True,6,62.00327110146847,2,2,True,True,True,,,True,False,False,False,spline_residual
fault_windings_d04_d06_r026_s1800_t52,1800,52,windings,D04,D06,2.3000000000000007,3,95.4485060131042,1,1,True,True,True,2,121.25149318983486,2,2,True,True,True,6,491.29239956618164,5,5,True,True,True,0.0,0.2,False,True,True,False,spline_residual
fault_windings_d04_d06_r026_s1800_t64,1800,64,windings,D04,D06,2.3000000000000007,3,156.89669273835025,1,1,True,True,True,2,190.1966875657132,2,2,True,True,True,6,132.22230257415447,3,3,True,True,True,0.0,0.2,False,True,True,False,spline_residual
fault_windings_d04_d06_r026_s1800_t80,1800,80,windings,D04,D06,2.3000000000000007,3,39.90836700101146,0,0,False,False,True,2,128.43210454170028,1,1,True,True,True,6,66.10542413360585,2,2,True,True,True,0.0,0.2,False,False,True,False,spline_residual
fault_windings_d04_d07_r026_s1200_t52,1200,52,windings,D04,D07,9.7,3,63.02134716246967,1,1,True,True,True,2,239.0636192959641,2,2,True,True,True,6,223.8676663902083,6,6,True,True,True,0.0,0.2,False,True,True,False,spline_residual
fault_windings_d04_d07_r026_s1200_t64,1200,64,windings,D04,D07,9.7,3,25.045266959867444,0,0,False,False,True,2,92.6147578565331,2,2,True,True,True,6,215.6122315302635,2,2,True,True,True,0.0,0.2,False,False,True,False,spline_residual
fault_windings_d04_d07_r026_s1200_t80,1200,80,windings,D04,D07,9.7,3,105.57159900952706,1,1,True,True,True,2,285.20234823232494,1,1,True,True,True,6,179.0551049110454,1,1,True,True,True,1.0,0.4,False,True,True,False,spline_residual
fault_windings_d04_d07_r026_s1500_t52,1500,52,windings,D04,D07,9.7,3,31.870199961569046,0,0,False,False,True,2,361.12325953555734,2,2,True,True,True,6,247.7332044857886,5,5,True,True,True,0.0,0.2,False,False,True,False,spline_residual
fault_windings_d04_d07_r026_s1500_t64,1500,64,windings,D04,D07,9.7,3,46.74953334143029,0,0,False,False,True,2,94.66700876568322,2,2,True,True,True,6,199.05274665573626,5,5,True,True,True,0.0,0.2,False,False,True,False,spline_residual
fault_windings_d04_d07_r026_s1500_t80,1500,80,windings,D04,D07,9.7,3,98.1278888079314,2,2,True,True,True,2,110.52538299601234,1,1,True,True,True,6,157.49663845860903,5,5,True,True,True,0.0,0.2,False,True,True,False,spline_residual
fault_windings_d04_d07_r026_s1800_t52,1800,52,windings,D04,D07,9.7,3,48.140804265379096,0,0,False,False,True,2,230.195571048327,2,2,True,True,True,6,134.18540710868885,3,3,True,True,True,0.0,0.2,False,False,True,False,spline_residual
fault_windings_d04_d07_r026_s1800_t64,1800,64,windings,D04,D07,9.7,3,99.93376686141472,1,1,True,True,True,2,213.41341448335794,2,2,True,True,True,6,351.57255243125417,1,1,True,True,True,0.0,0.2,False,True,True,False,spline_residual
fault_windings_d04_d07_r026_s1800_t80,1800,80,windings,D04,D07,9.7,3,23.102076005089966,0,0,False,False,True,2,169.16067883766794,1,1,True,True,True,6,33.897788570735464,0,0,False,False,True,1.0,0.4,False,False,True,False,spline_residual
fault_windings_d11_d21_r026_s1200_t52,1200,52,windings,D11,D21,36.39999999999999,3,62.06274953885281,1,1,True,True,True,2,183510.8484865836,2,2,True,True,True,6,6126.997192594243,4,4,True,True,True,0.0,0.2,False,True,True,False,spline_residual
fault_windings_d11_d21_r026_s1200_t64,1200,64,windings,D11,D21,36.39999999999999,3,43.846434495554234,0,0,False,False,True,2,64959.51329243391,2,2,True,True,True,6,1355.1876225915098,2,2,True,True,True,0.0,0.2,False,False,True,False,spline_residual
fault_windings_d11_d21_r026_s1200_t80,1200,80,windings,D11,D21,36.39999999999999,3,17.074902678008343,0,0,False,False,True,2,14445.124707295214,2,2,True,True,True,6,876.4662284803394,2,2,True,True,True,0.0,0.2,False,False,True,False,spline_residual
fault_windings_d11_d21_r026_s1500_t52,1500,52,windings,D11,D21,36.39999999999999,3,92.04035601143191,1,1,True,True,True,2,475357.0440618193,2,2,True,True,True,6,19815.836699008534,6,6,True,True,True,0.0,0.2,False,True,True,False,spline_residual
fault_windings_d11_d21_r026_s1500_t64,1500,64,windings,D11,D21,36.39999999999999,3,50.861608104685615,0,0,False,False,True,2,262903.94621805585,2,2,True,True,True,6,4333.58156855426,3,3,True,True,True,0.0,0.2,False,False,True,False,spline_residual
fault_windings_d11_d21_r026_s1500_t80,1500,80,windings,D11,D21,36.39999999999999,3,37.8108921038673,0,0,False,False,True,2,77983.26597739873,2,2,True,True,True,6,1750.522470581703,2,2,True,True,True,0.0,0.2,False,False,True,False,spline_residual
fault_windings_d11_d21_r026_s1800_t52,1800,52,windings,D11,D21,36.39999999999999,3,162.42895897034737,2,2,True,True,True,2,507736.8810061654,2,2,True,True,True,6,55385.84214203063,4,4,True,True,True,0.0,0.2,False,True,True,False,spline_residual
fault_windings_d11_d21_r026_s1800_t64,1800,64,windings,D11,D21,36.39999999999999,3,23.764450021422967,0,0,False,False,True,2,534744.5416396159,2,2,True,True,True,6,12522.447562170406,2,2,True,True,True,0.0,0.2,False,False,True,False,spline_residual
fault_windings_d11_d21_r026_s1800_t80,1800,80,windings,D11,D21,36.39999999999999,3,23.043027668976272,0,0,False,False,True,2,167739.0253078231,2,2,True,True,True,6,6877.722538079794,2,2,True,True,True,0.0,0.2,False,False,True,False,spline_residual
fault_windings_d11_d22_r026_s1200_t52,1200,52,windings,D11,D22,40.2,3,51.6850206927736,0,0,False,False,True,2,520381.80008310097,2,2,True,True,True,6,7258.699561157756,3,3,True,True,True,0.0,0.2,False,False,True,False,spline_residual
fault_windings_d11_d22_r026_s1200_t64,1200,64,windings,D11,D22,40.2,3,12.69408441812405,0,0,False,False,True,2,126523.15163712043,2,2,True,True,True,6,3301.5698649778124,3,3,True,True,True,0.0,0.2,False,False,True,False,spline_residual
fault_windings_d11_d22_r026_s1200_t80,1200,80,windings,D11,D22,40.2,3,19.845973611325903,0,0,False,False,True,2,37136.68785229947,2,2,True,True,True,6,1859.9046608959673,2,2,True,True,True,0.0,0.2,False,False,True,False,spline_residual
fault_windings_d11_d22_r026_s1500_t52,1500,52,windings,D11,D22,40.2,3,98.89523144843955,3,3,True,True,True,2,581970.6425850451,2,2,True,True,True,6,14821.818384587092,6,6,True,True,True,0.0,0.2,False,True,True,False,spline_residual
fault_windings_d11_d22_r026_s1500_t64,1500,64,windings,D11,D22,40.2,3,90.52300773959456,1,1,True,True,True,2,443796.71560298675,2,2,True,True,True,6,7943.238574783023,4,4,True,True,True,0.0,0.2,False,True,True,False,spline_residual
fault_windings_d11_d22_r026_s1500_t80,1500,80,windings,D11,D22,40.2,3,55.4402078796157,1,1,True,True,True,2,120127.4750167699,2,2,True,True,True,6,4440.998301774136,3,3,True,True,True,0.0,0.2,False,True,True,False,spline_residual
fault_windings_d11_d22_r026_s1800_t52,1800,52,windings,D11,D22,40.2,3,62.964793833005665,1,1,True,True,True,2,307919.9373910676,2,2,True,True,True,6,33644.295645654165,4,4,True,True,True,0.0,0.2,False,True,True,False,spline_residual
fault_windings_d11_d22_r026_s1800_t64,1800,64,windings,D11,D22,40.2,3,33.749837868195215,0,0,False,False,True,2,611072.821510669,2,2,True,True,True,6,18113.72590801223,3,3,True,True,True,0.0,0.2,False,False,True,False,spline_residual
fault_windings_d11_d22_r026_s1800_t80,1800,80,windings,D11,D22,40.2,3,27.937336361966004,0,0,False,False,True,2,412547.9116329618,2,2,True,True,True,6,10572.242346814732,3,3,True,True,True,0.0,0.2,False,False,True,False,spline_residual
fault_windings_d12_d21_r026_s1200_t52,1200,52,windings,D12,D21,33.7,3,54.132066799446505,0,0,False,False,True,2,79964.64582168062,2,2,True,True,True,6,3074.0596561201273,4,4,True,True,True,0.0,0.2,False,False,True,False,spline_residual
fault_windings_d12_d21_r026_s1200_t64,1200,64,windings,D12,D21,33.7,3,25.60973869482996,0,0,False,False,True,2,30805.896515840956,2,2,True,True,True,6,971.865539819923,2,2,True,True,True,0.0,0.2,False,False,True,False,spline_residual
fault_windings_d12_d21_r026_s1200_t80,1200,80,windings,D12,D21,33.7,3,31.251490348304916,0,0,False,False,True,2,6149.106216160182,2,2,True,True,True,6,785.0666051828047,2,2,True,True,True,0.0,0.2,False,False,True,False,spline_residual
fault_windings_d12_d21_r026_s1500_t52,1500,52,windings,D12,D21,33.7,3,99.48187791930913,3,3,True,True,True,2,457325.09102318017,2,2,True,True,True,6,11106.62371192043,4,4,True,True,True,0.0,0.2,False,True,True,False,spline_residual
fault_windings_d12_d21_r026_s1500_t64,1500,64,windings,D12,D21,33.7,3,41.13533944312307,0,0,False,False,True,2,127908.01820907413,2,2,True,True,True,6,3600.80167477354,2,2,True,True,True,0.0,0.2,False,False,True,False,spline_residual
fault_windings_d12_d21_r026_s1500_t80,1500,80,windings,D12,D21,33.7,3,44.726746473698405,0,0,False,False,True,2,39450.699890403426,2,2,True,True,True,6,739.2172271753667,2,2,True,True,True,0.0,0.2,False,False,True,False,spline_residual
fault_windings_d12_d21_r026_s1800_t52,1800,52,windings,D12,D21,33.7,3,33.79373350726028,0,0,False,False,True,2,732876.597972757,2,2,True,True,True,6,20138.9794380701,4,4,True,True,True,0.0,0.2,False,False,True,False,spline_residual
fault_windings_d12_d21_r026_s1800_t64,1800,64,windings,D12,D21,33.7,3,16.370859615790483,0,0,False,False,True,2,436073.1139873178,2,2,True,True,True,6,4024.6115459277135,2,2,True,True,True,0.0,0.2,False,False,True,False,spline_residual
fault_windings_d12_d21_r026_s1800_t80,1800,80,windings,D12,D21,33.7,3,17.46555460682417,0,0,False,False,True,2,80930.48594335106,2,2,True,True,True,6,3106.340043496739,2,2,True,True,True,0.0,0.2,False,False,True,False,spline_residual
fault_windings_d12_d22_r026_s1200_t52,1200,52,windings,D12,D22,37.50000000000001,3,31.92543564636651,0,0,False,False,True,2,223100.4200387611,2,2,True,True,True,6,5561.205826202608,3,3,True,True,True,0.0,0.2,False,False,True,False,spline_residual
fault_windings_d12_d22_r026_s1200_t64,1200,64,windings,D12,D22,37.50000000000001,3,14.939036153406523,0,0,False,False,True,2,85616.58543909718,2,2,True,True,True,6,1935.7850584565297,2,2,True,True,True,0.0,0.2,False,False,True,False,spline_residual
fault_windings_d12_d22_r026_s1200_t80,1200,80,windings,D12,D22,37.50000000000001,3,29.233796855758904,0,0,False,False,True,2,14045.132287723938,2,2,True,True,True,6,904.4426616163089,2,2,True,True,True,0.0,0.2,False,False,True,False,spline_residual
fault_windings_d12_d22_r026_s1500_t52,1500,52,windings,D12,D22,37.50000000000001,3,47.984783784715034,0,0,False,False,True,2,460127.3030134109,2,2,True,True,True,6,11543.32295352151,4,4,True,True,True,0.0,0.2,False,False,True,False,spline_residual
fault_windings_d12_d22_r026_s1500_t64,1500,64,windings,D12,D22,37.50000000000001,3,35.085260977705055,0,0,False,False,True,2,260320.7779780105,2,2,True,True,True,6,5043.279874035658,3,3,True,True,True,0.0,0.2,False,False,True,False,spline_residual
fault_windings_d12_d22_r026_s1500_t80,1500,80,windings,D12,D22,37.50000000000001,3,38.11645619608209,0,0,False,False,True,2,76860.13489422674,2,2,True,True,True,6,3095.2464549338965,4,4,True,True,True,0.0,0.2,False,False,True,False,spline_residual
fault_windings_d12_d22_r026_s1800_t52,1800,52,windings,D12,D22,37.50000000000001,3,37.30028875991522,0,0,False,False,True,2,455953.8805952474,2,2,True,True,True,6,27077.929947191482,3,3,True,True,True,0.0,0.2,False,False,True,False,spline_residual
fault_windings_d12_d22_r026_s1800_t64,1800,64,windings,D12,D22,37.50000000000001,3,23.5928140257773,0,0,False,False,True,2,578344.1284015223,2,2,True,True,True,6,16450.341447579358,4,4,True,True,True,0.0,0.2,False,False,True,False,spline_residual
fault_windings_d12_d22_r026_s1800_t80,1800,80,windings,D12,D22,37.50000000000001,3,23.087430785415577,0,0,False,False,True,2,193513.39353252595,2,2,True,True,True,6,5708.734315028153,2,2,True,True,True,0.0,0.2,False,False,True,False,spline_residual
fault_windings_d13_d18_r026_s1200_t52,1200,52,windings,D13,D18,14.799999999999995,3,67.6908960920735,1,1,True,True,True,2,147.9559006105951,2,2,True,True,True,6,191.3131304800078,4,4,True,True,True,0.0,0.2,False,True,True,False,spline_residual
fault_windings_d13_d18_r026_s1200_t64,1200,64,windings,D13,D18,14.799999999999995,3,46.438049370233536,0,0,False,False,True,2,122.32684242688356,2,2,True,True,True,6,37.79197800616282,0,0,False,False,True,0.0,0.2,False,False,True,False,spline_residual
fault_windings_d13_d18_r026_s1200_t80,1200,80,windings,D13,D18,14.799999999999995,3,21.964816596593067,0,0,False,False,True,2,99.70816635381331,1,1,True,True,True,6,19.247134419321718,0,0,False,False,True,1.0,0.4,False,False,True,False,spline_residual
fault_windings_d13_d18_r026_s1500_t52,1500,52,windings,D13,D18,14.799999999999995,3,61.696311716275865,1,1,True,True,True,2,546.9128628572585,2,2,True,True,True,6,84.14994709562453,3,3,True,True,True,0.0,0.2,False,True,True,False,spline_residual
fault_windings_d13_d18_r026_s1500_t64,1500,64,windings,D13,D18,14.799999999999995,3,63.60717483028368,1,1,True,True,True,2,221.70664794849915,2,2,True,True,True,6,77.49344632269938,3,3,True,True,True,0.0,0.2,False,True,True,False,spline_residual
fault_windings_d13_d18_r026_s1500_t80,1500,80,windings,D13,D18,14.799999999999995,3,37.882942213923485,0,0,False,False,True,2,176.70329205554077,2,2,True,True,True,6,60.72972684608802,1,1,True,True,True,0.0,0.2,False,False,True,False,spline_residual
fault_windings_d13_d18_r026_s1800_t52,1800,52,windings,D13,D18,14.799999999999995,3,29.724730258671894,0,0,False,False,True,2,671.4289656375627,2,2,True,True,True,6,215.04022323301268,3,3,True,True,True,0.0,0.2,False,False,True,False,spline_residual
fault_windings_d13_d18_r026_s1800_t64,1800,64,windings,D13,D18,14.799999999999995,3,49.665401498319156,0,0,False,False,True,2,530.9230342995272,2,2,True,True,True,6,29.66424716056318,0,0,False,False,True,0.0,0.2,False,False,True,False,spline_residual
fault_windings_d13_d18_r026_s1800_t80,1800,80,windings,D13,D18,14.799999999999995,3,18.22263879298951,0,0,False,False,True,2,353.19793279568626,2,2,True,True,True,6,43.15290308398059,0,0,False,False,True,0.0,0.2,False,False,True,False,spline_residual
fault_windings_d13_d19_r026_s1200_t52,1200,52,windings,D13,D19,22.200000000000003,3,44.66883582524803,0,0,False,False,True,2,3623.1310502318584,2,2,True,True,True,6,89.3276334353338,1,1,True,True,True,0.0,0.2,False,False,True,False,spline_residual
fault_windings_d13_d19_r026_s1200_t64,1200,64,windings,D13,D19,22.200000000000003,3,30.7637865742064,0,0,False,False,True,2,645.5569165996068,2,2,True,True,True,6,71.89128958847698,1,1,True,True,True,0.0,0.2,False,False,True,False,spline_residual
fault_windings_d13_d19_r026_s1200_t80,1200,80,windings,D13,D19,22.200000000000003,3,17.363785505204746,0,0,False,False,True,2,364.36208330926075,2,2,True,True,True,6,91.56474305210418,1,1,True,True,True,0.0,0.2,False,False,True,False,spline_residual
fault_windings_d13_d19_r026_s1500_t52,1500,52,windings,D13,D19,22.200000000000003,3,80.25988833584431,2,2,True,True,True,2,5561.54157307722,2,2,True,True,True,6,288.7239208479674,3,3,True,True,True,0.0,0.2,False,True,True,False,spline_residual
fault_windings_d13_d19_r026_s1500_t64,1500,64,windings,D13,D19,22.200000000000003,3,49.86839676406193,0,0,False,False,True,2,2040.8645130109267,2,2,True,True,True,6,265.95546241027546,2,2,True,True,True,0.0,0.2,False,False,True,False,spline_residual
fault_windings_d13_d19_r026_s1500_t80,1500,80,windings,D13,D19,22.200000000000003,3,67.26359234482928,1,1,True,True,True,2,1336.3463161468453,2,2,True,True,True,6,123.98430206455222,1,1,True,True,True,0.0,0.2,False,True,True,False,spline_residual
fault_windings_d13_d19_r026_s1800_t52,1800,52,windings,D13,D19,22.200000000000003,3,17.519687402573194,0,0,False,False,True,2,15224.471215569341,2,2,True,True,True,6,1390.1294370913001,2,2,True,True,True,0.0,0.2,False,False,True,False,spline_residual
fault_windings_d13_d19_r026_s1800_t64,1800,64,windings,D13,D19,22.200000000000003,3,47.89479230303097,0,0,False,False,True,2,5816.347167281434,2,2,True,True,True,6,359.4945331770077,2,2,True,True,True,0.0,0.2,False,False,True,False,spline_residual
fault_windings_d13_d19_r026_s1800_t80,1800,80,windings,D13,D19,22.200000000000003,3,19.495117766960433,0,0,False,False,True,2,3057.545369507141,2,2,True,True,True,6,168.25245187915885,1,1,True,True,True,0.0,0.2,False,False,True,False,spline_residual
fault_windings_d16_d18_r026_s1200_t52,1200,52,windings,D16,D18,3.199999999999996,3,62.06793285256863,1,1,True,True,True,2,159.79324992948338,2,2,True,True,True,6,116.05919268563767,5,5,True,True,True,0.0,0.2,False,True,True,False,spline_residual
fault_windings_d16_d18_r026_s1200_t64,1200,64,windings,D16,D18,3.199999999999996,3,89.1298233100837,2,2,True,True,True,2,86.061738844611,2,2,True,True,True,6,215.9632956441768,6,6,True,True,True,0.0,0.2,False,True,True,False,spline_residual
fault_windings_d16_d18_r026_s1200_t80,1200,80,windings,D16,D18,3.199999999999996,3,145.68047436098757,3,3,True,True,True,2,52.319480881717475,0,0,False,False,True,6,64.49084486739848,1,1,True,True,True,,,True,True,False,False,spline_residual
fault_windings_d16_d18_r026_s1500_t52,1500,52,windings,D16,D18,3.199999999999996,3,53.568190929137046,0,0,False,False,True,2,36.98730861691082,0,0,False,False,True,6,210.279698886466,6,6,True,True,True,,,True,False,False,False,spline_residual
fault_windings_d16_d18_r026_s1500_t64,1500,64,windings,D16,D18,3.199999999999996,3,40.61439358218631,0,0,False,False,True,2,41.32063820368297,0,0,False,False,True,6,253.02666550641845,6,6,True,True,True,,,True,False,False,False,spline_residual
fault_windings_d16_d18_r026_s1500_t80,1500,80,windings,D16,D18,3.199999999999996,3,57.221428631270726,1,1,True,True,True,2,32.51873612078606,0,0,False,False,True,6,78.57553547066107,2,2,True,True,True,,,True,True,False,False,spline_residual
fault_windings_d16_d18_r026_s1800_t52,1800,52,windings,D16,D18,3.199999999999996,3,191.10807167611418,3,3,True,True,True,2,58.782096718721604,1,1,True,True,True,6,92.6614439981981,2,2,True,True,True,1.0,0.4,False,True,True,False,spline_residual
fault_windings_d16_d18_r026_s1800_t64,1800,64,windings,D16,D18,3.199999999999996,3,47.75748549257968,0,0,False,False,True,2,45.99640734303247,0,0,False,False,True,6,77.63300469092792,1,1,True,True,True,,,True,False,False,False,spline_residual
fault_windings_d16_d18_r026_s1800_t80,1800,80,windings,D16,D18,3.199999999999996,3,44.06170494853525,0,0,False,False,True,2,41.709925842182166,0,0,False,False,True,6,92.62614444699244,2,2,True,True,True,,,True,False,False,False,spline_residual
fault_windings_d16_d19_r026_s1200_t52,1200,52,windings,D16,D19,10.6,3,100.47106450977287,3,3,True,True,True,2,244.50130679051432,2,2,True,True,True,6,139.89283912593615,6,6,True,True,True,0.0,0.2,False,True,True,False,spline_residual
fault_windings_d16_d19_r026_s1200_t64,1200,64,windings,D16,D19,10.6,3,49.48697364219511,0,0,False,False,True,2,42.57517805541747,0,0,False,False,True,6,55.77281384347694,1,1,True,True,True,,,True,False,False,False,spline_residual
fault_windings_d16_d19_r026_s1200_t80,1200,80,windings,D16,D19,10.6,3,46.23992744244388,0,0,False,False,True,2,42.8049240804888,0,0,False,False,True,6,99.24432203474983,1,1,True,True,True,,,True,False,False,False,spline_residual
fault_windings_d16_d19_r026_s1500_t52,1500,52,windings,D16,D19,10.6,3,264.2923428876415,3,3,True,True,True,2,560.3808304104343,2,2,True,True,True,6,171.75471737427543,5,5,True,True,True,0.0,0.2,False,True,True,False,spline_residual
fault_windings_d16_d19_r026_s1500_t64,1500,64,windings,D16,D19,10.6,3,103.85121199021351,2,2,True,True,True,2,73.35066655496564,2,2,True,True,True,6,63.68588033424476,1,1,True,True,True,0.0,0.2,False,True,True,False,spline_residual
fault_windings_d16_d19_r026_s1500_t80,1500,80,windings,D16,D19,10.6,3,51.03899469076513,0,0,False,False,True,2,200.34086657948524,2,2,True,True,True,6,116.59854580689246,2,2,True,True,True,0.0,0.2,False,False,True,False,spline_residual
fault_windings_d16_d19_r026_s1800_t52,1800,52,windings,D16,D19,10.6,3,106.1340116204278,1,1,True,True,True,2,194.25989579426695,2,2,True,True,True,6,802.4729233594442,4,4,True,True,True,0.0,0.2,False,True,True,False,spline_residual
fault_windings_d16_d19_r026_s1800_t64,1800,64,windings,D16,D19,10.6,3,370.74439077748696,2,2,True,True,True,2,153.51725902841125,2,2,True,True,True,6,164.61413512001187,4,4,True,True,True,0.0,0.2,False,True,True,False,spline_residual
fault_windings_d16_d19_r026_s1800_t80,1800,80,windings,D16,D19,10.6,3,37.296332145292986,0,0,False,False,True,2,111.0133191707716,2,2,True,True,True,6,54.86754544130453,0,0,False,False,True,0.0,0.2,False,False,True,False,spline_residual
fault_turns_d01_d04_r026_s1200_t52,1200,52,turns,D01,D04,12.04,3,123.9307562656987,2,2,True,True,True,2,325.73182140951906,1,1,True,True,True,6,56.536185469598095,0,0,False,False,True,1.0,0.4,False,True,True,False,spline_local_scale
fault_turns_d01_d04_r026_s1200_t64,1200,64,turns,D01,D04,12.04,3,229.557256365912,1,1,True,True,True,2,232.27427802450063,2,2,True,True,True,6,193.29844824303922,2,2,True,True,True,0.0,0.2,False,True,True,False,spline_local_scale
fault_turns_d01_d04_r026_s1200_t80,1200,80,turns,D01,D04,12.04,3,61.45806696780521,0,0,False,False,True,2,107.09376255708762,0,0,False,False,True,6,39.61273877874142,0,0,False,False,True,,,True,False,False,False,spline_local_scale
fault_turns_d01_d04_r026_s1500_t52,1500,52,turns,D01,D04,12.04,3,56.77193686566661,0,0,False,False,True,2,138.6074365932614,1,1,True,True,True,6,78.51018458150958,0,0,False,False,True,1.0,0.4,False,False,True,False,spline_local_scale
fault_turns_d01_d04_r026_s1500_t64,1500,64,turns,D01,D04,12.04,3,115.23174008364222,0,0,False,False,True,2,250.53209811633846,2,2,True,True,True,6,127.55664080866104,3,3,True,True,True,0.0,0.2,False,False,True,False,spline_local_scale
fault_turns_d01_d04_r026_s1500_t80,1500,80,turns,D01,D04,12.04,3,368.38587188454915,3,3,True,True,True,2,470.48206916512197,2,2,True,True,True,6,309.4000470814757,6,6,True,True,True,0.0,0.2,False,True,True,False,spline_local_scale
fault_turns_d01_d04_r026_s1800_t52,1800,52,turns,D01,D04,12.04,3,26.230769883438633,0,0,False,False,True,2,134.17110401775878,1,1,True,True,True,6,109.22258507979548,0,0,False,False,True,0.0,0.2,False,False,True,False,spline_local_scale
fault_turns_d01_d04_r026_s1800_t64,1800,64,turns,D01,D04,12.04,3,25.235360555857262,0,0,False,False,True,2,233.9301119732798,2,2,True,True,True,6,16.76401440519131,0,0,False,False,True,0.0,0.2,False,False,True,False,spline_local_scale
fault_turns_d01_d04_r026_s1800_t80,1800,80,turns,D01,D04,12.04,3,21.004051568154356,0,0,False,False,True,2,162.2814046062267,1,1,True,True,True,6,158.68345582631378,1,1,True,True,True,1.0,0.4,False,False,True,False,spline_local_scale
fault_turns_d02_d03_r026_s1200_t52,1200,52,turns,D02,D03,7.689999999999999,3,132.06775170190025,1,1,True,True,True,2,105.34959281257403,0,0,False,False,True,6,50.033830105981586,0,0,False,False,True,,,True,True,False,False,spline_local_scale
fault_turns_d02_d03_r026_s1200_t64,1200,64,turns,D02,D03,7.689999999999999,3,62.128548180483676,0,0,False,False,True,2,30.962890378269414,0,0,False,False,True,6,29.03573861965569,0,0,False,False,True,,,True,False,False,False,spline_local_scale
fault_turns_d02_d03_r026_s1200_t80,1200,80,turns,D02,D03,7.689999999999999,3,51.36289726452152,0,0,False,False,True,2,52.09553950211702,0,0,False,False,True,6,31.188324221983095,0,0,False,False,True,,,True,False,False,False,spline_local_scale
fault_turns_d02_d03_r026_s1500_t52,1500,52,turns,D02,D03,7.689999999999999,3,54.52926105035843,0,0,False,False,True,2,65.1197877778825,0,0,False,False,True,6,126.63915348235929,1,1,True,True,True,,,True,False,False,False,spline_local_scale
fault_turns_d02_d03_r026_s1500_t64,1500,64,turns,D02,D03,7.689999999999999,3,120.46529030537063,0,0,False,False,True,2,169.02938464438876,2,2,True,True,True,6,139.01982117531946,3,3,True,True,True,0.0,0.2,False,False,True,False,spline_local_scale
fault_turns_d02_d03_r026_s1500_t80,1500,80,turns,D02,D03,7.689999999999999,3,282.50645359970156,3,3,True,True,True,2,308.94623358799123,2,2,True,True,True,6,297.8389387046287,6,6,True,True,True,0.0,0.2,False,True,True,False,spline_local_scale
fault_turns_d02_d03_r026_s1800_t52,1800,52,turns,D02,D03,7.689999999999999,3,21.845721853590597,0,0,False,False,True,2,62.87521825118659,0,0,False,False,True,6,28.311218171811447,0,0,False,False,True,,,True,False,False,False,spline_local_scale
fault_turns_d02_d03_r026_s1800_t64,1800,64,turns,D02,D03,7.689999999999999,3,20.34192099134082,0,0,False,False,True,2,27.767546255411233,0,0,False,False,True,6,16.673532075560782,0,0,False,False,True,,,True,False,False,False,spline_local_scale
fault_turns_d02_d03_r026_s1800_t80,1800,80,turns,D02,D03,7.689999999999999,3,27.8167228569863,0,0,False,False,True,2,29.304692957099476,0,0,False,False,True,6,25.005930025464316,0,0,False,False,True,,,True,False,False,False,spline_local_scale
fault_turns_d05_d08_r026_s1200_t52,1200,52,turns,D05,D08,12.1,3,209.3710494696666,2,2,True,True,True,2,303.54312623816236,1,1,True,True,True,6,123.05938090949309,1,1,True,True,True,1.0,0.4,False,True,True,False,spline_local_scale
fault_turns_d05_d08_r026_s1200_t64,1200,64,turns,D05,D08,12.1,3,39.02253448678489,0,0,False,False,True,2,138.94365558951858,1,1,True,True,True,6,37.64816092662024,0,0,False,False,True,1.0,0.4,False,False,True,False,spline_local_scale
fault_turns_d05_d08_r026_s1200_t80,1200,80,turns,D05,D08,12.1,3,55.44587834115754,0,0,False,False,True,2,90.72843448893511,0,0,False,False,True,6,36.85569424742317,0,0,False,False,True,,,True,False,False,False,spline_local_scale
fault_turns_d05_d08_r026_s1500_t52,1500,52,turns,D05,D08,12.1,3,254.62962237835285,1,1,True,True,True,2,157.8531205129429,1,1,True,True,True,6,149.21947604181997,1,1,True,True,True,0.0,0.2,False,True,True,False,spline_local_scale
fault_turns_d05_d08_r026_s1500_t64,1500,64,turns,D05,D08,12.1,3,120.91389343474304,1,1,True,True,True,2,279.2108463903113,1,1,True,True,True,6,167.91510442542156,2,2,True,True,True,1.0,0.4,False,True,True,False,spline_local_scale
fault_turns_d05_d08_r026_s1500_t80,1500,80,turns,D05,D08,12.1,3,369.56625366282697,3,3,True,True,True,2,298.5882377873198,2,2,True,True,True,6,6666.7057723601065,6,6,True,True,True,0.0,0.2,False,True,True,False,spline_local_scale
fault_turns_d05_d08_r026_s1800_t52,1800,52,turns,D05,D08,12.1,3,24.401151160892212,0,0,False,False,True,2,145.92002568556111,1,1,True,True,True,6,86.87732613581471,0,0,False,False,True,1.0,0.4,False,False,True,False,spline_local_scale
fault_turns_d05_d08_r026_s1800_t64,1800,64,turns,D05,D08,12.1,3,24.553501032518746,0,0,False,False,True,2,142.516609774144,1,1,True,True,True,6,57.08546390450955,0,0,False,False,True,1.0,0.4,False,False,True,False,spline_local_scale
fault_turns_d05_d08_r026_s1800_t80,1800,80,turns,D05,D08,12.1,3,28.020522037226122,0,0,False,False,True,2,146.27074967333067,1,1,True,True,True,6,56.10535700868165,0,0,False,False,True,1.0,0.4,False,False,True,False,spline_local_scale
fault_turns_d06_d07_r026_s1200_t52,1200,52,turns,D06,D07,7.399999999999999,3,30.377029278569076,0,0,False,False,True,2,32.91854595206635,0,0,False,False,True,6,38.785517731324006,0,0,False,False,True,,,True,False,False,False,spline_local_scale
fault_turns_d06_d07_r026_s1200_t64,1200,64,turns,D06,D07,7.399999999999999,3,35.01277703428089,0,0,False,False,True,2,42.46639115192886,0,0,False,False,True,6,34.77427191636761,0,0,False,False,True,,,True,False,False,False,spline_local_scale
fault_turns_d06_d07_r026_s1200_t80,1200,80,turns,D06,D07,7.399999999999999,3,31.182874183566852,0,0,False,False,True,2,62.80047852682814,0,0,False,False,True,6,31.9464168333022,0,0,False,False,True,,,True,False,False,False,spline_local_scale
fault_turns_d06_d07_r026_s1500_t52,1500,52,turns,D06,D07,7.399999999999999,3,105.94195516174317,0,0,False,False,True,2,168.6286117795014,2,2,True,True,True,6,108.01090748694916,0,0,False,False,True,0.0,0.2,False,False,True,False,spline_local_scale
fault_turns_d06_d07_r026_s1500_t64,1500,64,turns,D06,D07,7.399999999999999,3,150.84557631437838,2,2,True,True,True,2,169.5534939381626,2,2,True,True,True,6,114.09469102326122,0,0,False,False,True,0.0,0.2,False,True,True,False,spline_local_scale
fault_turns_d06_d07_r026_s1500_t80,1500,80,turns,D06,D07,7.399999999999999,3,351.33028689107425,3,3,True,True,True,2,340.49798430864826,2,2,True,True,True,6,321.86338784702195,6,6,True,True,True,0.0,0.2,False,True,True,False,spline_local_scale
fault_turns_d06_d07_r026_s1800_t52,1800,52,turns,D06,D07,7.399999999999999,3,19.5927262234183,0,0,False,False,True,2,32.017456637806106,0,0,False,False,True,6,26.619313949246354,0,0,False,False,True,,,True,False,False,False,spline_local_scale
fault_turns_d06_d07_r026_s1800_t64,1800,64,turns,D06,D07,7.399999999999999,3,36.421859864365544,0,0,False,False,True,2,31.28775707825258,0,0,False,False,True,6,23.23723605647262,0,0,False,False,True,,,True,False,False,False,spline_local_scale
fault_turns_d06_d07_r026_s1800_t80,1800,80,turns,D06,D07,7.399999999999999,3,26.89663248525875,0,0,False,False,True,2,56.05182137892372,0,0,False,False,True,6,24.297398647599362,0,0,False,False,True,,,True,False,False,False,spline_local_scale
fault_turns_d09_d10_r026_s1200_t52,1200,52,turns,D09,D10,2.799999999999997,3,73.9014686272981,0,0,False,False,True,2,63.55325116397812,0,0,False,False,True,6,82.90011791305295,0,0,False,False,True,,,True,False,False,False,spline_local_scale
fault_turns_d09_d10_r026_s1200_t64,1200,64,turns,D09,D10,2.799999999999997,3,70.33529360204167,0,0,False,False,True,2,31.21816950158251,0,0,False,False,True,6,51.72023515476211,0,0,False,False,True,,,True,False,False,False,spline_local_scale
fault_turns_d09_d10_r026_s1200_t80,1200,80,turns,D09,D10,2.799999999999997,3,138.4350982188053,1,1,True,True,True,2,84.17811833999882,0,0,False,False,True,6,54.925498929524196,0,0,False,False,True,,,True,True,False,False,spline_local_scale
fault_turns_d09_d10_r026_s1500_t52,1500,52,turns,D09,D10,2.799999999999997,3,50.083595779103995,0,0,False,False,True,2,107.97463952969326,0,0,False,False,True,6,197.42491221838242,4,4,True,True,True,,,True,False,False,False,spline_local_scale
fault_turns_d09_d10_r026_s1500_t64,1500,64,turns,D09,D10,2.799999999999997,3,217.0494613220513,2,2,True,True,True,2,117.54272707393407,0,0,False,False,True,6,123.34043703869213,1,1,True,True,True,,,True,True,False,False,spline_local_scale
fault_turns_d09_d10_r026_s1500_t80,1500,80,turns,D09,D10,2.799999999999997,3,348.5456523914622,3,3,True,True,True,2,269.78263551937926,2,2,True,True,True,6,411.7720398021336,6,6,True,True,True,0.0,0.2,False,True,True,False,spline_local_scale
fault_turns_d09_d10_r026_s1800_t52,1800,52,turns,D09,D10,2.799999999999997,3,17.66362309504641,0,0,False,False,True,2,46.162474048796014,0,0,False,False,True,6,55.837880899371626,0,0,False,False,True,,,True,False,False,False,spline_local_scale
fault_turns_d09_d10_r026_s1800_t64,1800,64,turns,D09,D10,2.799999999999997,3,54.20635470043331,0,0,False,False,True,2,41.66252185281797,0,0,False,False,True,6,57.97586026865536,0,0,False,False,True,,,True,False,False,False,spline_local_scale
fault_turns_d09_d10_r026_s1800_t80,1800,80,turns,D09,D10,2.799999999999997,3,35.879039229749075,0,0,False,False,True,2,18.661686261428272,0,0,False,False,True,6,44.94760622673206,0,0,False,False,True,,,True,False,False,False,spline_local_scale
fault_turns_d11_d12_r026_s1200_t52,1200,52,turns,D11,D12,2.699999999999996,3,171.63789113219752,1,1,True,True,True,2,103.78633939554784,0,0,False,False,True,6,72.5872937509465,0,0,False,False,True,,,True,True,False,False,spline_local_scale
fault_turns_d11_d12_r026_s1200_t64,1200,64,turns,D11,D12,2.699999999999996,3,67.30108967845878,0,0,False,False,True,2,40.464739013112535,0,0,False,False,True,6,247.27899831880018,2,2,True,True,True,,,True,False,False,False,spline_local_scale
fault_turns_d11_d12_r026_s1200_t80,1200,80,turns,D11,D12,2.699999999999996,3,55.82343660257548,0,0,False,False,True,2,29.939342636350034,0,0,False,False,True,6,62.161207050745745,0,0,False,False,True,,,True,False,False,False,spline_local_scale
fault_turns_d11_d12_r026_s1500_t52,1500,52,turns,D11,D12,2.699999999999996,3,41.480463933087826,0,0,False,False,True,2,47.48034180315773,0,0,False,False,True,6,157.21595333160582,2,2,True,True,True,,,True,False,False,False,spline_local_scale
fault_turns_d11_d12_r026_s1500_t64,1500,64,turns,D11,D12,2.699999999999996,3,193.92878084780784,2,2,True,True,True,2,162.7995376591112,2,2,True,True,True,6,154.86437223551496,1,1,True,True,True,0.0,0.2,False,True,True,False,spline_local_scale
fault_turns_d11_d12_r026_s1500_t80,1500,80,turns,D11,D12,2.699999999999996,3,332.10977142220355,3,3,True,True,True,2,326.2726278120815,2,2,True,True,True,6,488.42510376222344,6,6,True,True,True,0.0,0.2,False,True,True,False,spline_local_scale
fault_turns_d11_d12_r026_s1800_t52,1800,52,turns,D11,D12,2.699999999999996,3,44.21770527491831,0,0,False,False,True,2,18.556343225170437,0,0,False,False,True,6,67.33278345700262,0,0,False,False,True,,,True,False,False,False,spline_local_scale
fault_turns_d11_d12_r026_s1800_t64,1800,64,turns,D11,D12,2.699999999999996,3,39.457766953703995,0,0,False,False,True,2,28.93692900483539,0,0,False,False,True,6,185.96259033041792,1,1,True,True,True,,,True,False,False,False,spline_local_scale
fault_turns_d11_d12_r026_s1800_t80,1800,80,turns,D11,D12,2.699999999999996,3,37.161847205988366,0,0,False,False,True,2,20.109123941621394,0,0,False,False,True,6,66.104466534987,0,0,False,False,True,,,True,False,False,False,spline_local_scale
fault_turns_d13_d16_r026_s1200_t52,1200,52,turns,D13,D16,11.6,3,84.66515700961381,0,0,False,False,True,2,110.21530736026287,0,0,False,False,True,6,53.54850081017446,0,0,False,False,True,,,True,False,False,False,spline_local_scale
fault_turns_d13_d16_r026_s1200_t64,1200,64,turns,D13,D16,11.6,3,20.794425364021848,0,0,False,False,True,2,156.0437891979548,1,1,True,True,True,6,76.45154033721242,0,0,False,False,True,0.0,0.2,False,False,True,False,spline_local_scale
fault_turns_d13_d16_r026_s1200_t80,1200,80,turns,D13,D16,11.6,3,34.0184787441431,0,0,False,False,True,2,92.37543857199005,0,0,False,False,True,6,21.924705200376586,0,0,False,False,True,,,True,False,False,False,spline_local_scale
fault_turns_d13_d16_r026_s1500_t52,1500,52,turns,D13,D16,11.6,3,123.13905735280963,1,1,True,True,True,2,213.03277441618218,2,2,True,True,True,6,66.97727214089086,0,0,False,False,True,0.0,0.2,False,True,True,False,spline_local_scale
fault_turns_d13_d16_r026_s1500_t64,1500,64,turns,D13,D16,11.6,3,106.35528293916823,0,0,False,False,True,2,239.84858450510836,2,2,True,True,True,6,123.68693753347358,1,1,True,True,True,0.0,0.2,False,False,True,False,spline_local_scale
fault_turns_d13_d16_r026_s1500_t80,1500,80,turns,D13,D16,11.6,3,300.10541421351746,3,3,True,True,True,2,565.0366257192013,2,2,True,True,True,6,284.8913604678229,6,6,True,True,True,0.0,0.2,False,True,True,False,spline_local_scale
fault_turns_d13_d16_r026_s1800_t52,1800,52,turns,D13,D16,11.6,3,20.72407608365276,0,0,False,False,True,2,180.25006671231654,1,1,True,True,True,6,23.352403784699636,0,0,False,False,True,1.0,0.4,False,False,True,False,spline_local_scale
fault_turns_d13_d16_r026_s1800_t64,1800,64,turns,D13,D16,11.6,3,18.946016178058173,0,0,False,False,True,2,133.3387988131096,1,1,True,True,True,6,20.401625201018,0,0,False,False,True,1.0,0.4,False,False,True,False,spline_local_scale
fault_turns_d13_d16_r026_s1800_t80,1800,80,turns,D13,D16,11.6,3,28.240761917478682,0,0,False,False,True,2,182.70044363081885,1,1,True,True,True,6,30.961209027641562,0,0,False,False,True,1.0,0.4,False,False,True,False,spline_local_scale
fault_turns_d14_d15_r026_s1200_t52,1200,52,turns,D14,D15,7.400000000000006,3,51.59337383944778,0,0,False,False,True,2,34.20809465305186,0,0,False,False,True,6,77.74009025474555,0,0,False,False,True,,,True,False,False,False,spline_local_scale
fault_turns_d14_d15_r026_s1200_t64,1200,64,turns,D14,D15,7.400000000000006,3,56.75613226883608,0,0,False,False,True,2,37.464840953124956,0,0,False,False,True,6,41.94883947897234,0,0,False,False,True,,,True,False,False,False,spline_local_scale
fault_turns_d14_d15_r026_s1200_t80,1200,80,turns,D14,D15,7.400000000000006,3,88.98967057442549,0,0,False,False,True,2,26.94512290612196,0,0,False,False,True,6,28.40527124348959,0,0,False,False,True,,,True,False,False,False,spline_local_scale
fault_turns_d14_d15_r026_s1500_t52,1500,52,turns,D14,D15,7.400000000000006,3,39.92099776322957,0,0,False,False,True,2,47.61996978082574,0,0,False,False,True,6,101.19513602558219,0,0,False,False,True,,,True,False,False,False,spline_local_scale
fault_turns_d14_d15_r026_s1500_t64,1500,64,turns,D14,D15,7.400000000000006,3,129.08742164049158,1,1,True,True,True,2,105.1365732695962,0,0,False,False,True,6,140.09667335976582,4,4,True,True,True,,,True,True,False,False,spline_local_scale
fault_turns_d14_d15_r026_s1500_t80,1500,80,turns,D14,D15,7.400000000000006,3,337.0293345348965,3,3,True,True,True,2,264.7566702436995,2,2,True,True,True,6,294.8159333123329,6,6,True,True,True,0.0,0.2,False,True,True,False,spline_local_scale
fault_turns_d14_d15_r026_s1800_t52,1800,52,turns,D14,D15,7.400000000000006,3,25.666156948352164,0,0,False,False,True,2,17.440571119593983,0,0,False,False,True,6,49.82852518520841,0,0,False,False,True,,,True,False,False,False,spline_local_scale
fault_turns_d14_d15_r026_s1800_t64,1800,64,turns,D14,D15,7.400000000000006,3,17.560128640890106,0,0,False,False,True,2,25.891589005926356,0,0,False,False,True,6,19.701085140602594,0,0,False,False,True,,,True,False,False,False,spline_local_scale
fault_turns_d14_d15_r026_s1800_t80,1800,80,turns,D14,D15,7.400000000000006,3,22.182112904602093,0,0,False,False,True,2,26.20453039125575,0,0,False,False,True,6,16.14452739739677,0,0,False,False,True,,,True,False,False,False,spline_local_scale
fault_turns_d17_d20_r026_s1200_t52,1200,52,turns,D17,D20,11.599999999999994,3,35.68595486436818,0,0,False,False,True,2,75.94475564289287,0,0,False,False,True,6,51.68603973001132,0,0,False,False,True,,,True,False,False,False,spline_local_scale
fault_turns_d17_d20_r026_s1200_t64,1200,64,turns,D17,D20,11.599999999999994,3,57.08177360655845,0,0,False,False,True,2,137.58061352356575,1,1,True,True,True,6,33.56297000377681,0,0,False,False,True,1.0,0.4,False,False,True,False,spline_local_scale
fault_turns_d17_d20_r026_s1200_t80,1200,80,turns,D17,D20,11.599999999999994,3,55.08478951513442,0,0,False,False,True,2,60.57292646040293,0,0,False,False,True,6,36.763997144815015,0,0,False,False,True,,,True,False,False,False,spline_local_scale
fault_turns_d17_d20_r026_s1500_t52,1500,52,turns,D17,D20,11.599999999999994,3,44.96437858167711,0,0,False,False,True,2,137.06150866711835,1,1,True,True,True,6,70.2745344556111,0,0,False,False,True,1.0,0.4,False,False,True,False,spline_local_scale
fault_turns_d17_d20_r026_s1500_t64,1500,64,turns,D17,D20,11.599999999999994,3,99.27806800680969,0,0,False,False,True,2,179.19345220322407,1,1,True,True,True,6,102.43453620130634,0,0,False,False,True,1.0,0.4,False,False,True,False,spline_local_scale
fault_turns_d17_d20_r026_s1500_t80,1500,80,turns,D17,D20,11.599999999999994,3,286.0700233697414,3,3,True,True,True,2,423.03124390365156,2,2,True,True,True,6,326.2800761786782,6,6,True,True,True,0.0,0.2,False,True,True,False,spline_local_scale
fault_turns_d17_d20_r026_s1800_t52,1800,52,turns,D17,D20,11.599999999999994,3,26.438892191086374,0,0,False,False,True,2,190.0669972406135,1,1,True,True,True,6,22.919158124201594,0,0,False,False,True,1.0,0.4,False,False,True,False,spline_local_scale
fault_turns_d17_d20_r026_s1800_t64,1800,64,turns,D17,D20,11.599999999999994,3,16.277888279769307,0,0,False,False,True,2,125.26081790177321,1,1,True,True,True,6,31.76611077292044,0,0,False,False,True,1.0,0.4,False,False,True,False,spline_local_scale
fault_turns_d17_d20_r026_s1800_t80,1800,80,turns,D17,D20,11.599999999999994,3,22.95698603188612,0,0,False,False,True,2,151.1940539845188,1,1,True,True,True,6,32.235023045690774,0,0,False,False,True,1.0,0.4,False,False,True,False,spline_local_scale
fault_turns_d18_d19_r026_s1200_t52,1200,52,turns,D18,D19,7.400000000000006,3,85.15901613119907,0,0,False,False,True,2,54.821796040449314,0,0,False,False,True,6,61.80777526252715,0,0,False,False,True,,,True,False,False,False,spline_local_scale
fault_turns_d18_d19_r026_s1200_t64,1200,64,turns,D18,D19,7.400000000000006,3,32.113655339045145,0,0,False,False,True,2,24.881461797567127,0,0,False,False,True,6,30.58919253244321,0,0,False,False,True,,,True,False,False,False,spline_local_scale
fault_turns_d18_d19_r026_s1200_t80,1200,80,turns,D18,D19,7.400000000000006,3,31.911193206633055,0,0,False,False,True,2,80.34848122521058,0,0,False,False,True,6,15.660065562308795,0,0,False,False,True,,,True,False,False,False,spline_local_scale
fault_turns_d18_d19_r026_s1500_t52,1500,52,turns,D18,D19,7.400000000000006,3,60.037548436321835,0,0,False,False,True,2,116.77766229985004,0,0,False,False,True,6,235.5038835679922,3,3,True,True,True,,,True,False,False,False,spline_local_scale
fault_turns_d18_d19_r026_s1500_t64,1500,64,turns,D18,D19,7.400000000000006,3,136.45366641610843,1,1,True,True,True,2,194.9743071443726,2,2,True,True,True,6,193.71384184016873,4,4,True,True,True,0.0,0.2,False,True,True,False,spline_local_scale
fault_turns_d18_d19_r026_s1500_t80,1500,80,turns,D18,D19,7.400000000000006,3,273.1007370301752,3,3,True,True,True,2,318.0381970863854,2,2,True,True,True,6,368.0319530453138,6,6,True,True,True,0.0,0.2,False,True,True,False,spline_local_scale
fault_turns_d18_d19_r026_s1800_t52,1800,52,turns,D18,D19,7.400000000000006,3,21.450394369085544,0,0,False,False,True,2,49.336210954818384,0,0,False,False,True,6,20.798517569168403,0,0,False,False,True,,,True,False,False,False,spline_local_scale
fault_turns_d18_d19_r026_s1800_t64,1800,64,turns,D18,D19,7.400000000000006,3,29.418534389430146,0,0,False,False,True,2,32.814701779856435,0,0,False,False,True,6,22.52246730163973,0,0,False,False,True,,,True,False,False,False,spline_local_scale
fault_turns_d18_d19_r026_s1800_t80,1800,80,turns,D18,D19,7.400000000000006,3,21.318105465484138,0,0,False,False,True,2,30.15524337504672,0,0,False,False,True,6,30.415473391751153,0,0,False,False,True,,,True,False,False,False,spline_local_scale
fault_turns_d21_d22_r026_s1200_t52,1200,52,turns,D21,D22,3.8000000000000114,3,54.919887874528136,0,0,False,False,True,2,142.99736057088842,1,1,True,True,True,6,76.22149654639436,0,0,False,False,True,0.0,0.2,False,False,True,False,spline_local_scale
fault_turns_d21_d22_r026_s1200_t64,1200,64,turns,D21,D22,3.8000000000000114,3,118.41401723620656,0,0,False,False,True,2,27.63292536111188,0,0,False,False,True,6,34.693193104301336,0,0,False,False,True,,,True,False,False,False,spline_local_scale
fault_turns_d21_d22_r026_s1200_t80,1200,80,turns,D21,D22,3.8000000000000114,3,60.50337282343627,0,0,False,False,True,2,43.834051563296185,0,0,False,False,True,6,76.82811455011341,0,0,False,False,True,,,True,False,False,False,spline_local_scale
fault_turns_d21_d22_r026_s1500_t52,1500,52,turns,D21,D22,3.8000000000000114,3,78.47276798829003,0,0,False,False,True,2,95.64247235856824,0,0,False,False,True,6,286.11162876039805,2,2,True,True,True,,,True,False,False,False,spline_local_scale
fault_turns_d21_d22_r026_s1500_t64,1500,64,turns,D21,D22,3.8000000000000114,3,161.22181122013086,1,1,True,True,True,2,104.1511253659832,0,0,False,False,True,6,180.27213422426308,5,5,True,True,True,,,True,True,False,False,spline_local_scale
fault_turns_d21_d22_r026_s1500_t80,1500,80,turns,D21,D22,3.8000000000000114,3,330.9525949251796,3,3,True,True,True,2,271.1994954213063,2,2,True,True,True,6,310.34614354641235,6,6,True,True,True,0.0,0.2,False,True,True,False,spline_local_scale
fault_turns_d21_d22_r026_s1800_t52,1800,52,turns,D21,D22,3.8000000000000114,3,59.92470825700562,0,0,False,False,True,2,29.288870176301636,0,0,False,False,True,6,22.58446079181305,0,0,False,False,True,,,True,False,False,False,spline_local_scale
fault_turns_d21_d22_r026_s1800_t64,1800,64,turns,D21,D22,3.8000000000000114,3,17.386306191326046,0,0,False,False,True,2,15.467713235618312,0,0,False,False,True,6,41.33140446723098,0,0,False,False,True,,,True,False,False,False,spline_local_scale
fault_turns_d21_d22_r026_s1800_t80,1800,80,turns,D21,D22,3.8000000000000114,3,29.62063968502305,0,0,False,False,True,2,83.90657600803405,0,0,False,False,True,6,33.61538059961886,0,0,False,False,True,,,True,False,False,False,spline_local_scale
fault_turns_d23_d24_r026_s1200_t52,1200,52,turns,D23,D24,2.800000000000012,3,129.74585794559175,1,1,True,True,True,2,84.29781885056416,0,0,False,False,True,6,188.11973880155855,3,3,True,True,True,,,True,True,False,False,spline_local_scale
fault_turns_d23_d24_r026_s1200_t64,1200,64,turns,D23,D24,2.800000000000012,3,83.80945368188773,0,0,False,False,True,2,58.058392531309764,0,0,False,False,True,6,58.93743280045345,0,0,False,False,True,,,True,False,False,False,spline_local_scale
fault_turns_d23_d24_r026_s1200_t80,1200,80,turns,D23,D24,2.800000000000012,3,54.305972978819796,0,0,False,False,True,2,20.862687969158817,0,0,False,False,True,6,51.05616374209817,0,0,False,False,True,,,True,False,False,False,spline_local_scale
fault_turns_d23_d24_r026_s1500_t52,1500,52,turns,D23,D24,2.800000000000012,3,120.12560260175408,0,0,False,False,True,2,62.18046563485187,0,0,False,False,True,6,68.76561834136201,0,0,False,False,True,,,True,False,False,False,spline_local_scale
fault_turns_d23_d24_r026_s1500_t64,1500,64,turns,D23,D24,2.800000000000012,3,130.84854087845457,2,2,True,True,True,2,157.03439235290017,1,1,True,True,True,6,156.03315126554062,2,2,True,True,True,0.0,0.2,False,True,True,False,spline_local_scale
fault_turns_d23_d24_r026_s1500_t80,1500,80,turns,D23,D24,2.800000000000012,3,326.2206037252362,3,3,True,True,True,2,285.76548594247083,2,2,True,True,True,6,341.12281063619884,6,6,True,True,True,0.0,0.2,False,True,True,False,spline_local_scale
fault_turns_d23_d24_r026_s1800_t52,1800,52,turns,D23,D24,2.800000000000012,3,16.663580526496382,0,0,False,False,True,2,37.948331894844856,0,0,False,False,True,6,23.923207288893845,0,0,False,False,True,,,True,False,False,False,spline_local_scale
fault_turns_d23_d24_r026_s1800_t64,1800,64,turns,D23,D24,2.800000000000012,3,51.66819129648341,0,0,False,False,True,2,13.448057645977979,0,0,False,False,True,6,38.05627907096573,0,0,False,False,True,,,True,False,False,False,spline_local_scale
fault_turns_d23_d24_r026_s1800_t80,1800,80,turns,D23,D24,2.800000000000012,3,33.03606546042723,0,0,False,False,True,2,32.91592426295939,0,0,False,False,True,6,46.764383651832375,0,0,False,False,True,,,True,False,False,False,spline_local_scale
fault_windings_d01_d06_r026_s1200_t52,1200,52,windings,D01,D06,14.34,3,87.28755593438741,0,0,False,False,True,2,194.64426694996126,1,1,True,True,True,6,130.1072925573658,1,1,True,True,True,1.0,0.4,False,False,True,False,spline_local_scale
fault_windings_d01_d06_r026_s1200_t64,1200,64,windings,D01,D06,14.34,3,79.33716534300069,0,0,False,False,True,2,216.3038727559592,1,1,True,True,True,6,81.02207631067284,0,0,False,False,True,1.0,0.4,False,False,True,False,spline_local_scale
fault_windings_d01_d06_r026_s1200_t80,1200,80,windings,D01,D06,14.34,3,20.72866020737012,0,0,False,False,True,2,193.06246171525564,1,1,True,True,True,6,33.22848554303257,0,0,False,False,True,1.0,0.4,False,False,True,False,spline_local_scale
fault_windings_d01_d06_r026_s1500_t52,1500,52,windings,D01,D06,14.34,3,100.75978318247716,0,0,False,False,True,2,313.0206760855963,1,1,True,True,True,6,63.564421598657525,0,0,False,False,True,1.0,0.4,False,False,True,False,spline_local_scale
fault_windings_d01_d06_r026_s1500_t64,1500,64,windings,D01,D06,14.34,3,105.93088128249042,0,0,False,False,True,2,531.3850511331341,2,2,True,True,True,6,130.15309393907563,1,1,True,True,True,0.0,0.2,False,False,True,False,spline_local_scale
fault_windings_d01_d06_r026_s1500_t80,1500,80,windings,D01,D06,14.34,3,256.80258824587116,3,3,True,True,True,2,670.75207606481,2,2,True,True,True,6,318.6819040728892,6,6,True,True,True,0.0,0.2,False,True,True,False,spline_local_scale
fault_windings_d01_d06_r026_s1800_t52,1800,52,windings,D01,D06,14.34,3,23.9831361317412,0,0,False,False,True,2,476.1456000403864,1,1,True,True,True,6,38.24440688259381,0,0,False,False,True,1.0,0.4,False,False,True,False,spline_local_scale
fault_windings_d01_d06_r026_s1800_t64,1800,64,windings,D01,D06,14.34,3,14.038842221575164,0,0,False,False,True,2,410.2666319178493,2,2,True,True,True,6,23.01414421906752,0,0,False,False,True,0.0,0.2,False,False,True,False,spline_local_scale
fault_windings_d01_d06_r026_s1800_t80,1800,80,windings,D01,D06,14.34,3,18.388194271093298,0,0,False,False,True,2,519.9607497009094,2,2,True,True,True,6,107.39485703722676,0,0,False,False,True,0.0,0.2,False,False,True,False,spline_local_scale
fault_windings_d01_d07_r026_s1200_t52,1200,52,windings,D01,D07,21.74,3,54.85968006869505,0,0,False,False,True,2,1839.9814169101373,2,2,True,True,True,6,223.10317129500342,1,1,True,True,True,0.0,0.2,False,False,True,False,spline_local_scale
fault_windings_d01_d07_r026_s1200_t64,1200,64,windings,D01,D07,21.74,3,24.1070560139513,0,0,False,False,True,2,1184.937015310058,2,2,True,True,True,6,353.0218911219554,1,1,True,True,True,0.0,0.2,False,False,True,False,spline_local_scale
fault_windings_d01_d07_r026_s1200_t80,1200,80,windings,D01,D07,21.74,3,26.403976123140808,0,0,False,False,True,2,1413.0167395588262,2,2,True,True,True,6,199.49246852141286,1,1,True,True,True,0.0,0.2,False,False,True,False,spline_local_scale
fault_windings_d01_d07_r026_s1500_t52,1500,52,windings,D01,D07,21.74,3,84.98433910588909,0,0,False,False,True,2,2691.057941016392,2,2,True,True,True,6,153.85512476150728,1,1,True,True,True,0.0,0.2,False,False,True,False,spline_local_scale
fault_windings_d01_d07_r026_s1500_t64,1500,64,windings,D01,D07,21.74,3,106.3427935516837,0,0,False,False,True,2,2450.8898136711005,2,2,True,True,True,6,229.5774128658529,3,3,True,True,True,0.0,0.2,False,False,True,False,spline_local_scale
fault_windings_d01_d07_r026_s1500_t80,1500,80,windings,D01,D07,21.74,3,300.2722686935751,3,3,True,True,True,2,2305.5245295596387,2,2,True,True,True,6,490.0412121813391,6,6,True,True,True,0.0,0.2,False,True,True,False,spline_local_scale
fault_windings_d01_d07_r026_s1800_t52,1800,52,windings,D01,D07,21.74,3,31.848091013694695,0,0,False,False,True,2,3885.960314701065,2,2,True,True,True,6,551.6286764921651,1,1,True,True,True,0.0,0.2,False,False,True,False,spline_local_scale
fault_windings_d01_d07_r026_s1800_t64,1800,64,windings,D01,D07,21.74,3,17.985877300463308,0,0,False,False,True,2,4740.508368402664,2,2,True,True,True,6,330.62357909008233,1,1,True,True,True,0.0,0.2,False,False,True,False,spline_local_scale
fault_windings_d01_d07_r026_s1800_t80,1800,80,windings,D01,D07,21.74,3,36.54933139202267,0,0,False,False,True,2,3226.522722306262,2,2,True,True,True,6,602.0050763125541,1,1,True,True,True,0.0,0.2,False,False,True,False,spline_local_scale
fault_windings_d04_d06_r026_s1200_t52,1200,52,windings,D04,D06,2.3000000000000007,3,231.3580193983039,3,3,True,True,True,2,104.80414597702388,0,0,False,False,True,6,75.9760986588192,0,0,False,False,True,,,True,True,False,False,spline_local_scale
fault_windings_d04_d06_r026_s1200_t64,1200,64,windings,D04,D06,2.3000000000000007,3,141.20255525811035,1,1,True,True,True,2,200.7502487559189,1,1,True,True,True,6,145.84795222722695,1,1,True,True,True,1.0,0.4,False,True,True,False,spline_local_scale
fault_windings_d04_d06_r026_s1200_t80,1200,80,windings,D04,D06,2.3000000000000007,3,104.60897551685655,0,0,False,False,True,2,112.09641161071806,0,0,False,False,True,6,161.03791161850143,4,4,True,True,True,,,True,False,False,False,spline_local_scale
fault_windings_d04_d06_r026_s1500_t52,1500,52,windings,D04,D06,2.3000000000000007,3,66.89248758058613,0,0,False,False,True,2,64.36254055421435,0,0,False,False,True,6,698.0924593857183,2,2,True,True,True,,,True,False,False,False,spline_local_scale
fault_windings_d04_d06_r026_s1500_t64,1500,64,windings,D04,D06,2.3000000000000007,3,180.03005133291842,1,1,True,True,True,2,203.73551498273017,2,2,True,True,True,6,300.8882488371066,5,5,True,True,True,0.0,0.2,False,True,True,False,spline_local_scale
fault_windings_d04_d06_r026_s1500_t80,1500,80,windings,D04,D06,2.3000000000000007,3,285.82100903334293,3,3,True,True,True,2,336.48386811416924,2,2,True,True,True,6,341.4531466378213,6,6,True,True,True,0.0,0.2,False,True,True,False,spline_local_scale
fault_windings_d04_d06_r026_s1800_t52,1800,52,windings,D04,D06,2.3000000000000007,3,86.27077195509494,0,0,False,False,True,2,63.47755262110599,0,0,False,False,True,6,159.5000485645389,3,3,True,True,True,,,True,False,False,False,spline_local_scale
fault_windings_d04_d06_r026_s1800_t64,1800,64,windings,D04,D06,2.3000000000000007,3,105.90453080716519,0,0,False,False,True,2,124.28785968588043,1,1,True,True,True,6,69.245341309842,0,0,False,False,True,0.0,0.2,False,False,True,False,spline_local_scale
fault_windings_d04_d06_r026_s1800_t80,1800,80,windings,D04,D06,2.3000000000000007,3,48.65884036492811,0,0,False,False,True,2,184.30259230939296,1,1,True,True,True,6,71.82934654443466,0,0,False,False,True,0.0,0.2,False,False,True,False,spline_local_scale
fault_windings_d04_d07_r026_s1200_t52,1200,52,windings,D04,D07,9.7,3,81.55445312806478,0,0,False,False,True,2,298.0599672222475,2,2,True,True,True,6,374.97947027670864,5,5,True,True,True,0.0,0.2,False,False,True,False,spline_local_scale
fault_windings_d04_d07_r026_s1200_t64,1200,64,windings,D04,D07,9.7,3,36.59182067823936,0,0,False,False,True,2,164.58683280519182,1,1,True,True,True,6,597.3627778021437,4,4,True,True,True,1.0,0.4,False,False,True,False,spline_local_scale
fault_windings_d04_d07_r026_s1200_t80,1200,80,windings,D04,D07,9.7,3,207.88498849510762,1,1,True,True,True,2,694.5405089288705,1,1,True,True,True,6,356.5776546283885,1,1,True,True,True,1.0,0.4,False,True,True,False,spline_local_scale
fault_windings_d04_d07_r026_s1500_t52,1500,52,windings,D04,D07,9.7,3,36.107435822721705,0,0,False,False,True,2,265.80382600812993,1,1,True,True,True,6,229.74036309963898,4,4,True,True,True,1.0,0.4,False,False,True,False,spline_local_scale
fault_windings_d04_d07_r026_s1500_t64,1500,64,windings,D04,D07,9.7,3,111.933621126715,0,0,False,False,True,2,165.83184413646424,2,2,True,True,True,6,247.7984085147225,4,4,True,True,True,0.0,0.2,False,False,True,False,spline_local_scale
fault_windings_d04_d07_r026_s1500_t80,1500,80,windings,D04,D07,9.7,3,347.891775623529,3,3,True,True,True,2,388.01458572649415,2,2,True,True,True,6,427.5073716428493,6,6,True,True,True,0.0,0.2,False,True,True,False,spline_local_scale
fault_windings_d04_d07_r026_s1800_t52,1800,52,windings,D04,D07,9.7,3,22.309444140804683,0,0,False,False,True,2,130.00341288574504,1,1,True,True,True,6,69.7771057633662,0,0,False,False,True,1.0,0.4,False,False,True,False,spline_local_scale
fault_windings_d04_d07_r026_s1800_t64,1800,64,windings,D04,D07,9.7,3,61.274770583722855,0,0,False,False,True,2,151.4560544640336,1,1,True,True,True,6,174.19211103340314,1,1,True,True,True,1.0,0.4,False,False,True,False,spline_local_scale
fault_windings_d04_d07_r026_s1800_t80,1800,80,windings,D04,D07,9.7,3,21.327771516412486,0,0,False,False,True,2,188.727221265527,1,1,True,True,True,6,47.274274977978706,0,0,False,False,True,1.0,0.4,False,False,True,False,spline_local_scale
fault_windings_d11_d21_r026_s1200_t52,1200,52,windings,D11,D21,36.39999999999999,3,112.15507675855574,0,0,False,False,True,2,71916.7755732511,2,2,True,True,True,6,3345.612488351761,3,3,True,True,True,0.0,0.2,False,False,True,False,spline_local_scale
fault_windings_d11_d21_r026_s1200_t64,1200,64,windings,D11,D21,36.39999999999999,3,58.70294597265389,0,0,False,False,True,2,52043.901564767926,2,2,True,True,True,6,1607.0036443603447,2,2,True,True,True,0.0,0.2,False,False,True,False,spline_local_scale
fault_windings_d11_d21_r026_s1200_t80,1200,80,windings,D11,D21,36.39999999999999,3,20.811464833971527,0,0,False,False,True,2,26208.032024682423,2,2,True,True,True,6,2086.6446556859846,2,2,True,True,True,0.0,0.2,False,False,True,False,spline_local_scale
fault_windings_d11_d21_r026_s1500_t52,1500,52,windings,D11,D21,36.39999999999999,3,90.32458935063991,0,0,False,False,True,2,164109.88035340898,2,2,True,True,True,6,6597.478949266383,2,2,True,True,True,0.0,0.2,False,False,True,False,spline_local_scale
fault_windings_d11_d21_r026_s1500_t64,1500,64,windings,D11,D21,36.39999999999999,3,81.18308085351433,0,0,False,False,True,2,203315.74567893453,2,2,True,True,True,6,3253.6284699766165,4,4,True,True,True,0.0,0.2,False,False,True,False,spline_local_scale
fault_windings_d11_d21_r026_s1500_t80,1500,80,windings,D11,D21,36.39999999999999,3,281.42904070187944,3,3,True,True,True,2,157345.9732416359,2,2,True,True,True,6,3566.18699368995,6,6,True,True,True,0.0,0.2,False,True,True,False,spline_local_scale
fault_windings_d11_d21_r026_s1800_t52,1800,52,windings,D11,D21,36.39999999999999,3,145.47391123915216,1,1,True,True,True,2,213935.73623200622,2,2,True,True,True,6,17452.133285893302,3,3,True,True,True,0.0,0.2,False,True,True,False,spline_local_scale
fault_windings_d11_d21_r026_s1800_t64,1800,64,windings,D11,D21,36.39999999999999,3,22.20181164709895,0,0,False,False,True,2,387488.1920041101,2,2,True,True,True,6,8805.713866271002,2,2,True,True,True,0.0,0.2,False,False,True,False,spline_local_scale
fault_windings_d11_d21_r026_s1800_t80,1800,80,windings,D11,D21,36.39999999999999,3,30.038893458447205,0,0,False,False,True,2,349791.8938932693,2,2,True,True,True,6,14496.849146948156,2,2,True,True,True,0.0,0.2,False,False,True,False,spline_local_scale
fault_windings_d11_d22_r026_s1200_t52,1200,52,windings,D11,D22,40.2,3,77.89706668378795,0,0,False,False,True,2,191689.76900305046,2,2,True,True,True,6,3802.4117447521326,3,3,True,True,True,0.0,0.2,False,False,True,False,spline_local_scale
fault_windings_d11_d22_r026_s1200_t64,1200,64,windings,D11,D22,40.2,3,17.609947882282018,0,0,False,False,True,2,104386.66547275905,2,2,True,True,True,6,3569.389202464471,3,3,True,True,True,0.0,0.2,False,False,True,False,spline_local_scale
fault_windings_d11_d22_r026_s1200_t80,1200,80,windings,D11,D22,40.2,3,26.62585283523253,0,0,False,False,True,2,68298.00310259947,2,2,True,True,True,6,4305.232178790873,2,2,True,True,True,0.0,0.2,False,False,True,False,spline_local_scale
fault_windings_d11_d22_r026_s1500_t52,1500,52,windings,D11,D22,40.2,3,76.41394569377321,0,0,False,False,True,2,244708.26067559666,2,2,True,True,True,6,4821.776392132641,3,3,True,True,True,0.0,0.2,False,False,True,False,spline_local_scale
fault_windings_d11_d22_r026_s1500_t64,1500,64,windings,D11,D22,40.2,3,154.4644659790727,1,1,True,True,True,2,331449.81291387137,2,2,True,True,True,6,6041.902293640307,5,5,True,True,True,0.0,0.2,False,True,True,False,spline_local_scale
fault_windings_d11_d22_r026_s1500_t80,1500,80,windings,D11,D22,40.2,3,321.347409514543,3,3,True,True,True,2,247100.24423452374,2,2,True,True,True,6,9616.766162246997,6,6,True,True,True,0.0,0.2,False,True,True,False,spline_local_scale
fault_windings_d11_d22_r026_s1800_t52,1800,52,windings,D11,D22,40.2,3,37.1557861896808,0,0,False,False,True,2,103117.60569339375,2,2,True,True,True,6,10357.25160962584,3,3,True,True,True,0.0,0.2,False,False,True,False,spline_local_scale
fault_windings_d11_d22_r026_s1800_t64,1800,64,windings,D11,D22,40.2,3,34.16770685449795,0,0,False,False,True,2,427652.2808409906,2,2,True,True,True,6,12896.270402470316,2,2,True,True,True,0.0,0.2,False,False,True,False,spline_local_scale
fault_windings_d11_d22_r026_s1800_t80,1800,80,windings,D11,D22,40.2,3,30.736092659989446,0,0,False,False,True,2,870978.391255219,2,2,True,True,True,6,22198.68407671028,2,2,True,True,True,0.0,0.2,False,False,True,False,spline_local_scale
fault_windings_d12_d21_r026_s1200_t52,1200,52,windings,D12,D21,33.7,3,99.10804713019819,0,0,False,False,True,2,33913.98011642981,2,2,True,True,True,6,1783.6780295124015,3,3,True,True,True,0.0,0.2,False,False,True,False,spline_local_scale
fault_windings_d12_d21_r026_s1200_t64,1200,64,windings,D12,D21,33.7,3,30.386127033373928,0,0,False,False,True,2,26066.868510771546,2,2,True,True,True,6,1167.1119483361615,2,2,True,True,True,0.0,0.2,False,False,True,False,spline_local_scale
fault_windings_d12_d21_r026_s1200_t80,1200,80,windings,D12,D21,33.7,3,44.66987768809003,0,0,False,False,True,2,10596.962934352716,2,2,True,True,True,6,1773.9383038052997,2,2,True,True,True,0.0,0.2,False,False,True,False,spline_local_scale
fault_windings_d12_d21_r026_s1500_t52,1500,52,windings,D12,D21,33.7,3,95.3703035214793,0,0,False,False,True,2,150384.99881062945,2,2,True,True,True,6,3684.803523603583,3,3,True,True,True,0.0,0.2,False,False,True,False,spline_local_scale
fault_windings_d12_d21_r026_s1500_t64,1500,64,windings,D12,D21,33.7,3,105.1379468334046,0,0,False,False,True,2,100245.15773247744,2,2,True,True,True,6,2689.8281714179357,2,2,True,True,True,0.0,0.2,False,False,True,False,spline_local_scale
fault_windings_d12_d21_r026_s1500_t80,1500,80,windings,D12,D21,33.7,3,302.07654443585704,3,3,True,True,True,2,76163.97681438203,2,2,True,True,True,6,1524.7433460890802,6,6,True,True,True,0.0,0.2,False,True,True,False,spline_local_scale
fault_windings_d12_d21_r026_s1800_t52,1800,52,windings,D12,D21,33.7,3,26.538314588457986,0,0,False,False,True,2,300561.77105852216,2,2,True,True,True,6,6427.192524772277,2,2,True,True,True,0.0,0.2,False,False,True,False,spline_local_scale
fault_windings_d12_d21_r026_s1800_t64,1800,64,windings,D12,D21,33.7,3,12.8238340541732,0,0,False,False,True,2,304164.9783325024,2,2,True,True,True,6,2716.1861207828615,2,2,True,True,True,0.0,0.2,False,False,True,False,spline_local_scale
fault_windings_d12_d21_r026_s1800_t80,1800,80,windings,D12,D21,33.7,3,25.36148228838827,0,0,False,False,True,2,166446.17477024248,2,2,True,True,True,6,6085.128450882385,2,2,True,True,True,0.0,0.2,False,False,True,False,spline_local_scale
fault_windings_d12_d22_r026_s1200_t52,1200,52,windings,D12,D22,37.50000000000001,3,41.35180167714257,0,0,False,False,True,2,82742.6900358952,2,2,True,True,True,6,2920.3213677900335,3,3,True,True,True,0.0,0.2,False,False,True,False,spline_local_scale
fault_windings_d12_d22_r026_s1200_t64,1200,64,windings,D12,D22,37.50000000000001,3,18.774697368046276,0,0,False,False,True,2,72139.58073362052,2,2,True,True,True,6,2236.1677972664656,2,2,True,True,True,0.0,0.2,False,False,True,False,spline_local_scale
fault_windings_d12_d22_r026_s1200_t80,1200,80,windings,D12,D22,37.50000000000001,3,56.33056200013327,0,0,False,False,True,2,25377.171392777367,2,2,True,True,True,6,2043.4713350040133,2,2,True,True,True,0.0,0.2,False,False,True,False,spline_local_scale
fault_windings_d12_d22_r026_s1500_t52,1500,52,windings,D12,D22,37.50000000000001,3,52.156197315301064,0,0,False,False,True,2,166707.13355094052,2,2,True,True,True,6,3725.471471537454,2,2,True,True,True,0.0,0.2,False,False,True,False,spline_local_scale
fault_windings_d12_d22_r026_s1500_t64,1500,64,windings,D12,D22,37.50000000000001,3,92.18919584702164,0,0,False,False,True,2,202460.9604437605,2,2,True,True,True,6,3760.69973484209,3,3,True,True,True,0.0,0.2,False,False,True,False,spline_local_scale
fault_windings_d12_d22_r026_s1500_t80,1500,80,windings,D12,D22,37.50000000000001,3,345.57618943467014,3,3,True,True,True,2,154625.45889385714,2,2,True,True,True,6,6569.85404890449,6,6,True,True,True,0.0,0.2,False,True,True,False,spline_local_scale
fault_windings_d12_d22_r026_s1800_t52,1800,52,windings,D12,D22,37.50000000000001,3,18.47647172180924,0,0,False,False,True,2,189959.67503902025,2,2,True,True,True,6,8316.837121595585,2,2,True,True,True,0.0,0.2,False,False,True,False,spline_local_scale
fault_windings_d12_d22_r026_s1800_t64,1800,64,windings,D12,D22,37.50000000000001,3,22.66489746807399,0,0,False,False,True,2,418845.3637200674,2,2,True,True,True,6,11638.380586757927,2,2,True,True,True,0.0,0.2,False,False,True,False,spline_local_scale
fault_windings_d12_d22_r026_s1800_t80,1800,80,windings,D12,D22,37.50000000000001,3,28.779918076986945,0,0,False,False,True,2,413127.25376458,2,2,True,True,True,6,11985.606721018314,2,2,True,True,True,0.0,0.2,False,False,True,False,spline_local_scale
fault_windings_d13_d18_r026_s1200_t52,1200,52,windings,D13,D18,14.799999999999995,3,69.02357814528733,0,0,False,False,True,2,166.90971154364033,2,2,True,True,True,6,199.00627900346615,2,2,True,True,True,0.0,0.2,False,False,True,False,spline_local_scale
fault_windings_d13_d18_r026_s1200_t64,1200,64,windings,D13,D18,14.799999999999995,3,62.52052721218992,0,0,False,False,True,2,148.79972247031856,1,1,True,True,True,6,63.99225044568849,0,0,False,False,True,1.0,0.4,False,False,True,False,spline_local_scale
fault_windings_d13_d18_r026_s1200_t80,1200,80,windings,D13,D18,14.799999999999995,3,28.684142844807763,0,0,False,False,True,2,206.46368877752548,1,1,True,True,True,6,29.916406299798346,0,0,False,False,True,1.0,0.4,False,False,True,False,spline_local_scale
fault_windings_d13_d18_r026_s1500_t52,1500,52,windings,D13,D18,14.799999999999995,3,60.09123506430006,0,0,False,False,True,2,382.9150363204046,2,2,True,True,True,6,80.98566844039196,0,0,False,False,True,0.0,0.2,False,False,True,False,spline_local_scale
fault_windings_d13_d18_r026_s1500_t64,1500,64,windings,D13,D18,14.799999999999995,3,105.89668220067426,0,0,False,False,True,2,339.52182826631906,2,2,True,True,True,6,127.8263057291507,1,1,True,True,True,0.0,0.2,False,False,True,False,spline_local_scale
fault_windings_d13_d18_r026_s1500_t80,1500,80,windings,D13,D18,14.799999999999995,3,294.74477366212585,3,3,True,True,True,2,674.1070023940647,2,2,True,True,True,6,314.34814513161564,6,6,True,True,True,0.0,0.2,False,True,True,False,spline_local_scale
fault_windings_d13_d18_r026_s1800_t52,1800,52,windings,D13,D18,14.799999999999995,3,27.383563914634586,0,0,False,False,True,2,375.55036656781715,2,2,True,True,True,6,143.75093749829784,1,1,True,True,True,0.0,0.2,False,False,True,False,spline_local_scale
fault_windings_d13_d18_r026_s1800_t64,1800,64,windings,D13,D18,14.799999999999995,3,44.36290934886679,0,0,False,False,True,2,415.8831921450504,2,2,True,True,True,6,20.893973913907864,0,0,False,False,True,0.0,0.2,False,False,True,False,spline_local_scale
fault_windings_d13_d18_r026_s1800_t80,1800,80,windings,D13,D18,14.799999999999995,3,18.317649147450204,0,0,False,False,True,2,522.9302351267763,2,2,True,True,True,6,49.30635287564085,0,0,False,False,True,0.0,0.2,False,False,True,False,spline_local_scale
fault_windings_d13_d19_r026_s1200_t52,1200,52,windings,D13,D19,22.200000000000003,3,63.436896443988715,0,0,False,False,True,2,2393.6799306838716,2,2,True,True,True,6,89.97212990985119,0,0,False,False,True,0.0,0.2,False,False,True,False,spline_local_scale
fault_windings_d13_d19_r026_s1200_t64,1200,64,windings,D13,D19,22.200000000000003,3,48.372244041498874,0,0,False,False,True,2,724.3155174263269,1,1,True,True,True,6,120.34485426410245,0,0,False,False,True,1.0,0.4,False,False,True,False,spline_local_scale
fault_windings_d13_d19_r026_s1200_t80,1200,80,windings,D13,D19,22.200000000000003,3,26.538191738739883,0,0,False,False,True,2,652.1355456467188,1,1,True,True,True,6,210.54855333730885,1,1,True,True,True,1.0,0.4,False,False,True,False,spline_local_scale
fault_windings_d13_d19_r026_s1500_t52,1500,52,windings,D13,D19,22.200000000000003,3,79.61573392514781,0,0,False,False,True,2,3116.918071404906,2,2,True,True,True,6,123.37326462791691,1,1,True,True,True,0.0,0.2,False,False,True,False,spline_local_scale
fault_windings_d13_d19_r026_s1500_t64,1500,64,windings,D13,D19,22.200000000000003,3,114.21977951775517,0,0,False,False,True,2,1904.3842823174045,2,2,True,True,True,6,220.14957997588365,1,1,True,True,True,0.0,0.2,False,False,True,False,spline_local_scale
fault_windings_d13_d19_r026_s1500_t80,1500,80,windings,D13,D19,22.200000000000003,3,329.7513798808439,3,3,True,True,True,2,2800.2780664736206,2,2,True,True,True,6,350.38607767517703,6,6,True,True,True,0.0,0.2,False,True,True,False,spline_local_scale
fault_windings_d13_d19_r026_s1800_t52,1800,52,windings,D13,D19,22.200000000000003,3,13.414414193601896,0,0,False,False,True,2,6651.646213190932,2,2,True,True,True,6,453.8827865075762,1,1,True,True,True,0.0,0.2,False,False,True,False,spline_local_scale
fault_windings_d13_d19_r026_s1800_t64,1800,64,windings,D13,D19,22.200000000000003,3,47.20362627926802,0,0,False,False,True,2,4650.359359261411,2,2,True,True,True,6,229.49453786231965,1,1,True,True,True,0.0,0.2,False,False,True,False,spline_local_scale
fault_windings_d13_d19_r026_s1800_t80,1800,80,windings,D13,D19,22.200000000000003,3,33.05304857527193,0,0,False,False,True,2,5509.044816878858,2,2,True,True,True,6,210.34711580634178,1,1,True,True,True,0.0,0.2,False,False,True,False,spline_local_scale
fault_windings_d16_d18_r026_s1200_t52,1200,52,windings,D16,D18,3.199999999999996,3,109.30422806681547,0,0,False,False,True,2,250.50231091994843,2,2,True,True,True,6,195.95611938499468,3,3,True,True,True,0.0,0.2,False,False,True,False,spline_local_scale
fault_windings_d16_d18_r026_s1200_t64,1200,64,windings,D16,D18,3.199999999999996,3,168.8375841696724,1,1,True,True,True,2,196.11256024167295,1,1,True,True,True,6,503.65244348545957,6,6,True,True,True,1.0,0.4,False,True,True,False,spline_local_scale
fault_windings_d16_d18_r026_s1200_t80,1200,80,windings,D16,D18,3.199999999999996,3,354.4059348710051,3,3,True,True,True,2,102.14906208761276,0,0,False,False,True,6,194.61860922805158,2,2,True,True,True,,,True,True,False,False,spline_local_scale
fault_windings_d16_d18_r026_s1500_t52,1500,52,windings,D16,D18,3.199999999999996,3,51.39034359377888,0,0,False,False,True,2,47.7697948642228,0,0,False,False,True,6,229.5915374884142,1,1,True,True,True,,,True,False,False,False,spline_local_scale
fault_windings_d16_d18_r026_s1500_t64,1500,64,windings,D16,D18,3.199999999999996,3,126.72759602028367,1,1,True,True,True,2,111.50483027776487,0,0,False,False,True,6,287.70773292898485,6,6,True,True,True,,,True,True,False,False,spline_local_scale
fault_windings_d16_d18_r026_s1500_t80,1500,80,windings,D16,D18,3.199999999999996,3,339.90554242506187,3,3,True,True,True,2,375.41303691763335,2,2,True,True,True,6,347.68141783677555,6,6,True,True,True,0.0,0.2,False,True,True,False,spline_local_scale
fault_windings_d16_d18_r026_s1800_t52,1800,52,windings,D16,D18,3.199999999999996,3,67.2345452948088,0,0,False,False,True,2,30.494580685983024,0,0,False,False,True,6,51.912570287099705,0,0,False,False,True,,,True,False,False,False,spline_local_scale
fault_windings_d16_d18_r026_s1800_t64,1800,64,windings,D16,D18,3.199999999999996,3,38.80709814932698,0,0,False,False,True,2,33.86169827772309,0,0,False,False,True,6,53.73679860390976,0,0,False,False,True,,,True,False,False,False,spline_local_scale
fault_windings_d16_d18_r026_s1800_t80,1800,80,windings,D16,D18,3.199999999999996,3,51.384766819138555,0,0,False,False,True,2,45.82121150347154,0,0,False,False,True,6,76.4715025314794,0,0,False,False,True,,,True,False,False,False,spline_local_scale
fault_windings_d16_d19_r026_s1200_t52,1200,52,windings,D16,D19,10.6,3,284.0171348833346,2,2,True,True,True,2,629.7898001172834,2,2,True,True,True,6,345.74884136654856,6,6,True,True,True,0.0,0.2,False,True,True,False,spline_local_scale
fault_windings_d16_d19_r026_s1200_t64,1200,64,windings,D16,D19,10.6,3,124.66376346098322,1,1,True,True,True,2,85.63719298845706,0,0,False,False,True,6,107.54427996984354,0,0,False,False,True,,,True,True,False,False,spline_local_scale
fault_windings_d16_d19_r026_s1200_t80,1200,80,windings,D16,D19,10.6,3,74.98630016913557,0,0,False,False,True,2,62.73513273159578,0,0,False,False,True,6,165.048050087465,1,1,True,True,True,,,True,False,False,False,spline_local_scale
fault_windings_d16_d19_r026_s1500_t52,1500,52,windings,D16,D19,10.6,3,247.66162849723338,2,2,True,True,True,2,412.5401002448434,1,1,True,True,True,6,144.2754967360506,1,1,True,True,True,1.0,0.4,False,True,True,False,spline_local_scale
fault_windings_d16_d19_r026_s1500_t64,1500,64,windings,D16,D19,10.6,3,164.09269545528434,3,3,True,True,True,2,161.43039816433554,2,2,True,True,True,6,120.82825718068833,1,1,True,True,True,0.0,0.2,False,True,True,False,spline_local_scale
fault_windings_d16_d19_r026_s1500_t80,1500,80,windings,D16,D19,10.6,3,359.86712576479545,3,3,True,True,True,2,438.80435683283804,2,2,True,True,True,6,397.2413637770968,6,6,True,True,True,0.0,0.2,False,True,True,False,spline_local_scale
fault_windings_d16_d19_r026_s1800_t52,1800,52,windings,D16,D19,10.6,3,125.21741899299863,1,1,True,True,True,2,113.63782541183613,0,0,False,False,True,6,710.7726810461287,2,2,True,True,True,,,True,True,False,False,spline_local_scale
fault_windings_d16_d19_r026_s1800_t64,1800,64,windings,D16,D19,10.6,3,206.6408958213778,1,1,True,True,True,2,110.65565296202385,0,0,False,False,True,6,112.03717171308182,0,0,False,False,True,,,True,True,False,False,spline_local_scale
fault_windings_d16_d19_r026_s1800_t80,1800,80,windings,D16,D19,10.6,3,41.67232780754429,0,0,False,False,True,2,152.08993884942876,1,1,True,True,True,6,62.5434194766785,0,0,False,False,True,1.0,0.4,False,False,True,False,spline_local_scale
fault_turns_d01_d04_r026_s1200_t52,1200,52,turns,D01,D04,12.04,3,0.5835343647108682,2,2,True,True,True,2,0.6138960857856057,1,1,True,True,True,6,0.5111801175994064,0,0,False,False,True,1.0,0.4,False,True,True,False,isolation_forest
fault_turns_d01_d04_r026_s1200_t64,1200,64,turns,D01,D04,12.04,3,0.5480627894950215,1,1,True,True,True,2,0.5703754727374967,2,2,True,True,True,6,0.5417793192749306,2,2,True,True,True,0.0,0.2,False,True,True,False,isolation_forest
fault_turns_d01_d04_r026_s1200_t80,1200,80,turns,D01,D04,12.04,3,0.5272533084697226,0,0,False,False,True,2,0.5382867956951554,0,0,False,False,True,6,0.533598985821584,0,0,False,False,True,,,True,False,False,False,isolation_forest
fault_turns_d01_d04_r026_s1500_t52,1500,52,turns,D01,D04,12.04,3,0.5379065743352419,0,0,False,False,True,2,0.5901383819336096,2,2,True,True,True,6,0.5665819064288896,4,4,True,True,True,0.0,0.2,False,False,True,False,isolation_forest
fault_turns_d01_d04_r026_s1500_t64,1500,64,turns,D01,D04,12.04,3,0.5157457636158729,0,0,False,False,True,2,0.558608836562466,2,2,True,True,True,6,0.5328346409382156,0,0,False,False,True,0.0,0.2,False,False,True,False,isolation_forest
fault_turns_d01_d04_r026_s1500_t80,1500,80,turns,D01,D04,12.04,3,0.5392484404103094,0,0,False,False,True,2,0.5496707796663247,1,1,True,True,True,6,0.5290569709819383,0,0,False,False,True,1.0,0.4,False,False,True,False,isolation_forest
fault_turns_d01_d04_r026_s1800_t52,1800,52,turns,D01,D04,12.04,3,0.5525849145992188,2,2,True,True,True,2,0.6339578791728755,2,2,True,True,True,6,0.6489187606386121,3,3,True,True,True,0.0,0.2,False,True,True,False,isolation_forest
fault_turns_d01_d04_r026_s1800_t64,1800,64,turns,D01,D04,12.04,3,0.5538976407632029,1,1,True,True,True,2,0.6286981728801777,2,2,True,True,True,6,0.5444434560500218,1,1,True,True,True,0.0,0.2,False,True,True,False,isolation_forest
fault_turns_d01_d04_r026_s1800_t80,1800,80,turns,D01,D04,12.04,3,0.5112507182566457,0,0,False,False,True,2,0.5639290504422998,2,2,True,True,True,6,0.5626904822177122,6,6,True,True,True,0.0,0.2,False,False,True,False,isolation_forest
fault_turns_d02_d03_r026_s1200_t52,1200,52,turns,D02,D03,7.689999999999999,3,0.5166720548581957,0,0,False,False,True,2,0.5674487387942174,2,2,True,True,True,6,0.5154159245002983,0,0,False,False,True,0.0,0.2,False,False,True,False,isolation_forest
fault_turns_d02_d03_r026_s1200_t64,1200,64,turns,D02,D03,7.689999999999999,3,0.5224622797272218,0,0,False,False,True,2,0.5188590055742454,0,0,False,False,True,6,0.5191792814964726,0,0,False,False,True,,,True,False,False,False,isolation_forest
fault_turns_d02_d03_r026_s1200_t80,1200,80,turns,D02,D03,7.689999999999999,3,0.5365490874741192,0,0,False,False,True,2,0.5198753474831848,0,0,False,False,True,6,0.508534630121078,0,0,False,False,True,,,True,False,False,False,isolation_forest
fault_turns_d02_d03_r026_s1500_t52,1500,52,turns,D02,D03,7.689999999999999,3,0.5485277190065536,2,2,True,True,True,2,0.5575012950821655,2,2,True,True,True,6,0.5530937066881036,4,4,True,True,True,0.0,0.2,False,True,True,False,isolation_forest
fault_turns_d02_d03_r026_s1500_t64,1500,64,turns,D02,D03,7.689999999999999,3,0.5257294835127215,0,0,False,False,True,2,0.5405858539194216,0,0,False,False,True,6,0.5221244591164773,0,0,False,False,True,,,True,False,False,False,isolation_forest
fault_turns_d02_d03_r026_s1500_t80,1500,80,turns,D02,D03,7.689999999999999,3,0.5499022919156004,2,2,True,True,True,2,0.5337587741430656,0,0,False,False,True,6,0.5365515818497187,0,0,False,False,True,,,True,True,False,False,isolation_forest
fault_turns_d02_d03_r026_s1800_t52,1800,52,turns,D02,D03,7.689999999999999,3,0.5451458606693586,1,1,True,True,True,2,0.5740801101665093,2,2,True,True,True,6,0.5732369722289418,2,2,True,True,True,0.0,0.2,False,True,True,False,isolation_forest
fault_turns_d02_d03_r026_s1800_t64,1800,64,turns,D02,D03,7.689999999999999,3,0.5264981862259676,0,0,False,False,True,2,0.5438390975290636,1,1,True,True,True,6,0.5479372467675806,1,1,True,True,True,1.0,0.4,False,False,True,False,isolation_forest
fault_turns_d02_d03_r026_s1800_t80,1800,80,turns,D02,D03,7.689999999999999,3,0.5223933336083236,0,0,False,False,True,2,0.532217081311121,0,0,False,False,True,6,0.5179274150411018,0,0,False,False,True,,,True,False,False,False,isolation_forest
fault_turns_d05_d08_r026_s1200_t52,1200,52,turns,D05,D08,12.1,3,0.5665325428298384,2,2,True,True,True,2,0.5777329525579215,1,1,True,True,True,6,0.555160658426352,1,1,True,True,True,1.0,0.4,False,True,True,False,isolation_forest
fault_turns_d05_d08_r026_s1200_t64,1200,64,turns,D05,D08,12.1,3,0.5020590728786344,0,0,False,False,True,2,0.5338053186544601,0,0,False,False,True,6,0.5133857076757441,0,0,False,False,True,,,True,False,False,False,isolation_forest
fault_turns_d05_d08_r026_s1200_t80,1200,80,turns,D05,D08,12.1,3,0.5109187428087006,0,0,False,False,True,2,0.5152544191357796,0,0,False,False,True,6,0.501609380450676,0,0,False,False,True,,,True,False,False,False,isolation_forest
fault_turns_d05_d08_r026_s1500_t52,1500,52,turns,D05,D08,12.1,3,0.6016793548182627,2,2,True,True,True,2,0.6114673383258971,2,2,True,True,True,6,0.5850838912999695,4,4,True,True,True,0.0,0.2,False,True,True,False,isolation_forest
fault_turns_d05_d08_r026_s1500_t64,1500,64,turns,D05,D08,12.1,3,0.522539889319573,0,0,False,False,True,2,0.5774149129535315,1,1,True,True,True,6,0.5689103068370368,1,1,True,True,True,1.0,0.4,False,False,True,False,isolation_forest
fault_turns_d05_d08_r026_s1500_t80,1500,80,turns,D05,D08,12.1,3,0.5379425083452674,0,0,False,False,True,2,0.5471503239952964,2,2,True,True,True,6,0.6214891250508818,4,4,True,True,True,0.0,0.2,False,False,True,False,isolation_forest
fault_turns_d05_d08_r026_s1800_t52,1800,52,turns,D05,D08,12.1,3,0.5331347579918894,0,0,False,False,True,2,0.638563437944462,2,2,True,True,True,6,0.6050939940054373,4,4,True,True,True,0.0,0.2,False,False,True,False,isolation_forest
fault_turns_d05_d08_r026_s1800_t64,1800,64,turns,D05,D08,12.1,3,0.5445244894984584,1,1,True,True,True,2,0.5673350857142619,2,2,True,True,True,6,0.5774283374687981,2,2,True,True,True,0.0,0.2,False,True,True,False,isolation_forest
fault_turns_d05_d08_r026_s1800_t80,1800,80,turns,D05,D08,12.1,3,0.5195840261979504,0,0,False,False,True,2,0.5558270078932132,1,1,True,True,True,6,0.5432856331904948,1,1,True,True,True,1.0,0.4,False,False,True,False,isolation_forest
fault_turns_d06_d07_r026_s1200_t52,1200,52,turns,D06,D07,7.399999999999999,3,0.5060582960813674,0,0,False,False,True,2,0.516962499102306,0,0,False,False,True,6,0.4981811322301741,0,0,False,False,True,,,True,False,False,False,isolation_forest
fault_turns_d06_d07_r026_s1200_t64,1200,64,turns,D06,D07,7.399999999999999,3,0.5367822521957123,0,0,False,False,True,2,0.5191950260143283,0,0,False,False,True,6,0.5190702720659786,0,0,False,False,True,,,True,False,False,False,isolation_forest
fault_turns_d06_d07_r026_s1200_t80,1200,80,turns,D06,D07,7.399999999999999,3,0.5098570113400708,0,0,False,False,True,2,0.5382399468828608,0,0,False,False,True,6,0.5221451996571893,0,0,False,False,True,,,True,False,False,False,isolation_forest
fault_turns_d06_d07_r026_s1500_t52,1500,52,turns,D06,D07,7.399999999999999,3,0.5500979184010253,2,2,True,True,True,2,0.5627500100239119,1,1,True,True,True,6,0.5461991505449286,3,3,True,True,True,1.0,0.4,False,True,True,False,isolation_forest
fault_turns_d06_d07_r026_s1500_t64,1500,64,turns,D06,D07,7.399999999999999,3,0.5296320130447018,0,0,False,False,True,2,0.5382115581411138,0,0,False,False,True,6,0.5320237279614459,0,0,False,False,True,,,True,False,False,False,isolation_forest
fault_turns_d06_d07_r026_s1500_t80,1500,80,turns,D06,D07,7.399999999999999,3,0.5447471991422862,1,1,True,True,True,2,0.5398588446031747,0,0,False,False,True,6,0.5256607977372387,0,0,False,False,True,,,True,True,False,False,isolation_forest
fault_turns_d06_d07_r026_s1800_t52,1800,52,turns,D06,D07,7.399999999999999,3,0.5637439069082669,2,2,True,True,True,2,0.5501562684098024,1,1,True,True,True,6,0.5601807624815794,2,2,True,True,True,1.0,0.4,False,True,True,False,isolation_forest
fault_turns_d06_d07_r026_s1800_t64,1800,64,turns,D06,D07,7.399999999999999,3,0.5493400031179609,2,2,True,True,True,2,0.5312287471979191,0,0,False,False,True,6,0.5431366935169305,2,2,True,True,True,,,True,True,False,False,isolation_forest
fault_turns_d06_d07_r026_s1800_t80,1800,80,turns,D06,D07,7.399999999999999,3,0.5192037477596199,0,0,False,False,True,2,0.5228567625299783,0,0,False,False,True,6,0.5138146940706488,0,0,False,False,True,,,True,False,False,False,isolation_forest
fault_turns_d09_d10_r026_s1200_t52,1200,52,turns,D09,D10,2.799999999999997,3,0.5149911797373862,0,0,False,False,True,2,0.5316486771372158,0,0,False,False,True,6,0.5292849908755768,0,0,False,False,True,,,True,False,False,False,isolation_forest
fault_turns_d09_d10_r026_s1200_t64,1200,64,turns,D09,D10,2.799999999999997,3,0.5212014094994946,0,0,False,False,True,2,0.495401024942564,0,0,False,False,True,6,0.5287908579515993,0,0,False,False,True,,,True,False,False,False,isolation_forest
fault_turns_d09_d10_r026_s1200_t80,1200,80,turns,D09,D10,2.799999999999997,3,0.5433623692880348,1,1,True,True,True,2,0.5252578207312014,0,0,False,False,True,6,0.5443210733871491,1,1,True,True,True,,,True,True,False,False,isolation_forest
fault_turns_d09_d10_r026_s1500_t52,1500,52,turns,D09,D10,2.799999999999997,3,0.5591572950971623,3,3,True,True,True,2,0.5782427141643321,2,2,True,True,True,6,0.5755416729345931,6,6,True,True,True,0.0,0.2,False,True,True,False,isolation_forest
fault_turns_d09_d10_r026_s1500_t64,1500,64,turns,D09,D10,2.799999999999997,3,0.5306691858386942,0,0,False,False,True,2,0.5049402780225132,0,0,False,False,True,6,0.5225905716853049,0,0,False,False,True,,,True,False,False,False,isolation_forest
fault_turns_d09_d10_r026_s1500_t80,1500,80,turns,D09,D10,2.799999999999997,3,0.5398529791475661,0,0,False,False,True,2,0.5310498136635875,0,0,False,False,True,6,0.5343122919202425,0,0,False,False,True,,,True,False,False,False,isolation_forest
fault_turns_d09_d10_r026_s1800_t52,1800,52,turns,D09,D10,2.799999999999997,3,0.5836268242246165,3,3,True,True,True,2,0.6036123009652402,2,2,True,True,True,6,0.5738926500000199,3,3,True,True,True,0.0,0.2,False,True,True,False,isolation_forest
fault_turns_d09_d10_r026_s1800_t64,1800,64,turns,D09,D10,2.799999999999997,3,0.5461458435870398,1,1,True,True,True,2,0.5475820992694944,1,1,True,True,True,6,0.5475352688382273,2,2,True,True,True,1.0,0.4,False,True,True,False,isolation_forest
fault_turns_d09_d10_r026_s1800_t80,1800,80,turns,D09,D10,2.799999999999997,3,0.5413372579753594,1,1,True,True,True,2,0.5100030266770159,0,0,False,False,True,6,0.5235280106306077,0,0,False,False,True,,,True,True,False,False,isolation_forest
fault_turns_d11_d12_r026_s1200_t52,1200,52,turns,D11,D12,2.699999999999996,3,0.5215407263651531,0,0,False,False,True,2,0.5377509904212069,0,0,False,False,True,6,0.5070067954046713,0,0,False,False,True,,,True,False,False,False,isolation_forest
fault_turns_d11_d12_r026_s1200_t64,1200,64,turns,D11,D12,2.699999999999996,3,0.5296248902537795,0,0,False,False,True,2,0.5005050321208029,0,0,False,False,True,6,0.5411288203733433,1,1,True,True,True,,,True,False,False,False,isolation_forest
fault_turns_d11_d12_r026_s1200_t80,1200,80,turns,D11,D12,2.699999999999996,3,0.5235540568914417,0,0,False,False,True,2,0.5297469694499005,0,0,False,False,True,6,0.5298818492219065,0,0,False,False,True,,,True,False,False,False,isolation_forest
fault_turns_d11_d12_r026_s1500_t52,1500,52,turns,D11,D12,2.699999999999996,3,0.5483234656667924,1,1,True,True,True,2,0.5527480752751998,1,1,True,True,True,6,0.559937733410132,5,5,True,True,True,1.0,0.4,False,True,True,False,isolation_forest
fault_turns_d11_d12_r026_s1500_t64,1500,64,turns,D11,D12,2.699999999999996,3,0.5335513813527822,0,0,False,False,True,2,0.528738566881332,0,0,False,False,True,6,0.524875176181528,0,0,False,False,True,,,True,False,False,False,isolation_forest
fault_turns_d11_d12_r026_s1500_t80,1500,80,turns,D11,D12,2.699999999999996,3,0.5459765124156075,1,1,True,True,True,2,0.521037268498001,0,0,False,False,True,6,0.5622773444344066,2,2,True,True,True,,,True,True,False,False,isolation_forest
fault_turns_d11_d12_r026_s1800_t52,1800,52,turns,D11,D12,2.699999999999996,3,0.5937951326823957,3,3,True,True,True,2,0.5580705508898565,1,1,True,True,True,6,0.6405150105402757,5,5,True,True,True,1.0,0.4,False,True,True,False,isolation_forest
fault_turns_d11_d12_r026_s1800_t64,1800,64,turns,D11,D12,2.699999999999996,3,0.5427039859600999,2,2,True,True,True,2,0.5480976719870475,1,1,True,True,True,6,0.6307851096557426,5,5,True,True,True,1.0,0.4,False,True,True,False,isolation_forest
fault_turns_d11_d12_r026_s1800_t80,1800,80,turns,D11,D12,2.699999999999996,3,0.5147390313232775,0,0,False,False,True,2,0.5073370820718188,0,0,False,False,True,6,0.529849927345873,0,0,False,False,True,,,True,False,False,False,isolation_forest
fault_turns_d13_d16_r026_s1200_t52,1200,52,turns,D13,D16,11.6,3,0.5301733514089427,0,0,False,False,True,2,0.5470178775663236,1,1,True,True,True,6,0.4995244932549662,0,0,False,False,True,1.0,0.4,False,False,True,False,isolation_forest
fault_turns_d13_d16_r026_s1200_t64,1200,64,turns,D13,D16,11.6,3,0.5144676797554786,0,0,False,False,True,2,0.5531978013998928,1,1,True,True,True,6,0.5062811907497471,0,0,False,False,True,0.0,0.2,False,False,True,False,isolation_forest
fault_turns_d13_d16_r026_s1200_t80,1200,80,turns,D13,D16,11.6,3,0.5266959735823933,0,0,False,False,True,2,0.5298029882714358,0,0,False,False,True,6,0.5201915023252307,0,0,False,False,True,,,True,False,False,False,isolation_forest
fault_turns_d13_d16_r026_s1500_t52,1500,52,turns,D13,D16,11.6,3,0.5511475136052914,3,3,True,True,True,2,0.6070072704427284,2,2,True,True,True,6,0.5526637637163239,1,1,True,True,True,0.0,0.2,False,True,True,False,isolation_forest
fault_turns_d13_d16_r026_s1500_t64,1500,64,turns,D13,D16,11.6,3,0.5126320035958654,0,0,False,False,True,2,0.5596668383396539,1,1,True,True,True,6,0.523324745775014,0,0,False,False,True,1.0,0.4,False,False,True,False,isolation_forest
fault_turns_d13_d16_r026_s1500_t80,1500,80,turns,D13,D16,11.6,3,0.5448254115146942,1,1,True,True,True,2,0.5289048965242847,0,0,False,False,True,6,0.5301314335032964,0,0,False,False,True,,,True,True,False,False,isolation_forest
fault_turns_d13_d16_r026_s1800_t52,1800,52,turns,D13,D16,11.6,3,0.5678391803831471,2,2,True,True,True,2,0.6278984460337431,2,2,True,True,True,6,0.5711381370150135,2,2,True,True,True,0.0,0.2,False,True,True,False,isolation_forest
fault_turns_d13_d16_r026_s1800_t64,1800,64,turns,D13,D16,11.6,3,0.5366934552112017,0,0,False,False,True,2,0.5557274638298633,2,2,True,True,True,6,0.5342738136940852,0,0,False,False,True,0.0,0.2,False,False,True,False,isolation_forest
fault_turns_d13_d16_r026_s1800_t80,1800,80,turns,D13,D16,11.6,3,0.5309266082226416,0,0,False,False,True,2,0.565282294385062,1,1,True,True,True,6,0.553264680142001,1,1,True,True,True,1.0,0.4,False,False,True,False,isolation_forest
fault_turns_d14_d15_r026_s1200_t52,1200,52,turns,D14,D15,7.400000000000006,3,0.5193654913679209,0,0,False,False,True,2,0.5068509598557626,0,0,False,False,True,6,0.573437674713893,1,1,True,True,True,,,True,False,False,False,isolation_forest
fault_turns_d14_d15_r026_s1200_t64,1200,64,turns,D14,D15,7.400000000000006,3,0.5181595583425718,0,0,False,False,True,2,0.5086041635910227,0,0,False,False,True,6,0.5223114919125467,0,0,False,False,True,,,True,False,False,False,isolation_forest
fault_turns_d14_d15_r026_s1200_t80,1200,80,turns,D14,D15,7.400000000000006,3,0.5208203897300715,0,0,False,False,True,2,0.5139116965695323,0,0,False,False,True,6,0.5325829623851996,0,0,False,False,True,,,True,False,False,False,isolation_forest
fault_turns_d14_d15_r026_s1500_t52,1500,52,turns,D14,D15,7.400000000000006,3,0.5356328951879383,0,0,False,False,True,2,0.5497155839912361,1,1,True,True,True,6,0.5760797303677074,1,1,True,True,True,0.0,0.2,False,False,True,False,isolation_forest
fault_turns_d14_d15_r026_s1500_t64,1500,64,turns,D14,D15,7.400000000000006,3,0.5121766315660174,0,0,False,False,True,2,0.5361145519747798,0,0,False,False,True,6,0.5399285816183428,0,0,False,False,True,,,True,False,False,False,isolation_forest
fault_turns_d14_d15_r026_s1500_t80,1500,80,turns,D14,D15,7.400000000000006,3,0.5430245171164653,1,1,True,True,True,2,0.5219144568429929,0,0,False,False,True,6,0.5253681358926063,0,0,False,False,True,,,True,True,False,False,isolation_forest
fault_turns_d14_d15_r026_s1800_t52,1800,52,turns,D14,D15,7.400000000000006,3,0.5573501500602116,2,2,True,True,True,2,0.5524093948025259,2,2,True,True,True,6,0.5939220714424739,3,3,True,True,True,0.0,0.2,False,True,True,False,isolation_forest
fault_turns_d14_d15_r026_s1800_t64,1800,64,turns,D14,D15,7.400000000000006,3,0.5395661448486778,0,0,False,False,True,2,0.5451409865638521,1,1,True,True,True,6,0.5343383489494565,0,0,False,False,True,1.0,0.4,False,False,True,False,isolation_forest
fault_turns_d14_d15_r026_s1800_t80,1800,80,turns,D14,D15,7.400000000000006,3,0.49617505000302436,0,0,False,False,True,2,0.5050688431879806,0,0,False,False,True,6,0.5045565027218377,0,0,False,False,True,,,True,False,False,False,isolation_forest
fault_turns_d17_d20_r026_s1200_t52,1200,52,turns,D17,D20,11.599999999999994,3,0.518768611080266,0,0,False,False,True,2,0.5365529280300895,0,0,False,False,True,6,0.5425470979807874,1,1,True,True,True,,,True,False,False,False,isolation_forest
fault_turns_d17_d20_r026_s1200_t64,1200,64,turns,D17,D20,11.599999999999994,3,0.5533059157595626,1,1,True,True,True,2,0.5291180829296354,0,0,False,False,True,6,0.5031804939790047,0,0,False,False,True,,,True,True,False,False,isolation_forest
fault_turns_d17_d20_r026_s1200_t80,1200,80,turns,D17,D20,11.599999999999994,3,0.554142883976686,1,1,True,True,True,2,0.5236770903517187,0,0,False,False,True,6,0.5203514547160032,0,0,False,False,True,,,True,True,False,False,isolation_forest
fault_turns_d17_d20_r026_s1500_t52,1500,52,turns,D17,D20,11.599999999999994,3,0.5593838252448776,1,1,True,True,True,2,0.6000974939680307,1,1,True,True,True,6,0.5548487748813014,2,2,True,True,True,1.0,0.4,False,True,True,False,isolation_forest
fault_turns_d17_d20_r026_s1500_t64,1500,64,turns,D17,D20,11.599999999999994,3,0.5287298020190483,0,0,False,False,True,2,0.5403926966228174,0,0,False,False,True,6,0.5247075652854197,0,0,False,False,True,,,True,False,False,False,isolation_forest
fault_turns_d17_d20_r026_s1500_t80,1500,80,turns,D17,D20,11.599999999999994,3,0.5432742438762947,1,1,True,True,True,2,0.54682890860828,1,1,True,True,True,6,0.5358022773694512,0,0,False,False,True,1.0,0.4,False,True,True,False,isolation_forest
fault_turns_d17_d20_r026_s1800_t52,1800,52,turns,D17,D20,11.599999999999994,3,0.5861594468887666,3,3,True,True,True,2,0.6167721598617255,1,1,True,True,True,6,0.5469904865211628,1,1,True,True,True,1.0,0.4,False,True,True,False,isolation_forest
fault_turns_d17_d20_r026_s1800_t64,1800,64,turns,D17,D20,11.599999999999994,3,0.5399178381046389,0,0,False,False,True,2,0.5844660858083564,2,2,True,True,True,6,0.5686722494201277,2,2,True,True,True,0.0,0.2,False,False,True,False,isolation_forest
fault_turns_d17_d20_r026_s1800_t80,1800,80,turns,D17,D20,11.599999999999994,3,0.5074232149586493,0,0,False,False,True,2,0.5493334148041223,1,1,True,True,True,6,0.5103571173987392,0,0,False,False,True,1.0,0.4,False,False,True,False,isolation_forest
fault_turns_d18_d19_r026_s1200_t52,1200,52,turns,D18,D19,7.400000000000006,3,0.5473628973593823,1,1,True,True,True,2,0.5350129601768557,0,0,False,False,True,6,0.5201969057299979,0,0,False,False,True,,,True,True,False,False,isolation_forest
fault_turns_d18_d19_r026_s1200_t64,1200,64,turns,D18,D19,7.400000000000006,3,0.5389251893294486,0,0,False,False,True,2,0.5137272259790041,0,0,False,False,True,6,0.4996249595505499,0,0,False,False,True,,,True,False,False,False,isolation_forest
fault_turns_d18_d19_r026_s1200_t80,1200,80,turns,D18,D19,7.400000000000006,3,0.5199149533278539,0,0,False,False,True,2,0.5275037061859588,0,0,False,False,True,6,0.5103995106946813,0,0,False,False,True,,,True,False,False,False,isolation_forest
fault_turns_d18_d19_r026_s1500_t52,1500,52,turns,D18,D19,7.400000000000006,3,0.5318381777066351,0,0,False,False,True,2,0.5633276240295132,1,1,True,True,True,6,0.5455966032146551,4,4,True,True,True,1.0,0.4,False,False,True,False,isolation_forest
fault_turns_d18_d19_r026_s1500_t64,1500,64,turns,D18,D19,7.400000000000006,3,0.5370180086644273,0,0,False,False,True,2,0.5217624774304283,0,0,False,False,True,6,0.5286213785229809,0,0,False,False,True,,,True,False,False,False,isolation_forest
fault_turns_d18_d19_r026_s1500_t80,1500,80,turns,D18,D19,7.400000000000006,3,0.5406473709164249,0,0,False,False,True,2,0.5299190236119301,0,0,False,False,True,6,0.539073217398982,0,0,False,False,True,,,True,False,False,False,isolation_forest
fault_turns_d18_d19_r026_s1800_t52,1800,52,turns,D18,D19,7.400000000000006,3,0.5523299252174114,2,2,True,True,True,2,0.6280511520167629,2,2,True,True,True,6,0.5951327263732838,3,3,True,True,True,0.0,0.2,False,True,True,False,isolation_forest
fault_turns_d18_d19_r026_s1800_t64,1800,64,turns,D18,D19,7.400000000000006,3,0.5530275731102422,1,1,True,True,True,2,0.5564585746478766,2,2,True,True,True,6,0.5463384910715507,1,1,True,True,True,0.0,0.2,False,True,True,False,isolation_forest
fault_turns_d18_d19_r026_s1800_t80,1800,80,turns,D18,D19,7.400000000000006,3,0.5136169731943532,0,0,False,False,True,2,0.5241111559485141,0,0,False,False,True,6,0.5007716989058784,0,0,False,False,True,,,True,False,False,False,isolation_forest
fault_turns_d21_d22_r026_s1200_t52,1200,52,turns,D21,D22,3.8000000000000114,3,0.5044212225746173,0,0,False,False,True,2,0.5269673210333274,0,0,False,False,True,6,0.5369345569117907,0,0,False,False,True,,,True,False,False,False,isolation_forest
fault_turns_d21_d22_r026_s1200_t64,1200,64,turns,D21,D22,3.8000000000000114,3,0.5142200043283753,0,0,False,False,True,2,0.4911176341651505,0,0,False,False,True,6,0.5096403031105987,0,0,False,False,True,,,True,False,False,False,isolation_forest
fault_turns_d21_d22_r026_s1200_t80,1200,80,turns,D21,D22,3.8000000000000114,3,0.5419769261326469,1,1,True,True,True,2,0.5356625080422841,0,0,False,False,True,6,0.5587419027908997,1,1,True,True,True,,,True,True,False,False,isolation_forest
fault_turns_d21_d22_r026_s1500_t52,1500,52,turns,D21,D22,3.8000000000000114,3,0.5521684508788609,3,3,True,True,True,2,0.5585393737736823,2,2,True,True,True,6,0.5824204263246066,6,6,True,True,True,0.0,0.2,False,True,True,False,isolation_forest
fault_turns_d21_d22_r026_s1500_t64,1500,64,turns,D21,D22,3.8000000000000114,3,0.5220917031442411,0,0,False,False,True,2,0.5254017224122988,0,0,False,False,True,6,0.5339881542144239,0,0,False,False,True,,,True,False,False,False,isolation_forest
fault_turns_d21_d22_r026_s1500_t80,1500,80,turns,D21,D22,3.8000000000000114,3,0.5366769281631392,0,0,False,False,True,2,0.517678343291709,0,0,False,False,True,6,0.5302448877536989,0,0,False,False,True,,,True,False,False,False,isolation_forest
fault_turns_d21_d22_r026_s1800_t52,1800,52,turns,D21,D22,3.8000000000000114,3,0.585171317330534,1,1,True,True,True,2,0.585186190207948,1,1,True,True,True,6,0.5441891791761096,1,1,True,True,True,0.0,0.2,False,True,True,False,isolation_forest
fault_turns_d21_d22_r026_s1800_t64,1800,64,turns,D21,D22,3.8000000000000114,3,0.536494455200658,0,0,False,False,True,2,0.5333164141574058,0,0,False,False,True,6,0.5604807600319426,1,1,True,True,True,,,True,False,False,False,isolation_forest
fault_turns_d21_d22_r026_s1800_t80,1800,80,turns,D21,D22,3.8000000000000114,3,0.5383490292695882,0,0,False,False,True,2,0.5423805226155867,1,1,True,True,True,6,0.509779993500373,0,0,False,False,True,1.0,0.4,False,False,True,False,isolation_forest
fault_turns_d23_d24_r026_s1200_t52,1200,52,turns,D23,D24,2.800000000000012,3,0.5399539067305353,0,0,False,False,True,2,0.5231962736115351,0,0,False,False,True,6,0.5616402333462158,3,3,True,True,True,,,True,False,False,False,isolation_forest
fault_turns_d23_d24_r026_s1200_t64,1200,64,turns,D23,D24,2.800000000000012,3,0.54204051268238,1,1,True,True,True,2,0.5089380212285722,0,0,False,False,True,6,0.5159154042097536,0,0,False,False,True,,,True,True,False,False,isolation_forest
fault_turns_d23_d24_r026_s1200_t80,1200,80,turns,D23,D24,2.800000000000012,3,0.5443160909958733,1,1,True,True,True,2,0.5256722684871425,0,0,False,False,True,6,0.5240856431368224,0,0,False,False,True,,,True,True,False,False,isolation_forest
fault_turns_d23_d24_r026_s1500_t52,1500,52,turns,D23,D24,2.800000000000012,3,0.5469929834126214,2,2,True,True,True,2,0.5439288687729898,2,2,True,True,True,6,0.5734425287247481,5,5,True,True,True,0.0,0.2,False,True,True,False,isolation_forest
fault_turns_d23_d24_r026_s1500_t64,1500,64,turns,D23,D24,2.800000000000012,3,0.5219985879814125,0,0,False,False,True,2,0.5402256072870069,0,0,False,False,True,6,0.5211622293724409,0,0,False,False,True,,,True,False,False,False,isolation_forest
fault_turns_d23_d24_r026_s1500_t80,1500,80,turns,D23,D24,2.800000000000012,3,0.5387762622429857,0,0,False,False,True,2,0.5188331905038928,0,0,False,False,True,6,0.5306624777335806,0,0,False,False,True,,,True,False,False,False,isolation_forest
fault_turns_d23_d24_r026_s1800_t52,1800,52,turns,D23,D24,2.800000000000012,3,0.5622814511454155,1,1,True,True,True,2,0.5904743266356396,2,2,True,True,True,6,0.5721051292403107,3,3,True,True,True,0.0,0.2,False,True,True,False,isolation_forest
fault_turns_d23_d24_r026_s1800_t64,1800,64,turns,D23,D24,2.800000000000012,3,0.5675206160417682,2,2,True,True,True,2,0.5339970289174555,0,0,False,False,True,6,0.5468840040409529,1,1,True,True,True,,,True,True,False,False,isolation_forest
fault_turns_d23_d24_r026_s1800_t80,1800,80,turns,D23,D24,2.800000000000012,3,0.514372141442388,0,0,False,False,True,2,0.5174860140601449,0,0,False,False,True,6,0.5172144835238057,0,0,False,False,True,,,True,False,False,False,isolation_forest
fault_windings_d01_d06_r026_s1200_t52,1200,52,windings,D01,D06,14.34,3,0.5282068519251557,0,0,False,False,True,2,0.5648013729644576,2,2,True,True,True,6,0.5765004232882155,2,2,True,True,True,0.0,0.2,False,False,True,False,isolation_forest
fault_windings_d01_d06_r026_s1200_t64,1200,64,windings,D01,D06,14.34,3,0.5394104207538294,0,0,False,False,True,2,0.5467353482383225,1,1,True,True,True,6,0.5316773019823906,0,0,False,False,True,1.0,0.4,False,False,True,False,isolation_forest
fault_windings_d01_d06_r026_s1200_t80,1200,80,windings,D01,D06,14.34,3,0.5147290691440952,0,0,False,False,True,2,0.5511296413877137,1,1,True,True,True,6,0.5209723067173764,0,0,False,False,True,1.0,0.4,False,False,True,False,isolation_forest
fault_windings_d01_d06_r026_s1500_t52,1500,52,windings,D01,D06,14.34,3,0.5563839819075478,3,3,True,True,True,2,0.612026732270948,2,2,True,True,True,6,0.5713088239947417,3,3,True,True,True,0.0,0.2,False,True,True,False,isolation_forest
fault_windings_d01_d06_r026_s1500_t64,1500,64,windings,D01,D06,14.34,3,0.5094896551137298,0,0,False,False,True,2,0.6013667429545266,2,2,True,True,True,6,0.5588468818038059,1,1,True,True,True,0.0,0.2,False,False,True,False,isolation_forest
fault_windings_d01_d06_r026_s1500_t80,1500,80,windings,D01,D06,14.34,3,0.544865241412103,1,1,True,True,True,2,0.5637245852394311,2,2,True,True,True,6,0.5337391612998863,0,0,False,False,True,0.0,0.2,False,True,True,False,isolation_forest
fault_windings_d01_d06_r026_s1800_t52,1800,52,windings,D01,D06,14.34,3,0.5717217441898753,3,3,True,True,True,2,0.6506965950527788,2,2,True,True,True,6,0.6132135368778422,6,6,True,True,True,0.0,0.2,False,True,True,False,isolation_forest
fault_windings_d01_d06_r026_s1800_t64,1800,64,windings,D01,D06,14.34,3,0.5308606179615792,0,0,False,False,True,2,0.6250088900671427,2,2,True,True,True,6,0.5427082685364166,1,1,True,True,True,0.0,0.2,False,False,True,False,isolation_forest
fault_windings_d01_d06_r026_s1800_t80,1800,80,windings,D01,D06,14.34,3,0.5110600966072563,0,0,False,False,True,2,0.6049322291680707,2,2,True,True,True,6,0.5841293733994523,2,2,True,True,True,0.0,0.2,False,False,True,False,isolation_forest
fault_windings_d01_d07_r026_s1200_t52,1200,52,windings,D01,D07,21.74,3,0.532524074880411,0,0,False,False,True,2,0.6379568771750402,2,2,True,True,True,6,0.5637474925774647,1,1,True,True,True,0.0,0.2,False,False,True,False,isolation_forest
fault_windings_d01_d07_r026_s1200_t64,1200,64,windings,D01,D07,21.74,3,0.4906138947626514,0,0,False,False,True,2,0.609076729095622,2,2,True,True,True,6,0.5840606143699901,1,1,True,True,True,0.0,0.2,False,False,True,False,isolation_forest
fault_windings_d01_d07_r026_s1200_t80,1200,80,windings,D01,D07,21.74,3,0.5387881590328893,0,0,False,False,True,2,0.5946415193794111,2,2,True,True,True,6,0.5810040939909797,1,1,True,True,True,0.0,0.2,False,False,True,False,isolation_forest
fault_windings_d01_d07_r026_s1500_t52,1500,52,windings,D01,D07,21.74,3,0.5485120595867427,2,2,True,True,True,2,0.6346320875981242,2,2,True,True,True,6,0.5938917523030376,5,5,True,True,True,0.0,0.2,False,True,True,False,isolation_forest
fault_windings_d01_d07_r026_s1500_t64,1500,64,windings,D01,D07,21.74,3,0.5238412297683251,0,0,False,False,True,2,0.6137418941053132,2,2,True,True,True,6,0.5603048966690005,1,1,True,True,True,0.0,0.2,False,False,True,False,isolation_forest
fault_windings_d01_d07_r026_s1500_t80,1500,80,windings,D01,D07,21.74,3,0.5398084086495104,0,0,False,False,True,2,0.6152329662415135,2,2,True,True,True,6,0.5538357166666188,1,1,True,True,True,0.0,0.2,False,False,True,False,isolation_forest
fault_windings_d01_d07_r026_s1800_t52,1800,52,windings,D01,D07,21.74,3,0.5550410532981853,3,3,True,True,True,2,0.6582837216450141,2,2,True,True,True,6,0.6108005417868264,4,4,True,True,True,0.0,0.2,False,True,True,False,isolation_forest
fault_windings_d01_d07_r026_s1800_t64,1800,64,windings,D01,D07,21.74,3,0.5364011546951744,0,0,False,False,True,2,0.6337954934241378,2,2,True,True,True,6,0.5957644030715521,2,2,True,True,True,0.0,0.2,False,False,True,False,isolation_forest
fault_windings_d01_d07_r026_s1800_t80,1800,80,windings,D01,D07,21.74,3,0.527612966633948,0,0,False,False,True,2,0.6305962941442963,2,2,True,True,True,6,0.5977743877943226,2,2,True,True,True,0.0,0.2,False,False,True,False,isolation_forest
fault_windings_d04_d06_r026_s1200_t52,1200,52,windings,D04,D06,2.3000000000000007,3,0.5329157991167668,0,0,False,False,True,2,0.5305285685710639,0,0,False,False,True,6,0.5230704697438666,0,0,False,False,True,,,True,False,False,False,isolation_forest
fault_windings_d04_d06_r026_s1200_t64,1200,64,windings,D04,D06,2.3000000000000007,3,0.5409704394227258,1,1,True,True,True,2,0.5360656874551286,0,0,False,False,True,6,0.5169040226007812,0,0,False,False,True,,,True,True,False,False,isolation_forest
fault_windings_d04_d06_r026_s1200_t80,1200,80,windings,D04,D06,2.3000000000000007,3,0.5522568649906614,2,2,True,True,True,2,0.5435351642104322,1,1,True,True,True,6,0.5352675408837725,0,0,False,False,True,0.0,0.2,False,True,True,False,isolation_forest
fault_windings_d04_d06_r026_s1500_t52,1500,52,windings,D04,D06,2.3000000000000007,3,0.5630499312984698,2,2,True,True,True,2,0.5866242369309597,2,2,True,True,True,6,0.6207369520737209,5,5,True,True,True,0.0,0.2,False,True,True,False,isolation_forest
fault_windings_d04_d06_r026_s1500_t64,1500,64,windings,D04,D06,2.3000000000000007,3,0.5648539555279539,1,1,True,True,True,2,0.5792406500906309,1,1,True,True,True,6,0.590127010438367,2,2,True,True,True,0.0,0.2,False,True,True,False,isolation_forest
fault_windings_d04_d06_r026_s1500_t80,1500,80,windings,D04,D06,2.3000000000000007,3,0.5316603404561454,0,0,False,False,True,2,0.5366849089923109,0,0,False,False,True,6,0.5278258755754209,0,0,False,False,True,,,True,False,False,False,isolation_forest
fault_windings_d04_d06_r026_s1800_t52,1800,52,windings,D04,D06,2.3000000000000007,3,0.6113453762501011,3,3,True,True,True,2,0.5894165465529648,2,2,True,True,True,6,0.6160766035893505,6,6,True,True,True,0.0,0.2,False,True,True,False,isolation_forest
fault_windings_d04_d06_r026_s1800_t64,1800,64,windings,D04,D06,2.3000000000000007,3,0.6057942853459537,1,1,True,True,True,2,0.6045961125707034,2,2,True,True,True,6,0.5808785642111537,4,4,True,True,True,0.0,0.2,False,True,True,False,isolation_forest
fault_windings_d04_d06_r026_s1800_t80,1800,80,windings,D04,D06,2.3000000000000007,3,0.5507678163351137,1,1,True,True,True,2,0.5795230576454797,1,1,True,True,True,6,0.5634623511366812,3,3,True,True,True,0.0,0.2,False,True,True,False,isolation_forest
fault_windings_d04_d07_r026_s1200_t52,1200,52,windings,D04,D07,9.7,3,0.5657540320270603,3,3,True,True,True,2,0.603023073017941,2,2,True,True,True,6,0.5968314157391955,4,4,True,True,True,0.0,0.2,False,True,True,False,isolation_forest
fault_windings_d04_d07_r026_s1200_t64,1200,64,windings,D04,D07,9.7,3,0.538809347381979,0,0,False,False,True,2,0.5695205959504729,2,2,True,True,True,6,0.5531230604400613,1,1,True,True,True,0.0,0.2,False,False,True,False,isolation_forest
fault_windings_d04_d07_r026_s1200_t80,1200,80,windings,D04,D07,9.7,3,0.5442632974448623,1,1,True,True,True,2,0.5634528890135029,1,1,True,True,True,6,0.5498577817860099,1,1,True,True,True,1.0,0.4,False,True,True,False,isolation_forest
fault_windings_d04_d07_r026_s1500_t52,1500,52,windings,D04,D07,9.7,3,0.5317322485931987,0,0,False,False,True,2,0.6104856865226791,1,1,True,True,True,6,0.5842776187227207,4,4,True,True,True,1.0,0.4,False,False,True,False,isolation_forest
fault_windings_d04_d07_r026_s1500_t64,1500,64,windings,D04,D07,9.7,3,0.528148431516523,0,0,False,False,True,2,0.5572588920549386,2,2,True,True,True,6,0.5911971586359106,4,4,True,True,True,0.0,0.2,False,False,True,False,isolation_forest
fault_windings_d04_d07_r026_s1500_t80,1500,80,windings,D04,D07,9.7,3,0.5921251152022329,1,1,True,True,True,2,0.5629008013521272,2,2,True,True,True,6,0.5624071961189063,5,5,True,True,True,0.0,0.2,False,True,True,False,isolation_forest
fault_windings_d04_d07_r026_s1800_t52,1800,52,windings,D04,D07,9.7,3,0.548136275867086,2,2,True,True,True,2,0.6197009822065332,2,2,True,True,True,6,0.6320401197759326,6,6,True,True,True,0.0,0.2,False,True,True,False,isolation_forest
fault_windings_d04_d07_r026_s1800_t64,1800,64,windings,D04,D07,9.7,3,0.5533791919647801,2,2,True,True,True,2,0.611758773134705,1,1,True,True,True,6,0.5908213786539773,3,3,True,True,True,1.0,0.4,False,True,True,False,isolation_forest
fault_windings_d04_d07_r026_s1800_t80,1800,80,windings,D04,D07,9.7,3,0.5395087883524554,0,0,False,False,True,2,0.5677150663990619,1,1,True,True,True,6,0.5257580771064541,0,0,False,False,True,1.0,0.4,False,False,True,False,isolation_forest
fault_windings_d11_d21_r026_s1200_t52,1200,52,windings,D11,D21,36.39999999999999,3,0.5366625098769402,0,0,False,False,True,2,0.6616347897754603,2,2,True,True,True,6,0.6201048503939369,4,4,True,True,True,0.0,0.2,False,False,True,False,isolation_forest
fault_windings_d11_d21_r026_s1200_t64,1200,64,windings,D11,D21,36.39999999999999,3,0.5282423603739622,0,0,False,False,True,2,0.6645863817488116,2,2,True,True,True,6,0.6359313295699516,2,2,True,True,True,0.0,0.2,False,False,True,False,isolation_forest
fault_windings_d11_d21_r026_s1200_t80,1200,80,windings,D11,D21,36.39999999999999,3,0.5236968004839934,0,0,False,False,True,2,0.6523812059993417,2,2,True,True,True,6,0.6175095464911032,3,3,True,True,True,0.0,0.2,False,False,True,False,isolation_forest
fault_windings_d11_d21_r026_s1500_t52,1500,52,windings,D11,D21,36.39999999999999,3,0.5357960763086579,0,0,False,False,True,2,0.6608189345420427,2,2,True,True,True,6,0.6159088450541664,5,5,True,True,True,0.0,0.2,False,False,True,False,isolation_forest
fault_windings_d11_d21_r026_s1500_t64,1500,64,windings,D11,D21,36.39999999999999,3,0.5211237604707248,0,0,False,False,True,2,0.6635373339563425,2,2,True,True,True,6,0.6122476810076235,3,3,True,True,True,0.0,0.2,False,False,True,False,isolation_forest
fault_windings_d11_d21_r026_s1500_t80,1500,80,windings,D11,D21,36.39999999999999,3,0.5234863013176159,0,0,False,False,True,2,0.6649242956700133,2,2,True,True,True,6,0.6115724719835699,2,2,True,True,True,0.0,0.2,False,False,True,False,isolation_forest
fault_windings_d11_d21_r026_s1800_t52,1800,52,windings,D11,D21,36.39999999999999,3,0.6218013472702423,2,2,True,True,True,2,0.656832618152511,2,2,True,True,True,6,0.6526006018404994,5,5,True,True,True,0.0,0.2,False,True,True,False,isolation_forest
fault_windings_d11_d21_r026_s1800_t64,1800,64,windings,D11,D21,36.39999999999999,3,0.5382737420019661,0,0,False,False,True,2,0.6765884946559549,2,2,True,True,True,6,0.6233488205942298,3,3,True,True,True,0.0,0.2,False,False,True,False,isolation_forest
fault_windings_d11_d21_r026_s1800_t80,1800,80,windings,D11,D21,36.39999999999999,3,0.5250440951517051,0,0,False,False,True,2,0.6702805153571432,2,2,True,True,True,6,0.6207300223319819,3,3,True,True,True,0.0,0.2,False,False,True,False,isolation_forest
fault_windings_d11_d22_r026_s1200_t52,1200,52,windings,D11,D22,40.2,3,0.5235312890271253,0,0,False,False,True,2,0.6594900571590423,2,2,True,True,True,6,0.6285612408746859,3,3,True,True,True,0.0,0.2,False,False,True,False,isolation_forest
fault_windings_d11_d22_r026_s1200_t64,1200,64,windings,D11,D22,40.2,3,0.5099912315917747,0,0,False,False,True,2,0.6630971164565505,2,2,True,True,True,6,0.628130833125702,3,3,True,True,True,0.0,0.2,False,False,True,False,isolation_forest
fault_windings_d11_d22_r026_s1200_t80,1200,80,windings,D11,D22,40.2,3,0.5432844446934564,1,1,True,True,True,2,0.6577230548053952,2,2,True,True,True,6,0.6262601002680671,2,2,True,True,True,0.0,0.2,False,True,True,False,isolation_forest
fault_windings_d11_d22_r026_s1500_t52,1500,52,windings,D11,D22,40.2,3,0.550685312593995,3,3,True,True,True,2,0.6627666362962619,2,2,True,True,True,6,0.6116798389174986,5,5,True,True,True,0.0,0.2,False,True,True,False,isolation_forest
fault_windings_d11_d22_r026_s1500_t64,1500,64,windings,D11,D22,40.2,3,0.535480035917427,0,0,False,False,True,2,0.6690544417993861,2,2,True,True,True,6,0.6174340565078179,3,3,True,True,True,0.0,0.2,False,False,True,False,isolation_forest
fault_windings_d11_d22_r026_s1500_t80,1500,80,windings,D11,D22,40.2,3,0.5356975622722796,0,0,False,False,True,2,0.6631848708553539,2,2,True,True,True,6,0.6198404606722573,3,3,True,True,True,0.0,0.2,False,False,True,False,isolation_forest
fault_windings_d11_d22_r026_s1800_t52,1800,52,windings,D11,D22,40.2,3,0.5654846539426347,3,3,True,True,True,2,0.6601522681990213,2,2,True,True,True,6,0.6489668494618599,5,5,True,True,True,0.0,0.2,False,True,True,False,isolation_forest
fault_windings_d11_d22_r026_s1800_t64,1800,64,windings,D11,D22,40.2,3,0.5351311036252298,0,0,False,False,True,2,0.675039545396771,2,2,True,True,True,6,0.6081941256301316,6,6,True,True,True,0.0,0.2,False,False,True,False,isolation_forest
fault_windings_d11_d22_r026_s1800_t80,1800,80,windings,D11,D22,40.2,3,0.5181004116933898,0,0,False,False,True,2,0.6736289407655291,2,2,True,True,True,6,0.6212759961677883,3,3,True,True,True,0.0,0.2,False,False,True,False,isolation_forest
fault_windings_d12_d21_r026_s1200_t52,1200,52,windings,D12,D21,33.7,3,0.541208943628822,1,1,True,True,True,2,0.6633701489824534,2,2,True,True,True,6,0.6096474602549784,5,5,True,True,True,0.0,0.2,False,True,True,False,isolation_forest
fault_windings_d12_d21_r026_s1200_t64,1200,64,windings,D12,D21,33.7,3,0.5269742143954805,0,0,False,False,True,2,0.6631359107734954,2,2,True,True,True,6,0.6329985974935176,2,2,True,True,True,0.0,0.2,False,False,True,False,isolation_forest
fault_windings_d12_d21_r026_s1200_t80,1200,80,windings,D12,D21,33.7,3,0.5242305260758969,0,0,False,False,True,2,0.6385552396874755,2,2,True,True,True,6,0.6341858454197612,2,2,True,True,True,0.0,0.2,False,False,True,False,isolation_forest
fault_windings_d12_d21_r026_s1500_t52,1500,52,windings,D12,D21,33.7,3,0.546660698354036,2,2,True,True,True,2,0.6621184233390698,2,2,True,True,True,6,0.6120640735416969,3,3,True,True,True,0.0,0.2,False,True,True,False,isolation_forest
fault_windings_d12_d21_r026_s1500_t64,1500,64,windings,D12,D21,33.7,3,0.5283955582784428,0,0,False,False,True,2,0.6596233341424967,2,2,True,True,True,6,0.6141959319068062,2,2,True,True,True,0.0,0.2,False,False,True,False,isolation_forest
fault_windings_d12_d21_r026_s1500_t80,1500,80,windings,D12,D21,33.7,3,0.5355142519398791,0,0,False,False,True,2,0.6550909964589993,2,2,True,True,True,6,0.5927974138264204,2,2,True,True,True,0.0,0.2,False,False,True,False,isolation_forest
fault_windings_d12_d21_r026_s1800_t52,1800,52,windings,D12,D21,33.7,3,0.5484918345882599,1,1,True,True,True,2,0.6704185014883431,2,2,True,True,True,6,0.6481168998456078,5,5,True,True,True,0.0,0.2,False,True,True,False,isolation_forest
fault_windings_d12_d21_r026_s1800_t64,1800,64,windings,D12,D21,33.7,3,0.5310118630907416,0,0,False,False,True,2,0.6768706782909263,2,2,True,True,True,6,0.6208226066950631,3,3,True,True,True,0.0,0.2,False,False,True,False,isolation_forest
fault_windings_d12_d21_r026_s1800_t80,1800,80,windings,D12,D21,33.7,3,0.5158077429045865,0,0,False,False,True,2,0.661115757085885,2,2,True,True,True,6,0.6204890520482876,3,3,True,True,True,0.0,0.2,False,False,True,False,isolation_forest
fault_windings_d12_d22_r026_s1200_t52,1200,52,windings,D12,D22,37.50000000000001,3,0.5111479207017336,0,0,False,False,True,2,0.6638046994999256,2,2,True,True,True,6,0.6396797383741377,3,3,True,True,True,0.0,0.2,False,False,True,False,isolation_forest
fault_windings_d12_d22_r026_s1200_t64,1200,64,windings,D12,D22,37.50000000000001,3,0.5033299860832111,0,0,False,False,True,2,0.6638198550943811,2,2,True,True,True,6,0.6184138798165019,2,2,True,True,True,0.0,0.2,False,False,True,False,isolation_forest
fault_windings_d12_d22_r026_s1200_t80,1200,80,windings,D12,D22,37.50000000000001,3,0.5453769055395981,1,1,True,True,True,2,0.6517549458091755,2,2,True,True,True,6,0.638140978823876,2,2,True,True,True,0.0,0.2,False,True,True,False,isolation_forest
fault_windings_d12_d22_r026_s1500_t52,1500,52,windings,D12,D22,37.50000000000001,3,0.5347316029361276,0,0,False,False,True,2,0.6595828710102511,2,2,True,True,True,6,0.6172523454365353,5,5,True,True,True,0.0,0.2,False,False,True,False,isolation_forest
fault_windings_d12_d22_r026_s1500_t64,1500,64,windings,D12,D22,37.50000000000001,3,0.5132980779528171,0,0,False,False,True,2,0.661168928032236,2,2,True,True,True,6,0.607991390516866,3,3,True,True,True,0.0,0.2,False,False,True,False,isolation_forest
fault_windings_d12_d22_r026_s1500_t80,1500,80,windings,D12,D22,37.50000000000001,3,0.5280962926902871,0,0,False,False,True,2,0.6598010418691859,2,2,True,True,True,6,0.6109936657957616,2,2,True,True,True,0.0,0.2,False,False,True,False,isolation_forest
fault_windings_d12_d22_r026_s1800_t52,1800,52,windings,D12,D22,37.50000000000001,3,0.5429939442254968,1,1,True,True,True,2,0.6563350973264165,2,2,True,True,True,6,0.6588095403368687,4,4,True,True,True,0.0,0.2,False,True,True,False,isolation_forest
fault_windings_d12_d22_r026_s1800_t64,1800,64,windings,D12,D22,37.50000000000001,3,0.5341905448766151,0,0,False,False,True,2,0.6765884946559549,2,2,True,True,True,6,0.6201931335611321,5,5,True,True,True,0.0,0.2,False,False,True,False,isolation_forest
fault_windings_d12_d22_r026_s1800_t80,1800,80,windings,D12,D22,37.50000000000001,3,0.5280561078084103,0,0,False,False,True,2,0.6704282283551612,2,2,True,True,True,6,0.6180877524191555,3,3,True,True,True,0.0,0.2,False,False,True,False,isolation_forest
fault_windings_d13_d18_r026_s1200_t52,1200,52,windings,D13,D18,14.799999999999995,3,0.5599502160972751,1,1,True,True,True,2,0.576808815408226,2,2,True,True,True,6,0.5881912371492509,3,3,True,True,True,0.0,0.2,False,True,True,False,isolation_forest
fault_windings_d13_d18_r026_s1200_t64,1200,64,windings,D13,D18,14.799999999999995,3,0.5449533095445154,1,1,True,True,True,2,0.5443973928801938,2,2,True,True,True,6,0.5156705099705272,0,0,False,False,True,0.0,0.2,False,True,True,False,isolation_forest
fault_windings_d13_d18_r026_s1200_t80,1200,80,windings,D13,D18,14.799999999999995,3,0.5346265701778854,0,0,False,False,True,2,0.5510624862938329,1,1,True,True,True,6,0.530715913022147,0,0,False,False,True,1.0,0.4,False,False,True,False,isolation_forest
fault_windings_d13_d18_r026_s1500_t52,1500,52,windings,D13,D18,14.799999999999995,3,0.5421402127956445,1,1,True,True,True,2,0.6081320670415841,2,2,True,True,True,6,0.5539159219032717,4,4,True,True,True,0.0,0.2,False,True,True,False,isolation_forest
fault_windings_d13_d18_r026_s1500_t64,1500,64,windings,D13,D18,14.799999999999995,3,0.5256121350720504,0,0,False,False,True,2,0.5593116150340681,2,2,True,True,True,6,0.5333790119238968,0,0,False,False,True,0.0,0.2,False,False,True,False,isolation_forest
fault_windings_d13_d18_r026_s1500_t80,1500,80,windings,D13,D18,14.799999999999995,3,0.5477198358275746,1,1,True,True,True,2,0.5619220180403539,2,2,True,True,True,6,0.5317791636664264,0,0,False,False,True,0.0,0.2,False,True,True,False,isolation_forest
fault_windings_d13_d18_r026_s1800_t52,1800,52,windings,D13,D18,14.799999999999995,3,0.6006044207304241,3,3,True,True,True,2,0.6538206607474044,2,2,True,True,True,6,0.6064350747940764,3,3,True,True,True,0.0,0.2,False,True,True,False,isolation_forest
fault_windings_d13_d18_r026_s1800_t64,1800,64,windings,D13,D18,14.799999999999995,3,0.5418098070626279,1,1,True,True,True,2,0.624864067941784,2,2,True,True,True,6,0.5512091443936649,1,1,True,True,True,0.0,0.2,False,True,True,False,isolation_forest
fault_windings_d13_d18_r026_s1800_t80,1800,80,windings,D13,D18,14.799999999999995,3,0.5035187869977646,0,0,False,False,True,2,0.5912754055847432,1,1,True,True,True,6,0.5443184966553317,1,1,True,True,True,1.0,0.4,False,False,True,False,isolation_forest
fault_windings_d13_d19_r026_s1200_t52,1200,52,windings,D13,D19,22.200000000000003,3,0.5088110791111927,0,0,False,False,True,2,0.6422048441990822,2,2,True,True,True,6,0.5470302586053236,1,1,True,True,True,0.0,0.2,False,False,True,False,isolation_forest
fault_windings_d13_d19_r026_s1200_t64,1200,64,windings,D13,D19,22.200000000000003,3,0.5093973468376564,0,0,False,False,True,2,0.6082450482584861,2,2,True,True,True,6,0.5640905266205117,1,1,True,True,True,0.0,0.2,False,False,True,False,isolation_forest
fault_windings_d13_d19_r026_s1200_t80,1200,80,windings,D13,D19,22.200000000000003,3,0.5245022741558207,0,0,False,False,True,2,0.5942989380647531,1,1,True,True,True,6,0.5886061577518191,1,1,True,True,True,1.0,0.4,False,False,True,False,isolation_forest
fault_windings_d13_d19_r026_s1500_t52,1500,52,windings,D13,D19,22.200000000000003,3,0.5475631712073129,1,1,True,True,True,2,0.6442198515047475,2,2,True,True,True,6,0.5876103843762374,4,4,True,True,True,0.0,0.2,False,True,True,False,isolation_forest
fault_windings_d13_d19_r026_s1500_t64,1500,64,windings,D13,D19,22.200000000000003,3,0.5159812454772644,0,0,False,False,True,2,0.6289250319834637,2,2,True,True,True,6,0.5724415925000801,1,1,True,True,True,0.0,0.2,False,False,True,False,isolation_forest
fault_windings_d13_d19_r026_s1500_t80,1500,80,windings,D13,D19,22.200000000000003,3,0.5516310318050649,1,1,True,True,True,2,0.6138142294644816,2,2,True,True,True,6,0.5456195338580894,1,1,True,True,True,0.0,0.2,False,True,True,False,isolation_forest
fault_windings_d13_d19_r026_s1800_t52,1800,52,windings,D13,D19,22.200000000000003,3,0.5290160214415675,0,0,False,False,True,2,0.6563696212887296,2,2,True,True,True,6,0.6025412408250469,4,4,True,True,True,0.0,0.2,False,False,True,False,isolation_forest
fault_windings_d13_d19_r026_s1800_t64,1800,64,windings,D13,D19,22.200000000000003,3,0.5531073505489013,2,2,True,True,True,2,0.6212021321681417,2,2,True,True,True,6,0.6094852777742796,2,2,True,True,True,0.0,0.2,False,True,True,False,isolation_forest
fault_windings_d13_d19_r026_s1800_t80,1800,80,windings,D13,D19,22.200000000000003,3,0.5081125586154175,0,0,False,False,True,2,0.6245225396211247,2,2,True,True,True,6,0.5844491934481526,2,2,True,True,True,0.0,0.2,False,False,True,False,isolation_forest
fault_windings_d16_d18_r026_s1200_t52,1200,52,windings,D16,D18,3.199999999999996,3,0.5465049985429831,1,1,True,True,True,2,0.5621654492341241,1,1,True,True,True,6,0.5499765761964899,1,1,True,True,True,0.0,0.2,False,True,True,False,isolation_forest
fault_windings_d16_d18_r026_s1200_t64,1200,64,windings,D16,D18,3.199999999999996,3,0.5760252697622997,2,2,True,True,True,2,0.5587562929714798,2,2,True,True,True,6,0.5823635337909749,5,5,True,True,True,0.0,0.2,False,True,True,False,isolation_forest
fault_windings_d16_d18_r026_s1200_t80,1200,80,windings,D16,D18,3.199999999999996,3,0.5521605748571813,2,2,True,True,True,2,0.5349836170083304,0,0,False,False,True,6,0.5481488046999915,2,2,True,True,True,,,True,True,False,False,isolation_forest
fault_windings_d16_d18_r026_s1500_t52,1500,52,windings,D16,D18,3.199999999999996,3,0.5476074117684436,2,2,True,True,True,2,0.5500464211495274,1,1,True,True,True,6,0.6165956655930479,5,5,True,True,True,1.0,0.4,False,True,True,False,isolation_forest
fault_windings_d16_d18_r026_s1500_t64,1500,64,windings,D16,D18,3.199999999999996,3,0.5197825961539203,0,0,False,False,True,2,0.5291138104058242,0,0,False,False,True,6,0.5631684253281198,1,1,True,True,True,,,True,False,False,False,isolation_forest
fault_windings_d16_d18_r026_s1500_t80,1500,80,windings,D16,D18,3.199999999999996,3,0.5430007022571349,1,1,True,True,True,2,0.514867138424199,0,0,False,False,True,6,0.5338967178780356,0,0,False,False,True,,,True,True,False,False,isolation_forest
fault_windings_d16_d18_r026_s1800_t52,1800,52,windings,D16,D18,3.199999999999996,3,0.5852989825247817,3,3,True,True,True,2,0.5806957768894244,2,2,True,True,True,6,0.5806652041247287,6,6,True,True,True,0.0,0.2,False,True,True,False,isolation_forest
fault_windings_d16_d18_r026_s1800_t64,1800,64,windings,D16,D18,3.199999999999996,3,0.5510566752748051,2,2,True,True,True,2,0.5502254229037596,1,1,True,True,True,6,0.554831077474616,3,3,True,True,True,1.0,0.4,False,True,True,False,isolation_forest
fault_windings_d16_d18_r026_s1800_t80,1800,80,windings,D16,D18,3.199999999999996,3,0.5562477816546161,2,2,True,True,True,2,0.5580345627245181,1,1,True,True,True,6,0.5521248112818422,3,3,True,True,True,1.0,0.4,False,True,True,False,isolation_forest
fault_windings_d16_d19_r026_s1200_t52,1200,52,windings,D16,D19,10.6,3,0.5339156438500754,0,0,False,False,True,2,0.5934979407597796,2,2,True,True,True,6,0.5869535668384414,5,5,True,True,True,0.0,0.2,False,False,True,False,isolation_forest
fault_windings_d16_d19_r026_s1200_t64,1200,64,windings,D16,D19,10.6,3,0.5372731844508335,0,0,False,False,True,2,0.5296449420624504,0,0,False,False,True,6,0.5357024682564636,0,0,False,False,True,,,True,False,False,False,isolation_forest
fault_windings_d16_d19_r026_s1200_t80,1200,80,windings,D16,D19,10.6,3,0.5253976664630851,0,0,False,False,True,2,0.5434724320617893,1,1,True,True,True,6,0.5396640484626798,0,0,False,False,True,0.0,0.2,False,False,True,False,isolation_forest
fault_windings_d16_d19_r026_s1500_t52,1500,52,windings,D16,D19,10.6,3,0.5870122117659732,3,3,True,True,True,2,0.6155452329756949,2,2,True,True,True,6,0.5791593616591962,4,4,True,True,True,0.0,0.2,False,True,True,False,isolation_forest
fault_windings_d16_d19_r026_s1500_t64,1500,64,windings,D16,D19,10.6,3,0.5228227062564406,0,0,False,False,True,2,0.5387532702290962,0,0,False,False,True,6,0.5480432850510377,1,1,True,True,True,,,True,False,False,False,isolation_forest
fault_windings_d16_d19_r026_s1500_t80,1500,80,windings,D16,D19,10.6,3,0.5296744068991355,0,0,False,False,True,2,0.5560653699603483,1,1,True,True,True,6,0.5503321295347996,1,1,True,True,True,1.0,0.4,False,False,True,False,isolation_forest
fault_windings_d16_d19_r026_s1800_t52,1800,52,windings,D16,D19,10.6,3,0.5878996393733,2,2,True,True,True,2,0.6265733285297354,1,1,True,True,True,6,0.6286084454438446,5,5,True,True,True,1.0,0.4,False,True,True,False,isolation_forest
fault_windings_d16_d19_r026_s1800_t64,1800,64,windings,D16,D19,10.6,3,0.6315048012453667,3,3,True,True,True,2,0.5672310457812458,2,2,True,True,True,6,0.6056373450838496,6,6,True,True,True,0.0,0.2,False,True,True,False,isolation_forest
fault_windings_d16_d19_r026_s1800_t80,1800,80,windings,D16,D19,10.6,3,0.5324085754689925,0,0,False,False,True,2,0.5370573400649907,0,0,False,False,True,6,0.5289008856261346,0,0,False,False,True,,,True,False,False,False,isolation_forest
fault_turns_d01_d04_r026_s1200_t52,1200,52,turns,D01,D04,12.04,3,1013.6441856197486,0,0,False,False,True,2,9106.738571075566,1,1,True,True,True,6,371.50175457528445,0,0,False,False,True,1.0,0.4,False,False,True,False,min_cov_det
fault_turns_d01_d04_r026_s1200_t64,1200,64,turns,D01,D04,12.04,3,621.5187464434298,0,0,False,False,True,2,5951.829603095939,2,2,True,True,True,6,367.4516699511096,0,0,False,False,True,0.0,0.2,False,False,True,False,min_cov_det
fault_turns_d01_d04_r026_s1200_t80,1200,80,turns,D01,D04,12.04,3,263.1120924639349,0,0,False,False,True,2,2136.086892056312,0,0,False,False,True,6,151.06230133454892,0,0,False,False,True,,,True,False,False,False,min_cov_det
fault_turns_d01_d04_r026_s1500_t52,1500,52,turns,D01,D04,12.04,3,1894.8739927363863,0,0,False,False,True,2,8545.459601136492,1,1,True,True,True,6,2721.135521721793,1,1,True,True,True,1.0,0.4,False,False,True,False,min_cov_det
fault_turns_d01_d04_r026_s1500_t64,1500,64,turns,D01,D04,12.04,3,2019.1668437530604,0,0,False,False,True,2,6279.749184586263,1,1,True,True,True,6,2874.204913217053,1,1,True,True,True,1.0,0.4,False,False,True,False,min_cov_det
fault_turns_d01_d04_r026_s1500_t80,1500,80,turns,D01,D04,12.04,3,2497.327366351187,0,0,False,False,True,2,2635.907210235558,1,1,True,True,True,6,2988.4695091729727,1,1,True,True,True,1.0,0.4,False,False,True,False,min_cov_det
fault_turns_d01_d04_r026_s1800_t52,1800,52,turns,D01,D04,12.04,3,306.94740250537313,0,0,False,False,True,2,4990.503933656124,2,2,True,True,True,6,1023.2233154033394,0,0,False,False,True,0.0,0.2,False,False,True,False,min_cov_det
fault_turns_d01_d04_r026_s1800_t64,1800,64,turns,D01,D04,12.04,3,432.18932464231324,0,0,False,False,True,2,7551.853596000029,2,2,True,True,True,6,416.89901575909124,0,0,False,False,True,0.0,0.2,False,False,True,False,min_cov_det
fault_turns_d01_d04_r026_s1800_t80,1800,80,turns,D01,D04,12.04,3,126.70631690301774,0,0,False,False,True,2,2633.636572123029,1,1,True,True,True,6,2992.6643436472987,1,1,True,True,True,0.0,0.2,False,False,True,False,min_cov_det
fault_turns_d02_d03_r026_s1200_t52,1200,52,turns,D02,D03,7.689999999999999,3,771.014153981082,0,0,False,False,True,2,677.7954522459341,0,0,False,False,True,6,369.5275839692556,0,0,False,False,True,,,True,False,False,False,min_cov_det
fault_turns_d02_d03_r026_s1200_t64,1200,64,turns,D02,D03,7.689999999999999,3,393.14133733735804,0,0,False,False,True,2,534.9441310950718,0,0,False,False,True,6,250.53399800466642,0,0,False,False,True,,,True,False,False,False,min_cov_det
fault_turns_d02_d03_r026_s1200_t80,1200,80,turns,D02,D03,7.689999999999999,3,240.40879612768026,0,0,False,False,True,2,727.4771670580033,0,0,False,False,True,6,181.17987664777328,0,0,False,False,True,,,True,False,False,False,min_cov_det
fault_turns_d02_d03_r026_s1500_t52,1500,52,turns,D02,D03,7.689999999999999,3,1585.1270224670375,0,0,False,False,True,2,1269.0935655240346,0,0,False,False,True,6,2045.1678176278876,0,0,False,False,True,,,True,False,False,False,min_cov_det
fault_turns_d02_d03_r026_s1500_t64,1500,64,turns,D02,D03,7.689999999999999,3,2998.209523643455,1,1,True,True,True,2,2345.25105704177,0,0,False,False,True,6,2531.693086463283,1,1,True,True,True,,,True,True,False,False,min_cov_det
fault_turns_d02_d03_r026_s1500_t80,1500,80,turns,D02,D03,7.689999999999999,3,2123.4394164865325,0,0,False,False,True,2,2789.4351366398505,2,2,True,True,True,6,2223.3024658615304,0,0,False,False,True,0.0,0.2,False,False,True,False,min_cov_det
fault_turns_d02_d03_r026_s1800_t52,1800,52,turns,D02,D03,7.689999999999999,3,1322.018530708172,0,0,False,False,True,2,685.2978890630119,0,0,False,False,True,6,978.6034727736966,0,0,False,False,True,,,True,False,False,False,min_cov_det
fault_turns_d02_d03_r026_s1800_t64,1800,64,turns,D02,D03,7.689999999999999,3,183.2382524862452,0,0,False,False,True,2,151.74741155232448,0,0,False,False,True,6,188.33144220583554,0,0,False,False,True,,,True,False,False,False,min_cov_det
fault_turns_d02_d03_r026_s1800_t80,1800,80,turns,D02,D03,7.689999999999999,3,157.61168643064983,0,0,False,False,True,2,161.929671656085,0,0,False,False,True,6,290.2093820752483,0,0,False,False,True,,,True,False,False,False,min_cov_det
fault_turns_d05_d08_r026_s1200_t52,1200,52,turns,D05,D08,12.1,3,552.6325691977889,0,0,False,False,True,2,2529.700742418822,1,1,True,True,True,6,190.67409549265415,0,0,False,False,True,1.0,0.4,False,False,True,False,min_cov_det
fault_turns_d05_d08_r026_s1200_t64,1200,64,turns,D05,D08,12.1,3,135.11396569657992,0,0,False,False,True,2,711.3856293037641,0,0,False,False,True,6,176.13464824257485,0,0,False,False,True,,,True,False,False,False,min_cov_det
fault_turns_d05_d08_r026_s1200_t80,1200,80,turns,D05,D08,12.1,3,151.4682947554964,0,0,False,False,True,2,1005.7082324535268,0,0,False,False,True,6,191.09325377686125,0,0,False,False,True,,,True,False,False,False,min_cov_det
fault_turns_d05_d08_r026_s1500_t52,1500,52,turns,D05,D08,12.1,3,4919.2868531998865,1,1,True,True,True,2,4279.598903938818,1,1,True,True,True,6,4612.725384723814,3,3,True,True,True,0.0,0.2,False,True,True,False,min_cov_det
fault_turns_d05_d08_r026_s1500_t64,1500,64,turns,D05,D08,12.1,3,2077.998924618567,0,0,False,False,True,2,2570.248061657112,1,1,True,True,True,6,2939.8613532338613,1,1,True,True,True,1.0,0.4,False,False,True,False,min_cov_det
fault_turns_d05_d08_r026_s1500_t80,1500,80,turns,D05,D08,12.1,3,2834.5891612856153,2,2,True,True,True,2,1058.2194545788323,0,0,False,False,True,6,144413.15928696268,5,5,True,True,True,,,True,True,False,False,min_cov_det
fault_turns_d05_d08_r026_s1800_t52,1800,52,turns,D05,D08,12.1,3,258.2748008058857,0,0,False,False,True,2,1643.0281609307976,0,0,False,False,True,6,1263.896511102383,0,0,False,False,True,,,True,False,False,False,min_cov_det
fault_turns_d05_d08_r026_s1800_t64,1800,64,turns,D05,D08,12.1,3,541.6016542318858,0,0,False,False,True,2,1345.078603961415,0,0,False,False,True,6,1119.1903349423405,0,0,False,False,True,,,True,False,False,False,min_cov_det
fault_turns_d05_d08_r026_s1800_t80,1800,80,turns,D05,D08,12.1,3,345.5702086399828,0,0,False,False,True,2,987.9873455220797,0,0,False,False,True,6,427.12122283730145,0,0,False,False,True,,,True,False,False,False,min_cov_det
fault_turns_d06_d07_r026_s1200_t52,1200,52,turns,D06,D07,7.399999999999999,3,229.4885907283618,0,0,False,False,True,2,468.42251943360486,0,0,False,False,True,6,463.6898055933099,0,0,False,False,True,,,True,False,False,False,min_cov_det
fault_turns_d06_d07_r026_s1200_t64,1200,64,turns,D06,D07,7.399999999999999,3,264.6093229200679,0,0,False,False,True,2,929.3511364863602,0,0,False,False,True,6,136.01550793219778,0,0,False,False,True,,,True,False,False,False,min_cov_det
fault_turns_d06_d07_r026_s1200_t80,1200,80,turns,D06,D07,7.399999999999999,3,319.4782386100321,0,0,False,False,True,2,423.0662922171742,0,0,False,False,True,6,129.66581584136833,0,0,False,False,True,,,True,False,False,False,min_cov_det
fault_turns_d06_d07_r026_s1500_t52,1500,52,turns,D06,D07,7.399999999999999,3,2325.1233127825835,0,0,False,False,True,2,2538.6349909319824,1,1,True,True,True,6,2829.094133422315,1,1,True,True,True,0.0,0.2,False,False,True,False,min_cov_det
fault_turns_d06_d07_r026_s1500_t64,1500,64,turns,D06,D07,7.399999999999999,3,2306.0481665432676,0,0,False,False,True,2,2539.6885510352104,1,1,True,True,True,6,3113.1989437842326,1,1,True,True,True,0.0,0.2,False,False,True,False,min_cov_det
fault_turns_d06_d07_r026_s1500_t80,1500,80,turns,D06,D07,7.399999999999999,3,2319.7404465478103,0,0,False,False,True,2,2268.249720190618,0,0,False,False,True,6,2718.87544798628,1,1,True,True,True,,,True,False,False,False,min_cov_det
fault_turns_d06_d07_r026_s1800_t52,1800,52,turns,D06,D07,7.399999999999999,3,428.7434997107002,0,0,False,False,True,2,712.472035720622,0,0,False,False,True,6,601.4525101360379,0,0,False,False,True,,,True,False,False,False,min_cov_det
fault_turns_d06_d07_r026_s1800_t64,1800,64,turns,D06,D07,7.399999999999999,3,918.4108006529667,0,0,False,False,True,2,532.4180075244764,0,0,False,False,True,6,1244.5256940882869,0,0,False,False,True,,,True,False,False,False,min_cov_det
fault_turns_d06_d07_r026_s1800_t80,1800,80,turns,D06,D07,7.399999999999999,3,138.58246992674793,0,0,False,False,True,2,397.95606534116297,0,0,False,False,True,6,720.3427823461872,0,0,False,False,True,,,True,False,False,False,min_cov_det
fault_turns_d09_d10_r026_s1200_t52,1200,52,turns,D09,D10,2.799999999999997,3,307.7069826119155,0,0,False,False,True,2,332.13934282442347,0,0,False,False,True,6,309.4403394858096,0,0,False,False,True,,,True,False,False,False,min_cov_det
fault_turns_d09_d10_r026_s1200_t64,1200,64,turns,D09,D10,2.799999999999997,3,294.7937211816587,0,0,False,False,True,2,290.03764906780424,0,0,False,False,True,6,271.0368006981931,0,0,False,False,True,,,True,False,False,False,min_cov_det
fault_turns_d09_d10_r026_s1200_t80,1200,80,turns,D09,D10,2.799999999999997,3,248.82132421598362,0,0,False,False,True,2,559.2496036300712,0,0,False,False,True,6,279.9053250318299,0,0,False,False,True,,,True,False,False,False,min_cov_det
fault_turns_d09_d10_r026_s1500_t52,1500,52,turns,D09,D10,2.799999999999997,3,1729.9624507684555,0,0,False,False,True,2,2649.397777071001,1,1,True,True,True,6,3165.085247595849,3,3,True,True,True,1.0,0.4,False,False,True,False,min_cov_det
fault_turns_d09_d10_r026_s1500_t64,1500,64,turns,D09,D10,2.799999999999997,3,5109.949593000935,1,1,True,True,True,2,2529.8380221730395,1,1,True,True,True,6,2084.996919705122,0,0,False,False,True,0.0,0.2,False,True,True,False,min_cov_det
fault_turns_d09_d10_r026_s1500_t80,1500,80,turns,D09,D10,2.799999999999997,3,1928.6034508268824,0,0,False,False,True,2,1820.1601749453448,0,0,False,False,True,6,2362.3222310224746,0,0,False,False,True,,,True,False,False,False,min_cov_det
fault_turns_d09_d10_r026_s1800_t52,1800,52,turns,D09,D10,2.799999999999997,3,259.0544873459598,0,0,False,False,True,2,954.7721724944215,0,0,False,False,True,6,5600.206634302558,2,2,True,True,True,,,True,False,False,False,min_cov_det
fault_turns_d09_d10_r026_s1800_t64,1800,64,turns,D09,D10,2.799999999999997,3,1208.3479560244689,0,0,False,False,True,2,497.96033483956063,0,0,False,False,True,6,1224.347158214919,0,0,False,False,True,,,True,False,False,False,min_cov_det
fault_turns_d09_d10_r026_s1800_t80,1800,80,turns,D09,D10,2.799999999999997,3,224.18942662116896,0,0,False,False,True,2,547.136430368292,0,0,False,False,True,6,507.4432059268328,0,0,False,False,True,,,True,False,False,False,min_cov_det
fault_turns_d11_d12_r026_s1200_t52,1200,52,turns,D11,D12,2.699999999999996,3,222.4673022127322,0,0,False,False,True,2,253.32474932229587,0,0,False,False,True,6,399.9708646897201,0,0,False,False,True,,,True,False,False,False,min_cov_det
fault_turns_d11_d12_r026_s1200_t64,1200,64,turns,D11,D12,2.699999999999996,3,500.5887403691249,0,0,False,False,True,2,380.3243632498401,0,0,False,False,True,6,507.26274898103475,0,0,False,False,True,,,True,False,False,False,min_cov_det
fault_turns_d11_d12_r026_s1200_t80,1200,80,turns,D11,D12,2.699999999999996,3,198.07982372128924,0,0,False,False,True,2,96.76207758547827,0,0,False,False,True,6,153.46382186288065,0,0,False,False,True,,,True,False,False,False,min_cov_det
fault_turns_d11_d12_r026_s1500_t52,1500,52,turns,D11,D12,2.699999999999996,3,2243.866406780104,0,0,False,False,True,2,1714.7393850021258,0,0,False,False,True,6,2500.4091308738666,0,0,False,False,True,,,True,False,False,False,min_cov_det
fault_turns_d11_d12_r026_s1500_t64,1500,64,turns,D11,D12,2.699999999999996,3,2767.2749952147283,3,3,True,True,True,2,2700.3160492258803,1,1,True,True,True,6,3819.2583677825965,1,1,True,True,True,1.0,0.4,False,True,True,False,min_cov_det
fault_turns_d11_d12_r026_s1500_t80,1500,80,turns,D11,D12,2.699999999999996,3,1885.7661688996525,0,0,False,False,True,2,2923.21216035653,2,2,True,True,True,6,3606.0610145731875,2,2,True,True,True,0.0,0.2,False,False,True,False,min_cov_det
fault_turns_d11_d12_r026_s1800_t52,1800,52,turns,D11,D12,2.699999999999996,3,6305.434744256382,1,1,True,True,True,2,590.4561535418953,0,0,False,False,True,6,920.5856213201763,0,0,False,False,True,,,True,True,False,False,min_cov_det
fault_turns_d11_d12_r026_s1800_t64,1800,64,turns,D11,D12,2.699999999999996,3,1273.7288903480414,0,0,False,False,True,2,550.6956583894257,0,0,False,False,True,6,4624.889625587971,2,2,True,True,True,,,True,False,False,False,min_cov_det
fault_turns_d11_d12_r026_s1800_t80,1800,80,turns,D11,D12,2.699999999999996,3,239.39256691652724,0,0,False,False,True,2,73.25225747008366,0,0,False,False,True,6,3414.119953948485,1,1,True,True,True,,,True,False,False,False,min_cov_det
fault_turns_d13_d16_r026_s1200_t52,1200,52,turns,D13,D16,11.6,3,930.0475380878598,0,0,False,False,True,2,1224.8709254315922,0,0,False,False,True,6,173.3143996945327,0,0,False,False,True,,,True,False,False,False,min_cov_det
fault_turns_d13_d16_r026_s1200_t64,1200,64,turns,D13,D16,11.6,3,78.21002182302963,0,0,False,False,True,2,634.845859186733,0,0,False,False,True,6,342.32146526986685,0,0,False,False,True,,,True,False,False,False,min_cov_det
fault_turns_d13_d16_r026_s1200_t80,1200,80,turns,D13,D16,11.6,3,199.85124797625465,0,0,False,False,True,2,356.9635059711186,0,0,False,False,True,6,100.09982327881322,0,0,False,False,True,,,True,False,False,False,min_cov_det
fault_turns_d13_d16_r026_s1500_t52,1500,52,turns,D13,D16,11.6,3,2863.564425828257,1,1,True,True,True,2,2744.4655383959675,1,1,True,True,True,6,2385.589463720453,0,0,False,False,True,1.0,0.4,False,True,True,False,min_cov_det
fault_turns_d13_d16_r026_s1500_t64,1500,64,turns,D13,D16,11.6,3,1895.7106246705282,0,0,False,False,True,2,1754.2646592093156,0,0,False,False,True,6,1958.5687613351806,0,0,False,False,True,,,True,False,False,False,min_cov_det
fault_turns_d13_d16_r026_s1500_t80,1500,80,turns,D13,D16,11.6,3,2458.851196310648,0,0,False,False,True,2,2235.3155686415093,0,0,False,False,True,6,2686.1234773248643,2,2,True,True,True,,,True,False,False,False,min_cov_det
fault_turns_d13_d16_r026_s1800_t52,1800,52,turns,D13,D16,11.6,3,282.7969636217029,0,0,False,False,True,2,12566.454477765456,1,1,True,True,True,6,246.3925780704141,0,0,False,False,True,1.0,0.4,False,False,True,False,min_cov_det
fault_turns_d13_d16_r026_s1800_t64,1800,64,turns,D13,D16,11.6,3,476.8984690223732,0,0,False,False,True,2,6483.168502787349,1,1,True,True,True,6,371.1451177797102,0,0,False,False,True,1.0,0.4,False,False,True,False,min_cov_det
fault_turns_d13_d16_r026_s1800_t80,1800,80,turns,D13,D16,11.6,3,138.5630256818517,0,0,False,False,True,2,3197.201710524763,1,1,True,True,True,6,293.22407436983684,0,0,False,False,True,1.0,0.4,False,False,True,False,min_cov_det
fault_turns_d14_d15_r026_s1200_t52,1200,52,turns,D14,D15,7.400000000000006,3,594.978970718719,0,0,False,False,True,2,438.41405774452113,0,0,False,False,True,6,502.14964835079405,0,0,False,False,True,,,True,False,False,False,min_cov_det
fault_turns_d14_d15_r026_s1200_t64,1200,64,turns,D14,D15,7.400000000000006,3,316.45973498423547,0,0,False,False,True,2,329.4753640593249,0,0,False,False,True,6,256.81701799656474,0,0,False,False,True,,,True,False,False,False,min_cov_det
fault_turns_d14_d15_r026_s1200_t80,1200,80,turns,D14,D15,7.400000000000006,3,357.7598483004544,0,0,False,False,True,2,299.6923267055588,0,0,False,False,True,6,326.777917258252,0,0,False,False,True,,,True,False,False,False,min_cov_det
fault_turns_d14_d15_r026_s1500_t52,1500,52,turns,D14,D15,7.400000000000006,3,1053.7858715215496,0,0,False,False,True,2,1642.872590205654,0,0,False,False,True,6,1818.9111423339293,0,0,False,False,True,,,True,False,False,False,min_cov_det
fault_turns_d14_d15_r026_s1500_t64,1500,64,turns,D14,D15,7.400000000000006,3,1499.7003100104935,0,0,False,False,True,2,1962.0308621968495,0,0,False,False,True,6,2272.3947749563563,0,0,False,False,True,,,True,False,False,False,min_cov_det
fault_turns_d14_d15_r026_s1500_t80,1500,80,turns,D14,D15,7.400000000000006,3,2728.684184313157,2,2,True,True,True,2,3338.186301829981,1,1,True,True,True,6,2636.6088575117424,1,1,True,True,True,0.0,0.2,False,True,True,False,min_cov_det
fault_turns_d14_d15_r026_s1800_t52,1800,52,turns,D14,D15,7.400000000000006,3,171.8152786223514,0,0,False,False,True,2,388.9064555129861,0,0,False,False,True,6,4988.943485275965,1,1,True,True,True,,,True,False,False,False,min_cov_det
fault_turns_d14_d15_r026_s1800_t64,1800,64,turns,D14,D15,7.400000000000006,3,111.37863630104495,0,0,False,False,True,2,255.34087901905775,0,0,False,False,True,6,275.2885024647604,0,0,False,False,True,,,True,False,False,False,min_cov_det
fault_turns_d14_d15_r026_s1800_t80,1800,80,turns,D14,D15,7.400000000000006,3,125.1522113321698,0,0,False,False,True,2,133.07610129261752,0,0,False,False,True,6,96.71766161629174,0,0,False,False,True,,,True,False,False,False,min_cov_det
fault_turns_d17_d20_r026_s1200_t52,1200,52,turns,D17,D20,11.599999999999994,3,376.06583327991996,0,0,False,False,True,2,7646.096686824653,2,2,True,True,True,6,196.8660608287211,0,0,False,False,True,0.0,0.2,False,False,True,False,min_cov_det
fault_turns_d17_d20_r026_s1200_t64,1200,64,turns,D17,D20,11.599999999999994,3,392.91481067698476,0,0,False,False,True,2,4489.623570131187,1,1,True,True,True,6,228.1263134158508,0,0,False,False,True,1.0,0.4,False,False,True,False,min_cov_det
fault_turns_d17_d20_r026_s1200_t80,1200,80,turns,D17,D20,11.599999999999994,3,272.4640616541075,0,0,False,False,True,2,2527.5745617160323,1,1,True,True,True,6,331.7242406400718,0,0,False,False,True,1.0,0.4,False,False,True,False,min_cov_det
fault_turns_d17_d20_r026_s1500_t52,1500,52,turns,D17,D20,11.599999999999994,3,1649.375591541178,0,0,False,False,True,2,4877.920960173432,1,1,True,True,True,6,1656.5992925433404,0,0,False,False,True,1.0,0.4,False,False,True,False,min_cov_det
fault_turns_d17_d20_r026_s1500_t64,1500,64,turns,D17,D20,11.599999999999994,3,2518.6356978188937,1,1,True,True,True,2,2851.9135951747526,1,1,True,True,True,6,2496.6231792458307,0,0,False,False,True,1.0,0.4,False,True,True,False,min_cov_det
fault_turns_d17_d20_r026_s1500_t80,1500,80,turns,D17,D20,11.599999999999994,3,2122.8572290871884,0,0,False,False,True,2,2421.669568997128,0,0,False,False,True,6,2568.6136594713334,1,1,True,True,True,,,True,False,False,False,min_cov_det
fault_turns_d17_d20_r026_s1800_t52,1800,52,turns,D17,D20,11.599999999999994,3,385.5239208152305,0,0,False,False,True,2,2987.7904651187673,1,1,True,True,True,6,273.3385811045526,0,0,False,False,True,1.0,0.4,False,False,True,False,min_cov_det
fault_turns_d17_d20_r026_s1800_t64,1800,64,turns,D17,D20,11.599999999999994,3,135.24923367630566,0,0,False,False,True,2,1573.0557766790698,0,0,False,False,True,6,299.08098014475434,0,0,False,False,True,,,True,False,False,False,min_cov_det
fault_turns_d17_d20_r026_s1800_t80,1800,80,turns,D17,D20,11.599999999999994,3,113.75488358302611,0,0,False,False,True,2,1511.3619485439142,0,0,False,False,True,6,264.43571658869035,0,0,False,False,True,,,True,False,False,False,min_cov_det
fault_turns_d18_d19_r026_s1200_t52,1200,52,turns,D18,D19,7.400000000000006,3,376.15408142501195,0,0,False,False,True,2,394.8182309395332,0,0,False,False,True,6,380.8928641901488,0,0,False,False,True,,,True,False,False,False,min_cov_det
fault_turns_d18_d19_r026_s1200_t64,1200,64,turns,D18,D19,7.400000000000006,3,258.0762906784716,0,0,False,False,True,2,192.71605337935216,0,0,False,False,True,6,249.1183755416899,0,0,False,False,True,,,True,False,False,False,min_cov_det
fault_turns_d18_d19_r026_s1200_t80,1200,80,turns,D18,D19,7.400000000000006,3,229.7084582113928,0,0,False,False,True,2,231.9183052103507,0,0,False,False,True,6,89.27713233408568,0,0,False,False,True,,,True,False,False,False,min_cov_det
fault_turns_d18_d19_r026_s1500_t52,1500,52,turns,D18,D19,7.400000000000006,3,1053.7017094811401,0,0,False,False,True,2,1339.0603186989063,0,0,False,False,True,6,2889.6035155245527,2,2,True,True,True,,,True,False,False,False,min_cov_det
fault_turns_d18_d19_r026_s1500_t64,1500,64,turns,D18,D19,7.400000000000006,3,1864.0871234560375,0,0,False,False,True,2,2499.232165238965,0,0,False,False,True,6,2938.2977486498057,1,1,True,True,True,,,True,False,False,False,min_cov_det
fault_turns_d18_d19_r026_s1500_t80,1500,80,turns,D18,D19,7.400000000000006,3,1501.742364984482,0,0,False,False,True,2,2627.527181395531,1,1,True,True,True,6,3012.154727622001,2,2,True,True,True,1.0,0.4,False,False,True,False,min_cov_det
fault_turns_d18_d19_r026_s1800_t52,1800,52,turns,D18,D19,7.400000000000006,3,149.78704820033818,0,0,False,False,True,2,789.5203353345983,0,0,False,False,True,6,279.8967890140907,0,0,False,False,True,,,True,False,False,False,min_cov_det
fault_turns_d18_d19_r026_s1800_t64,1800,64,turns,D18,D19,7.400000000000006,3,348.80899014297455,0,0,False,False,True,2,399.94366847350443,0,0,False,False,True,6,191.21032613150186,0,0,False,False,True,,,True,False,False,False,min_cov_det
fault_turns_d18_d19_r026_s1800_t80,1800,80,turns,D18,D19,7.400000000000006,3,165.5468567107248,0,0,False,False,True,2,480.62935409541564,0,0,False,False,True,6,354.56902724533177,0,0,False,False,True,,,True,False,False,False,min_cov_det
fault_turns_d21_d22_r026_s1200_t52,1200,52,turns,D21,D22,3.8000000000000114,3,403.96748483959254,0,0,False,False,True,2,619.0491312008,0,0,False,False,True,6,448.6220392244051,0,0,False,False,True,,,True,False,False,False,min_cov_det
fault_turns_d21_d22_r026_s1200_t64,1200,64,turns,D21,D22,3.8000000000000114,3,690.5783350615671,0,0,False,False,True,2,224.41662699787906,0,0,False,False,True,6,265.65286444698324,0,0,False,False,True,,,True,False,False,False,min_cov_det
fault_turns_d21_d22_r026_s1200_t80,1200,80,turns,D21,D22,3.8000000000000114,3,253.8733064774524,0,0,False,False,True,2,91.68899468647236,0,0,False,False,True,6,636.5639176755567,0,0,False,False,True,,,True,False,False,False,min_cov_det
fault_turns_d21_d22_r026_s1500_t52,1500,52,turns,D21,D22,3.8000000000000114,3,2530.705859101376,1,1,True,True,True,2,2650.4503753643007,1,1,True,True,True,6,4355.6628848901255,1,1,True,True,True,1.0,0.4,False,True,True,False,min_cov_det
fault_turns_d21_d22_r026_s1500_t64,1500,64,turns,D21,D22,3.8000000000000114,3,2462.1595885064007,0,0,False,False,True,2,1903.8031654589652,0,0,False,False,True,6,4069.318490758811,4,4,True,True,True,,,True,False,False,False,min_cov_det
fault_turns_d21_d22_r026_s1500_t80,1500,80,turns,D21,D22,3.8000000000000114,3,2571.586115103805,1,1,True,True,True,2,2740.1316077013366,1,1,True,True,True,6,2146.4741415565104,0,0,False,False,True,1.0,0.4,False,True,True,False,min_cov_det
fault_turns_d21_d22_r026_s1800_t52,1800,52,turns,D21,D22,3.8000000000000114,3,403.2464549597668,0,0,False,False,True,2,224.21851695172842,0,0,False,False,True,6,323.4705027131689,0,0,False,False,True,,,True,False,False,False,min_cov_det
fault_turns_d21_d22_r026_s1800_t64,1800,64,turns,D21,D22,3.8000000000000114,3,221.09605002610013,0,0,False,False,True,2,134.58252911959624,0,0,False,False,True,6,491.02085823963347,0,0,False,False,True,,,True,False,False,False,min_cov_det
fault_turns_d21_d22_r026_s1800_t80,1800,80,turns,D21,D22,3.8000000000000114,3,280.51265847760806,0,0,False,False,True,2,4876.222817045014,1,1,True,True,True,6,310.66311119336495,0,0,False,False,True,0.0,0.2,False,False,True,False,min_cov_det
fault_turns_d23_d24_r026_s1200_t52,1200,52,turns,D23,D24,2.800000000000012,3,505.2041971651516,0,0,False,False,True,2,737.6725009736596,0,0,False,False,True,6,1154.7080093397672,0,0,False,False,True,,,True,False,False,False,min_cov_det
fault_turns_d23_d24_r026_s1200_t64,1200,64,turns,D23,D24,2.800000000000012,3,452.60215259582924,0,0,False,False,True,2,317.6170605577681,0,0,False,False,True,6,251.70282429387834,0,0,False,False,True,,,True,False,False,False,min_cov_det
fault_turns_d23_d24_r026_s1200_t80,1200,80,turns,D23,D24,2.800000000000012,3,398.12407672852254,0,0,False,False,True,2,136.3524697018864,0,0,False,False,True,6,302.3415322437668,0,0,False,False,True,,,True,False,False,False,min_cov_det
fault_turns_d23_d24_r026_s1500_t52,1500,52,turns,D23,D24,2.800000000000012,3,4013.7699219380256,1,1,True,True,True,2,1632.3503576449814,0,0,False,False,True,6,2158.3768782453853,0,0,False,False,True,,,True,True,False,False,min_cov_det
fault_turns_d23_d24_r026_s1500_t64,1500,64,turns,D23,D24,2.800000000000012,3,1917.15355343886,0,0,False,False,True,2,2774.8687746006194,1,1,True,True,True,6,2380.977781264972,0,0,False,False,True,0.0,0.2,False,False,True,False,min_cov_det
fault_turns_d23_d24_r026_s1500_t80,1500,80,turns,D23,D24,2.800000000000012,3,2396.0095246275846,0,0,False,False,True,2,2600.8222855133995,1,1,True,True,True,6,2301.8897782367753,0,0,False,False,True,0.0,0.2,False,False,True,False,min_cov_det
fault_turns_d23_d24_r026_s1800_t52,1800,52,turns,D23,D24,2.800000000000012,3,149.4015701969522,0,0,False,False,True,2,280.82262041010415,0,0,False,False,True,6,338.6426015145806,0,0,False,False,True,,,True,False,False,False,min_cov_det
fault_turns_d23_d24_r026_s1800_t64,1800,64,turns,D23,D24,2.800000000000012,3,516.4764700395559,0,0,False,False,True,2,182.60533801538617,0,0,False,False,True,6,1190.3946046638573,0,0,False,False,True,,,True,False,False,False,min_cov_det
fault_turns_d23_d24_r026_s1800_t80,1800,80,turns,D23,D24,2.800000000000012,3,269.3126880154188,0,0,False,False,True,2,523.8239235237022,0,0,False,False,True,6,1406.2159985369333,0,0,False,False,True,,,True,False,False,False,min_cov_det
fault_windings_d01_d06_r026_s1200_t52,1200,52,windings,D01,D06,14.34,3,579.1310082159214,0,0,False,False,True,2,27790.579274159398,2,2,True,True,True,6,2586.6542222962407,1,1,True,True,True,0.0,0.2,False,False,True,False,min_cov_det
fault_windings_d01_d06_r026_s1200_t64,1200,64,windings,D01,D06,14.34,3,543.5043437854129,0,0,False,False,True,2,17697.218869531527,2,2,True,True,True,6,737.8619820389645,0,0,False,False,True,0.0,0.2,False,False,True,False,min_cov_det
fault_windings_d01_d06_r026_s1200_t80,1200,80,windings,D01,D06,14.34,3,111.88109743555924,0,0,False,False,True,2,10789.875989416925,2,2,True,True,True,6,133.01749013737515,0,0,False,False,True,0.0,0.2,False,False,True,False,min_cov_det
fault_windings_d01_d06_r026_s1500_t52,1500,52,windings,D01,D06,14.34,3,3177.185796376729,1,1,True,True,True,2,55992.49965078934,2,2,True,True,True,6,4668.649714768285,1,1,True,True,True,0.0,0.2,False,True,True,False,min_cov_det
fault_windings_d01_d06_r026_s1500_t64,1500,64,windings,D01,D06,14.34,3,1815.107695338284,0,0,False,False,True,2,36020.932979599274,2,2,True,True,True,6,5080.465239590155,2,2,True,True,True,0.0,0.2,False,False,True,False,min_cov_det
fault_windings_d01_d06_r026_s1500_t80,1500,80,windings,D01,D06,14.34,3,2366.3500281177453,0,0,False,False,True,2,14931.453631777333,2,2,True,True,True,6,3273.352696720679,2,2,True,True,True,0.0,0.2,False,False,True,False,min_cov_det
fault_windings_d01_d06_r026_s1800_t52,1800,52,windings,D01,D06,14.34,3,282.80772896245577,0,0,False,False,True,2,47726.37116613502,2,2,True,True,True,6,864.3569595334056,0,0,False,False,True,0.0,0.2,False,False,True,False,min_cov_det
fault_windings_d01_d06_r026_s1800_t64,1800,64,windings,D01,D06,14.34,3,187.47568581572136,0,0,False,False,True,2,30054.585262079214,1,1,True,True,True,6,690.1574566000462,0,0,False,False,True,1.0,0.4,False,False,True,False,min_cov_det
fault_windings_d01_d06_r026_s1800_t80,1800,80,windings,D01,D06,14.34,3,220.85589294830106,0,0,False,False,True,2,16368.325634061113,1,1,True,True,True,6,1124.4577982710168,0,0,False,False,True,1.0,0.4,False,False,True,False,min_cov_det
fault_windings_d01_d07_r026_s1200_t52,1200,52,windings,D01,D07,21.74,3,253.15643137841624,0,0,False,False,True,2,282369.8789832705,2,2,True,True,True,6,3875.7205680333855,1,1,True,True,True,0.0,0.2,False,False,True,False,min_cov_det
fault_windings_d01_d07_r026_s1200_t64,1200,64,windings,D01,D07,21.74,3,123.10302862293865,0,0,False,False,True,2,112889.78892566965,2,2,True,True,True,6,4284.974418327436,1,1,True,True,True,0.0,0.2,False,False,True,False,min_cov_det
fault_windings_d01_d07_r026_s1200_t80,1200,80,windings,D01,D07,21.74,3,182.34816219096797,0,0,False,False,True,2,62648.93930238598,2,2,True,True,True,6,689.8874314680359,0,0,False,False,True,0.0,0.2,False,False,True,False,min_cov_det
fault_windings_d01_d07_r026_s1500_t52,1500,52,windings,D01,D07,21.74,3,2154.5921875213476,0,0,False,False,True,2,997503.0230055226,2,2,True,True,True,6,17946.09678975321,3,3,True,True,True,0.0,0.2,False,False,True,False,min_cov_det
fault_windings_d01_d07_r026_s1500_t64,1500,64,windings,D01,D07,21.74,3,2240.301237941207,0,0,False,False,True,2,508689.93767776026,2,2,True,True,True,6,12221.501365062637,2,2,True,True,True,0.0,0.2,False,False,True,False,min_cov_det
fault_windings_d01_d07_r026_s1500_t80,1500,80,windings,D01,D07,21.74,3,2306.36640476471,0,0,False,False,True,2,173416.44056916438,2,2,True,True,True,6,6648.7327837706935,2,2,True,True,True,0.0,0.2,False,False,True,False,min_cov_det
fault_windings_d01_d07_r026_s1800_t52,1800,52,windings,D01,D07,21.74,3,128.51550099496384,0,0,False,False,True,2,1440283.9119110464,2,2,True,True,True,6,80887.12624613153,2,2,True,True,True,0.0,0.2,False,False,True,False,min_cov_det
fault_windings_d01_d07_r026_s1800_t64,1800,64,windings,D01,D07,21.74,3,130.11969689809422,0,0,False,False,True,2,1098920.7903155622,2,2,True,True,True,6,24329.665217241796,1,1,True,True,True,0.0,0.2,False,False,True,False,min_cov_det
fault_windings_d01_d07_r026_s1800_t80,1800,80,windings,D01,D07,21.74,3,204.18051667577205,0,0,False,False,True,2,386454.86909807613,2,2,True,True,True,6,11785.354050299222,1,1,True,True,True,0.0,0.2,False,False,True,False,min_cov_det
fault_windings_d04_d06_r026_s1200_t52,1200,52,windings,D04,D06,2.3000000000000007,3,460.73218889847743,0,0,False,False,True,2,755.5148054061381,0,0,False,False,True,6,396.07114623953527,0,0,False,False,True,,,True,False,False,False,min_cov_det
fault_windings_d04_d06_r026_s1200_t64,1200,64,windings,D04,D06,2.3000000000000007,3,577.95619561129,0,0,False,False,True,2,790.9484255134174,0,0,False,False,True,6,807.9686428718741,0,0,False,False,True,,,True,False,False,False,min_cov_det
fault_windings_d04_d06_r026_s1200_t80,1200,80,windings,D04,D06,2.3000000000000007,3,1129.0520745891952,0,0,False,False,True,2,430.568426326473,0,0,False,False,True,6,627.757115486888,0,0,False,False,True,,,True,False,False,False,min_cov_det
fault_windings_d04_d06_r026_s1500_t52,1500,52,windings,D04,D06,2.3000000000000007,3,1301.97570659234,0,0,False,False,True,2,2694.749654405669,1,1,True,True,True,6,9797.742470119101,1,1,True,True,True,0.0,0.2,False,False,True,False,min_cov_det
fault_windings_d04_d06_r026_s1500_t64,1500,64,windings,D04,D06,2.3000000000000007,3,1879.7983325350772,0,0,False,False,True,2,2940.1656144558556,1,1,True,True,True,6,4210.210291101932,2,2,True,True,True,0.0,0.2,False,False,True,False,min_cov_det
fault_windings_d04_d06_r026_s1500_t80,1500,80,windings,D04,D06,2.3000000000000007,3,1985.503310985113,0,0,False,False,True,2,2469.1522466175734,0,0,False,False,True,6,2495.7376624809945,0,0,False,False,True,,,True,False,False,False,min_cov_det
fault_windings_d04_d06_r026_s1800_t52,1800,52,windings,D04,D06,2.3000000000000007,3,1677.3782319436716,0,0,False,False,True,2,4153.32933042677,1,1,True,True,True,6,18338.61098970192,3,3,True,True,True,0.0,0.2,False,False,True,False,min_cov_det
fault_windings_d04_d06_r026_s1800_t64,1800,64,windings,D04,D06,2.3000000000000007,3,8790.61465395073,1,1,True,True,True,2,8960.502816376978,2,2,True,True,True,6,3147.749068473014,1,1,True,True,True,0.0,0.2,False,True,True,False,min_cov_det
fault_windings_d04_d06_r026_s1800_t80,1800,80,windings,D04,D06,2.3000000000000007,3,285.8626026210716,0,0,False,False,True,2,2483.3859240521165,0,0,False,False,True,6,1558.4567966499083,0,0,False,False,True,,,True,False,False,False,min_cov_det
fault_windings_d04_d07_r026_s1200_t52,1200,52,windings,D04,D07,9.7,3,1492.019790207488,0,0,False,False,True,2,11247.03370745917,2,2,True,True,True,6,3670.4386395447013,1,1,True,True,True,0.0,0.2,False,False,True,False,min_cov_det
fault_windings_d04_d07_r026_s1200_t64,1200,64,windings,D04,D07,9.7,3,453.7983801343525,0,0,False,False,True,2,5974.274949625671,1,1,True,True,True,6,1452.7512043640563,0,0,False,False,True,1.0,0.4,False,False,True,False,min_cov_det
fault_windings_d04_d07_r026_s1200_t80,1200,80,windings,D04,D07,9.7,3,1013.4964023288816,0,0,False,False,True,2,3721.6521877942246,1,1,True,True,True,6,1377.0445542661275,0,0,False,False,True,1.0,0.4,False,False,True,False,min_cov_det
fault_windings_d04_d07_r026_s1500_t52,1500,52,windings,D04,D07,9.7,3,1147.342002434219,0,0,False,False,True,2,8720.943105792037,1,1,True,True,True,6,3751.132944197964,3,3,True,True,True,1.0,0.4,False,False,True,False,min_cov_det
fault_windings_d04_d07_r026_s1500_t64,1500,64,windings,D04,D07,9.7,3,1617.0785967552547,0,0,False,False,True,2,4243.066005434467,1,1,True,True,True,6,4427.872729980277,3,3,True,True,True,1.0,0.4,False,False,True,False,min_cov_det
fault_windings_d04_d07_r026_s1500_t80,1500,80,windings,D04,D07,9.7,3,2213.999784575252,0,0,False,False,True,2,3709.0028040493244,1,1,True,True,True,6,2871.2530180063477,1,1,True,True,True,0.0,0.2,False,False,True,False,min_cov_det
fault_windings_d04_d07_r026_s1800_t52,1800,52,windings,D04,D07,9.7,3,1464.0020733246927,0,0,False,False,True,2,2610.164944146958,1,1,True,True,True,6,1334.5482947287048,0,0,False,False,True,1.0,0.4,False,False,True,False,min_cov_det
fault_windings_d04_d07_r026_s1800_t64,1800,64,windings,D04,D07,9.7,3,3948.770206269222,1,1,True,True,True,2,2963.0349396006422,1,1,True,True,True,6,6757.574598152659,1,1,True,True,True,1.0,0.4,False,True,True,False,min_cov_det
fault_windings_d04_d07_r026_s1800_t80,1800,80,windings,D04,D07,9.7,3,313.84620027728585,0,0,False,False,True,2,1921.7024922603632,0,0,False,False,True,6,539.0551735742132,0,0,False,False,True,,,True,False,False,False,min_cov_det
fault_windings_d11_d21_r026_s1200_t52,1200,52,windings,D11,D21,36.39999999999999,3,392.73969326847845,0,0,False,False,True,2,12436788.611230584,2,2,True,True,True,6,344172.52084973827,2,2,True,True,True,0.0,0.2,False,False,True,False,min_cov_det
fault_windings_d11_d21_r026_s1200_t64,1200,64,windings,D11,D21,36.39999999999999,3,499.8689300562257,0,0,False,False,True,2,3897170.312792254,2,2,True,True,True,6,50627.72844493494,2,2,True,True,True,0.0,0.2,False,False,True,False,min_cov_det
fault_windings_d11_d21_r026_s1200_t80,1200,80,windings,D11,D21,36.39999999999999,3,218.21735360307648,0,0,False,False,True,2,2206727.3999524754,2,2,True,True,True,6,31895.310097519592,1,1,True,True,True,0.0,0.2,False,False,True,False,min_cov_det
fault_windings_d11_d21_r026_s1500_t52,1500,52,windings,D11,D21,36.39999999999999,3,1546.5017694517676,0,0,False,False,True,2,29203549.622510053,2,2,True,True,True,6,1243165.973729711,3,3,True,True,True,0.0,0.2,False,False,True,False,min_cov_det
fault_windings_d11_d21_r026_s1500_t64,1500,64,windings,D11,D21,36.39999999999999,3,2043.410227546592,0,0,False,False,True,2,19978302.44826656,2,2,True,True,True,6,250200.17502255223,3,3,True,True,True,0.0,0.2,False,False,True,False,min_cov_det
fault_windings_d11_d21_r026_s1500_t80,1500,80,windings,D11,D21,36.39999999999999,3,2175.8120949558315,0,0,False,False,True,2,8352200.994050549,2,2,True,True,True,6,81961.3546205725,4,4,True,True,True,0.0,0.2,False,False,True,False,min_cov_det
fault_windings_d11_d21_r026_s1800_t52,1800,52,windings,D11,D21,36.39999999999999,3,2891.369398891077,1,1,True,True,True,2,13513984.529159535,2,2,True,True,True,6,3651023.808937107,4,4,True,True,True,0.0,0.2,False,True,True,False,min_cov_det
fault_windings_d11_d21_r026_s1800_t64,1800,64,windings,D11,D21,36.39999999999999,3,180.6346895673515,0,0,False,False,True,2,37943444.418028325,2,2,True,True,True,6,755897.5125152271,2,2,True,True,True,0.0,0.2,False,False,True,False,min_cov_det
fault_windings_d11_d21_r026_s1800_t80,1800,80,windings,D11,D21,36.39999999999999,3,119.3147994833123,0,0,False,False,True,2,15065385.655316481,2,2,True,True,True,6,398397.0019751923,2,2,True,True,True,0.0,0.2,False,False,True,False,min_cov_det
fault_windings_d11_d22_r026_s1200_t52,1200,52,windings,D11,D22,40.2,3,648.2790561788014,0,0,False,False,True,2,28671953.893618885,2,2,True,True,True,6,416881.2619116137,2,2,True,True,True,0.0,0.2,False,False,True,False,min_cov_det
fault_windings_d11_d22_r026_s1200_t64,1200,64,windings,D11,D22,40.2,3,87.32168165046852,0,0,False,False,True,2,8469025.614418294,2,2,True,True,True,6,159772.5513129372,2,2,True,True,True,0.0,0.2,False,False,True,False,min_cov_det
fault_windings_d11_d22_r026_s1200_t80,1200,80,windings,D11,D22,40.2,3,169.871183623086,0,0,False,False,True,2,3663431.338000893,2,2,True,True,True,6,80372.16092613504,2,2,True,True,True,0.0,0.2,False,False,True,False,min_cov_det
fault_windings_d11_d22_r026_s1500_t52,1500,52,windings,D11,D22,40.2,3,2287.6548726583396,0,0,False,False,True,2,19861309.6248745,2,2,True,True,True,6,899144.3890939064,3,3,True,True,True,0.0,0.2,False,False,True,False,min_cov_det
fault_windings_d11_d22_r026_s1500_t64,1500,64,windings,D11,D22,40.2,3,2692.1895312996917,1,1,True,True,True,2,30643610.010434385,2,2,True,True,True,6,463788.7864631224,3,3,True,True,True,0.0,0.2,False,True,True,False,min_cov_det
fault_windings_d11_d22_r026_s1500_t80,1500,80,windings,D11,D22,40.2,3,2829.948966888347,2,2,True,True,True,2,11088735.75185518,2,2,True,True,True,6,245716.4092572937,3,3,True,True,True,0.0,0.2,False,True,True,False,min_cov_det
fault_windings_d11_d22_r026_s1800_t52,1800,52,windings,D11,D22,40.2,3,196.43524303184412,0,0,False,False,True,2,11558477.423385983,2,2,True,True,True,6,2130402.6981608854,4,4,True,True,True,0.0,0.2,False,False,True,False,min_cov_det
fault_windings_d11_d22_r026_s1800_t64,1800,64,windings,D11,D22,40.2,3,305.56907938301464,0,0,False,False,True,2,25260800.55091117,2,2,True,True,True,6,1141627.7702961809,2,2,True,True,True,0.0,0.2,False,False,True,False,min_cov_det
fault_windings_d11_d22_r026_s1800_t80,1800,80,windings,D11,D22,40.2,3,252.75412247002564,0,0,False,False,True,2,31054840.49719983,2,2,True,True,True,6,629284.1663335301,2,2,True,True,True,0.0,0.2,False,False,True,False,min_cov_det
fault_windings_d12_d21_r026_s1200_t52,1200,52,windings,D12,D21,33.7,3,300.93575192501703,0,0,False,False,True,2,5165510.869484117,2,2,True,True,True,6,158541.3748462154,2,2,True,True,True,0.0,0.2,False,False,True,False,min_cov_det
fault_windings_d12_d21_r026_s1200_t64,1200,64,windings,D12,D21,33.7,3,126.45351106538554,0,0,False,False,True,2,1856967.5850839277,2,2,True,True,True,6,36890.42300879702,2,2,True,True,True,0.0,0.2,False,False,True,False,min_cov_det
fault_windings_d12_d21_r026_s1200_t80,1200,80,windings,D12,D21,33.7,3,310.34483868905073,0,0,False,False,True,2,739208.960064867,2,2,True,True,True,6,24720.864721390302,1,1,True,True,True,0.0,0.2,False,False,True,False,min_cov_det
fault_windings_d12_d21_r026_s1500_t52,1500,52,windings,D12,D21,33.7,3,2059.5502589830094,0,0,False,False,True,2,29037422.075264387,2,2,True,True,True,6,684893.384045378,2,2,True,True,True,0.0,0.2,False,False,True,False,min_cov_det
fault_windings_d12_d21_r026_s1500_t64,1500,64,windings,D12,D21,33.7,3,1342.6470305472437,0,0,False,False,True,2,10682971.10861633,2,2,True,True,True,6,206949.21245441295,2,2,True,True,True,0.0,0.2,False,False,True,False,min_cov_det
fault_windings_d12_d21_r026_s1500_t80,1500,80,windings,D12,D21,33.7,3,2516.044844557449,1,1,True,True,True,2,3981481.412396739,2,2,True,True,True,6,29233.44680135171,2,2,True,True,True,0.0,0.2,False,True,True,False,min_cov_det
fault_windings_d12_d21_r026_s1800_t52,1800,52,windings,D12,D21,33.7,3,431.0363426481379,0,0,False,False,True,2,28970323.527953334,2,2,True,True,True,6,1302322.994399456,3,3,True,True,True,0.0,0.2,False,False,True,False,min_cov_det
fault_windings_d12_d21_r026_s1800_t64,1800,64,windings,D12,D21,33.7,3,130.70473364298684,0,0,False,False,True,2,29409327.53577655,2,2,True,True,True,6,206756.26569736534,2,2,True,True,True,0.0,0.2,False,False,True,False,min_cov_det
fault_windings_d12_d21_r026_s1800_t80,1800,80,windings,D12,D21,33.7,3,115.3010436374404,0,0,False,False,True,2,9188217.403273795,2,2,True,True,True,6,159974.85041599505,2,2,True,True,True,0.0,0.2,False,False,True,False,min_cov_det
fault_windings_d12_d22_r026_s1200_t52,1200,52,windings,D12,D22,37.50000000000001,3,242.81809444347766,0,0,False,False,True,2,12627517.846274713,2,2,True,True,True,6,299881.78478851274,2,2,True,True,True,0.0,0.2,False,False,True,False,min_cov_det
fault_windings_d12_d22_r026_s1200_t64,1200,64,windings,D12,D22,37.50000000000001,3,161.22764196296012,0,0,False,False,True,2,5934121.404877143,2,2,True,True,True,6,85939.22975446099,2,2,True,True,True,0.0,0.2,False,False,True,False,min_cov_det
fault_windings_d12_d22_r026_s1200_t80,1200,80,windings,D12,D22,37.50000000000001,3,289.7181605484253,0,0,False,False,True,2,1248026.0919198957,2,2,True,True,True,6,28722.533590572366,2,2,True,True,True,0.0,0.2,False,False,True,False,min_cov_det
fault_windings_d12_d22_r026_s1500_t52,1500,52,windings,D12,D22,37.50000000000001,3,1558.9279600362356,0,0,False,False,True,2,25141893.588589087,2,2,True,True,True,6,690306.3373017386,2,2,True,True,True,0.0,0.2,False,False,True,False,min_cov_det
fault_windings_d12_d22_r026_s1500_t64,1500,64,windings,D12,D22,37.50000000000001,3,2536.3163403992207,1,1,True,True,True,2,19176560.820969116,2,2,True,True,True,6,282644.9149996212,2,2,True,True,True,0.0,0.2,False,True,True,False,min_cov_det
fault_windings_d12_d22_r026_s1500_t80,1500,80,windings,D12,D22,37.50000000000001,3,2661.133493272225,2,2,True,True,True,2,7642537.279468176,2,2,True,True,True,6,164093.75638106008,3,3,True,True,True,0.0,0.2,False,True,True,False,min_cov_det
fault_windings_d12_d22_r026_s1800_t52,1800,52,windings,D12,D22,37.50000000000001,3,192.21479711811952,0,0,False,False,True,2,12143232.350291472,2,2,True,True,True,6,1692149.2750688603,2,2,True,True,True,0.0,0.2,False,False,True,False,min_cov_det
fault_windings_d12_d22_r026_s1800_t64,1800,64,windings,D12,D22,37.50000000000001,3,231.280864584786,0,0,False,False,True,2,36154643.30310355,2,2,True,True,True,6,1033293.2919783301,2,2,True,True,True,0.0,0.2,False,False,True,False,min_cov_det
fault_windings_d12_d22_r026_s1800_t80,1800,80,windings,D12,D22,37.50000000000001,3,138.1188359086425,0,0,False,False,True,2,18502357.760121405,2,2,True,True,True,6,311091.47066295147,2,2,True,True,True,0.0,0.2,False,False,True,False,min_cov_det
fault_windings_d13_d18_r026_s1200_t52,1200,52,windings,D13,D18,14.799999999999995,3,470.5116315879426,0,0,False,False,True,2,7967.262218289119,1,1,True,True,True,6,2722.8433897189298,1,1,True,True,True,1.0,0.4,False,False,True,False,min_cov_det
fault_windings_d13_d18_r026_s1200_t64,1200,64,windings,D13,D18,14.799999999999995,3,394.1277802085235,0,0,False,False,True,2,5906.661366007873,1,1,True,True,True,6,491.4586574233595,0,0,False,False,True,1.0,0.4,False,False,True,False,min_cov_det
fault_windings_d13_d18_r026_s1200_t80,1200,80,windings,D13,D18,14.799999999999995,3,268.21437710661337,0,0,False,False,True,2,3305.160054814836,1,1,True,True,True,6,116.3848115775845,0,0,False,False,True,1.0,0.4,False,False,True,False,min_cov_det
fault_windings_d13_d18_r026_s1500_t52,1500,52,windings,D13,D18,14.799999999999995,3,1846.8346225680257,0,0,False,False,True,2,25445.61217365077,1,1,True,True,True,6,3000.0425948098364,1,1,True,True,True,1.0,0.4,False,False,True,False,min_cov_det
fault_windings_d13_d18_r026_s1500_t64,1500,64,windings,D13,D18,14.799999999999995,3,2182.646986267981,0,0,False,False,True,2,10351.726445420616,1,1,True,True,True,6,3371.453893405921,3,3,True,True,True,1.0,0.4,False,False,True,False,min_cov_det
fault_windings_d13_d18_r026_s1500_t80,1500,80,windings,D13,D18,14.799999999999995,3,2340.3591736811886,0,0,False,False,True,2,5189.498376428821,1,1,True,True,True,6,2992.417433419553,2,2,True,True,True,1.0,0.4,False,False,True,False,min_cov_det
fault_windings_d13_d18_r026_s1800_t52,1800,52,windings,D13,D18,14.799999999999995,3,368.5926910618305,0,0,False,False,True,2,55094.99094696586,2,2,True,True,True,6,6805.846363494591,2,2,True,True,True,0.0,0.2,False,False,True,False,min_cov_det
fault_windings_d13_d18_r026_s1800_t64,1800,64,windings,D13,D18,14.799999999999995,3,406.8079331832812,0,0,False,False,True,2,27698.874908695405,2,2,True,True,True,6,196.4659064302169,0,0,False,False,True,0.0,0.2,False,False,True,False,min_cov_det
fault_windings_d13_d18_r026_s1800_t80,1800,80,windings,D13,D18,14.799999999999995,3,212.22002481256658,0,0,False,False,True,2,14836.915673427191,2,2,True,True,True,6,286.32250379739185,0,0,False,False,True,0.0,0.2,False,False,True,False,min_cov_det
fault_windings_d13_d19_r026_s1200_t52,1200,52,windings,D13,D19,22.200000000000003,3,531.1324491617565,0,0,False,False,True,2,169450.06196769074,2,2,True,True,True,6,1111.5091039062074,0,0,False,False,True,0.0,0.2,False,False,True,False,min_cov_det
fault_windings_d13_d19_r026_s1200_t64,1200,64,windings,D13,D19,22.200000000000003,3,294.1433930533822,0,0,False,False,True,2,51899.252880924534,2,2,True,True,True,6,823.2866989582349,0,0,False,False,True,0.0,0.2,False,False,True,False,min_cov_det
fault_windings_d13_d19_r026_s1200_t80,1200,80,windings,D13,D19,22.200000000000003,3,148.94737913598567,0,0,False,False,True,2,26563.7937851072,2,2,True,True,True,6,463.5065648782867,0,0,False,False,True,0.0,0.2,False,False,True,False,min_cov_det
fault_windings_d13_d19_r026_s1500_t52,1500,52,windings,D13,D19,22.200000000000003,3,1833.5353389982758,0,0,False,False,True,2,844251.9673825527,2,2,True,True,True,6,10871.37295534186,3,3,True,True,True,0.0,0.2,False,False,True,False,min_cov_det
fault_windings_d13_d19_r026_s1500_t64,1500,64,windings,D13,D19,22.200000000000003,3,1599.6223507666234,0,0,False,False,True,2,161333.91155290083,2,2,True,True,True,6,9180.096137458298,2,2,True,True,True,0.0,0.2,False,False,True,False,min_cov_det
fault_windings_d13_d19_r026_s1500_t80,1500,80,windings,D13,D19,22.200000000000003,3,2590.594275457066,1,1,True,True,True,2,115971.49917728108,2,2,True,True,True,6,4522.053628905478,2,2,True,True,True,0.0,0.2,False,True,True,False,min_cov_det
fault_windings_d13_d19_r026_s1800_t52,1800,52,windings,D13,D19,22.200000000000003,3,123.86652490653718,0,0,False,False,True,2,1682954.3661835226,2,2,True,True,True,6,66340.5626215282,2,2,True,True,True,0.0,0.2,False,False,True,False,min_cov_det
fault_windings_d13_d19_r026_s1800_t64,1800,64,windings,D13,D19,22.200000000000003,3,265.39673244605467,0,0,False,False,True,2,596848.710688851,2,2,True,True,True,6,13787.900921840766,2,2,True,True,True,0.0,0.2,False,False,True,False,min_cov_det
fault_windings_d13_d19_r026_s1800_t80,1800,80,windings,D13,D19,22.200000000000003,3,186.09346408701194,0,0,False,False,True,2,378879.9282129873,2,2,True,True,True,6,2839.6092145233506,1,1,True,True,True,0.0,0.2,False,False,True,False,min_cov_det
fault_windings_d16_d18_r026_s1200_t52,1200,52,windings,D16,D18,3.199999999999996,3,498.9775497937915,0,0,False,False,True,2,1276.8241765816383,0,0,False,False,True,6,1027.5097973831234,0,0,False,False,True,,,True,False,False,False,min_cov_det
fault_windings_d16_d18_r026_s1200_t64,1200,64,windings,D16,D18,3.199999999999996,3,892.3914214439127,0,0,False,False,True,2,1264.4057638834279,0,0,False,False,True,6,1939.4509087273093,0,0,False,False,True,,,True,False,False,False,min_cov_det
fault_windings_d16_d18_r026_s1200_t80,1200,80,windings,D16,D18,3.199999999999996,3,2743.1944522423955,1,1,True,True,True,2,927.2323821659799,0,0,False,False,True,6,2241.8270348246233,0,0,False,False,True,,,True,True,False,False,min_cov_det
fault_windings_d16_d18_r026_s1500_t52,1500,52,windings,D16,D18,3.199999999999996,3,1405.813685710383,0,0,False,False,True,2,1567.5203445815325,0,0,False,False,True,6,3519.6019652739255,4,4,True,True,True,,,True,False,False,False,min_cov_det
fault_windings_d16_d18_r026_s1500_t64,1500,64,windings,D16,D18,3.199999999999996,3,2209.3477753924253,0,0,False,False,True,2,1463.5403008480332,0,0,False,False,True,6,3883.684331607004,4,4,True,True,True,,,True,False,False,False,min_cov_det
fault_windings_d16_d18_r026_s1500_t80,1500,80,windings,D16,D18,3.199999999999996,3,3195.446358188508,1,1,True,True,True,2,2178.613987222103,0,0,False,False,True,6,2904.539180918531,1,1,True,True,True,,,True,True,False,False,min_cov_det
fault_windings_d16_d18_r026_s1800_t52,1800,52,windings,D16,D18,3.199999999999996,3,1256.478722468541,0,0,False,False,True,2,378.67950481574843,0,0,False,False,True,6,3105.848334748747,1,1,True,True,True,,,True,False,False,False,min_cov_det
fault_windings_d16_d18_r026_s1800_t64,1800,64,windings,D16,D18,3.199999999999996,3,739.6681234983538,0,0,False,False,True,2,380.6035635446376,0,0,False,False,True,6,825.5710279150078,0,0,False,False,True,,,True,False,False,False,min_cov_det
fault_windings_d16_d18_r026_s1800_t80,1800,80,windings,D16,D18,3.199999999999996,3,781.146114971191,0,0,False,False,True,2,267.17109311145197,0,0,False,False,True,6,3388.220650803672,1,1,True,True,True,,,True,False,False,False,min_cov_det
fault_windings_d16_d19_r026_s1200_t52,1200,52,windings,D16,D19,10.6,3,932.759261170948,0,0,False,False,True,2,4557.451742853658,1,1,True,True,True,6,1386.8283847741557,0,0,False,False,True,1.0,0.4,False,False,True,False,min_cov_det
fault_windings_d16_d19_r026_s1200_t64,1200,64,windings,D16,D19,10.6,3,562.9412213980694,0,0,False,False,True,2,1249.281151078265,0,0,False,False,True,6,1511.8417353826803,0,0,False,False,True,,,True,False,False,False,min_cov_det
fault_windings_d16_d19_r026_s1200_t80,1200,80,windings,D16,D19,10.6,3,202.56461593275378,0,0,False,False,True,2,724.4446341495108,0,0,False,False,True,6,444.6757474794319,0,0,False,False,True,,,True,False,False,False,min_cov_det
fault_windings_d16_d19_r026_s1500_t52,1500,52,windings,D16,D19,10.6,3,7156.010461192022,3,3,True,True,True,2,17722.265946575604,1,1,True,True,True,6,3937.282020456722,1,1,True,True,True,1.0,0.4,False,True,True,False,min_cov_det
fault_windings_d16_d19_r026_s1500_t64,1500,64,windings,D16,D19,10.6,3,4041.724376984062,3,3,True,True,True,2,1677.1337181373299,0,0,False,False,True,6,1915.020072642229,0,0,False,False,True,,,True,True,False,False,min_cov_det
fault_windings_d16_d19_r026_s1500_t80,1500,80,windings,D16,D19,10.6,3,1933.5552077509203,0,0,False,False,True,2,2138.7779245977704,0,0,False,False,True,6,3686.013765692673,2,2,True,True,True,,,True,False,False,False,min_cov_det
fault_windings_d16_d19_r026_s1800_t52,1800,52,windings,D16,D19,10.6,3,988.7236010170976,0,0,False,False,True,2,5736.41762079241,1,1,True,True,True,6,12892.788007089572,2,2,True,True,True,1.0,0.4,False,False,True,False,min_cov_det
fault_windings_d16_d19_r026_s1800_t64,1800,64,windings,D16,D19,10.6,3,2872.5597710114607,1,1,True,True,True,2,1236.9663064982524,0,0,False,False,True,6,3873.460536209746,2,2,True,True,True,,,True,True,False,False,min_cov_det
fault_windings_d16_d19_r026_s1800_t80,1800,80,windings,D16,D19,10.6,3,897.2759328967243,0,0,False,False,True,2,796.6781776179633,0,0,False,False,True,6,1129.0204128309515,0,0,False,False,True,,,True,False,False,False,min_cov_det
